id,category_id,tkpi_code,name,normalized_name,item_type,source_reference,water_g,energy_kcal,protein_g,fat_g,carbohydrate_g,fiber_g,ash_g,calcium_mg,phosphorus_mg,iron_mg,sodium_mg,potassium_mg,copper_mg,zinc_mg,retinol_mcg,beta_carotene_mcg,total_carotene_mcg,thiamin_mg,riboflavin_mg,niacin_mg,vitamin_c_mg,edible_portion_percent,source_file,source_record_hash,imported_at,updated_at
1,1,AR001,"Beras giling, mentah","beras giling mentah",single,KZGMI-2001,12.0,357.0,8.4,1.7,77.1,0.2,0.8,147.0,81.0,1.8,27.0,71.0,0.1,0.5,0.0,0.0,0.0,0.2,0.08,2.6,0.0,100.0,4.1_serealia_dan_hasil_olahannya.json,1c331f1f62b56eaa9f981d149ad65cb15e3e8dfaf171398faf5ea24a8fb64127,2026-07-28T08:53:57.563Z,2026-07-28T08:53:57.563Z
2,1,AR002,"Beras giling var pelita, mentah","beras giling var pelita mentah",single,KZGPI-1990,11.4,369.0,9.5,1.4,77.1,0.4,0.6,68.0,171.0,1.4,34.0,0.0,0.0,0.0,0.0,0.0,0.0,0.26,0.0,0.0,0.0,100.0,4.1_serealia_dan_hasil_olahannya.json,95e13330f0b0c4ccf68e6249116956d87837e7d8bd47204f4fe9b80dc808364b,2026-07-28T08:53:57.563Z,2026-07-28T08:53:57.563Z
3,1,AR003,"Beras giling var rojolele, mentah","beras giling var rojolele mentah",single,KZGPI-1990,12.0,357.0,8.4,1.7,77.1,0.2,0.8,147.0,81.0,1.8,34.0,112.9,0.14,0.1,,0.0,80.0,0.2,0.02,1.5,0.0,100.0,4.1_serealia_dan_hasil_olahannya.json,9bf1af0c9312a2ad63e77d6bd97eeb23979b5c38ff92c01f0a2f6828cb6b50f3,2026-07-28T08:53:57.563Z,2026-07-28T08:53:57.563Z
4,1,AR004,"Beras hitam, mentah","beras hitam mentah",single,KZGMI-2001,12.9,351.0,8.0,1.3,76.9,20.1,0.9,6.0,198.0,0.1,15.0,105.0,0.1,1.6,0.0,0.0,0.0,0.21,0.06,0.0,0.0,100.0,4.1_serealia_dan_hasil_olahannya.json,e00a7e5d61edc29cda3f651ff857c70c578cab8069cf0fba41e1dc347ea08ac8,2026-07-28T08:53:57.563Z,2026-07-28T08:53:57.563Z
5,1,AR005,"Beras jagung kuning, kering, mentah","beras jagung kuning kering mentah",single,KZGMI-2001,10.8,358.0,5.5,0.1,82.7,10.0,0.9,20.0,90.0,1.4,1.0,80.0,0.1,4.1,,641.0,,0.12,0.08,1.0,3.0,100.0,4.1_serealia_dan_hasil_olahannya.json,db896d25f143a3c32794e41885c74268e75a01c280825108685f041665d8376f,2026-07-28T08:53:57.563Z,2026-07-28T08:53:57.563Z
6,1,AR006,"Beras jagung putih, kering, mentah","beras jagung putih kering mentah",single,KZGMI-2001,22.5,307.0,4.8,0.1,71.8,10.0,0.8,17.0,78.0,1.2,1.0,70.0,0.1,3.5,,301.0,,0.15,0.07,0.9,0.0,100.0,4.1_serealia_dan_hasil_olahannya.json,0e2edd343934092ee927b3d50753086ec777bfa4bbb9d45e41396ee7c190fcce,2026-07-28T08:53:57.563Z,2026-07-28T08:53:57.563Z
7,1,AR007,"Beras ketan hitam tumbuk, mentah","beras ketan hitam tumbuk mentah",single,KZGPI-1990,13.7,360.0,8.0,2.3,74.5,1.0,1.5,10.0,347.0,6.2,11.0,288.0,0.28,2.2,0.0,0.0,0.0,0.24,0.1,2.0,0.0,100.0,4.1_serealia_dan_hasil_olahannya.json,f5a14b4cbf7b97262f923e0afb8fe1039fa79beefe9ea65d7fa7484105467b2d,2026-07-28T08:53:57.563Z,2026-07-28T08:53:57.563Z
8,1,AR008,"Beras ketan putih tumbuk, mentah","beras ketan putih tumbuk mentah",single,KZGPI-1990,12.9,361.0,7.4,0.8,78.4,0.4,0.5,13.0,157.0,3.4,3.0,282.0,0.28,2.2,0.0,0.0,0.0,0.28,0.0,1.4,0.0,100.0,4.1_serealia_dan_hasil_olahannya.json,723895892de3dd13d10f49c8ad4c124e6e7d758d9aa4944f879b47c21dbe0067,2026-07-28T08:53:57.563Z,2026-07-28T08:53:57.563Z
9,1,AR009,"Beras ladang, mentah","beras ladang mentah",single,KZGMI-2001,9.8,376.0,7.5,3.8,78.0,5.9,0.9,20.0,110.0,0.8,10.0,70.0,0.1,1.4,0.0,0.0,,0.2,0.2,5.1,0.0,100.0,4.1_serealia_dan_hasil_olahannya.json,833fffec5f89c1d0b1160751a9328ced2d0b6f4e5fe0db1ada53e5850283507a,2026-07-28T08:53:57.563Z,2026-07-28T08:53:57.563Z
10,1,AR010,"Beras menir, mentah","beras menir mentah",single,DABM-1964,12.0,362.0,7.7,4.4,73.0,0.2,0.2,22.0,272.0,3.7,90.0,201.0,0.1,0.5,0.0,0.0,,0.55,0.0,1.9,0.0,100.0,4.1_serealia_dan_hasil_olahannya.json,8023f00571c8e875d32bf0e5aac8c6092d0320d6b1173154560ee14ef3c801ff,2026-07-28T08:53:57.563Z,2026-07-28T08:53:57.563Z
11,1,AR011,"Beras parboiled","beras parboiled",single,DABM-1964,10.0,353.0,6.8,0.6,80.0,0.5,2.5,5.0,142.0,0.8,2.0,46.0,0.28,1.0,0.0,0.0,,0.22,0.11,3.4,0.0,100.0,4.1_serealia_dan_hasil_olahannya.json,2e70411bed4ec86688ae6c91298e9b5c2732f9c914283bfb714ba8fca56e6ebf,2026-07-28T08:53:57.563Z,2026-07-28T08:53:57.563Z
12,1,AR012,"Beras tumbuk, mentah","beras tumbuk mentah",single,KZGMI-2001,11.5,354.0,7.8,0.4,79.9,3.8,0.4,3.0,112.0,0.6,5.0,85.0,0.5,1.5,0.0,0.0,,0.25,0.22,5.1,0.0,100.0,4.1_serealia_dan_hasil_olahannya.json,80f356221d41680d9b24f47a9a357307ff1acc7bc2f3807f55f23c2c3d624897,2026-07-28T08:53:57.563Z,2026-07-28T08:53:57.563Z
13,1,AR013,"Beras tumbuk merah, mentah","beras tumbuk merah mentah",single,KZGPI-1990,14.6,352.0,7.3,0.9,76.2,0.8,1.0,15.0,257.0,4.2,10.0,202.0,0.36,1.9,0.0,0.0,0.0,0.34,0.0,3.3,0.0,100.0,4.1_serealia_dan_hasil_olahannya.json,68285d02256a57a8a8e839c91ad3544b81b796d150988053e2d9a908d4d72455,2026-07-28T08:53:57.563Z,2026-07-28T08:53:57.563Z
14,1,AR014,"Cantel, mentah","cantel mentah",single,DABM-1964,11.0,366.0,11.0,3.3,73.0,1.2,1.7,28.0,287.0,4.4,7.0,249.0,,,0.0,0.0,,0.09,0.14,2.8,0.0,100.0,4.1_serealia_dan_hasil_olahannya.json,6ce426df58dba3ed05988a1280ded4b264057a9aed50da4dccaad5a27ffe9947,2026-07-28T08:53:57.563Z,2026-07-28T08:53:57.563Z
15,1,AR015,"Jagung muda, kuning, mentah","jagung muda kuning mentah",single,KZGPI-1990,61.8,147.0,5.1,0.7,31.5,1.3,0.9,6.0,122.0,1.1,5.0,33.6,0.13,0.9,0.0,113.0,261.0,0.24,0.1,0.8,9.0,100.0,4.1_serealia_dan_hasil_olahannya.json,8025d3e326dc00af2b05acf4bb4bc4281fca079853e10e4f53bf22f851188026,2026-07-28T08:53:57.563Z,2026-07-28T08:53:57.563Z
16,1,AR016,"Jagung kuning pipil, kering, mentah","jagung kuning pipil kering mentah",single,KZGPI-1990,11.5,366.0,9.8,7.3,69.1,2.2,2.4,30.0,538.0,2.3,5.0,79.4,0.1,4.1,,636.0,641.0,0.12,0.12,1.8,3.0,100.0,4.1_serealia_dan_hasil_olahannya.json,263d35894236fd4c0a9e3175d378face107803e2d1f9a4f12c30ee79c010c431,2026-07-28T08:53:57.563Z,2026-07-28T08:53:57.563Z
17,1,AR017,"Jagung pipil var, harapan, kering","jagung pipil var harapan kering",single,KZGPI-1990,11.3,367.0,6.2,5.1,76.2,2.6,1.2,7.0,354.0,2.8,1.0,79.6,0.1,4.1,,637.0,385.0,0.19,0.08,1.0,0.0,100.0,4.1_serealia_dan_hasil_olahannya.json,d2b49f68f134c6ae1162a89d87e29ea4be6ef34d279a71270af3aff179b8ef54,2026-07-28T08:53:57.563Z,2026-07-28T08:53:57.563Z
18,1,AR018,"Jagung pipil var, metro, kering","jagung pipil var metro kering",single,KZGPI-1990,10.6,368.0,5.5,4.6,78.0,2.9,1.3,7.0,300.0,2.4,1.0,80.2,0.1,4.1,,642.0,554.0,0.16,0.08,1.0,0.0,100.0,4.1_serealia_dan_hasil_olahannya.json,91774bfc770a4ca68609b0c3473f0e366fdf14d33c02b09e5a43dc7dee8bc774,2026-07-28T08:53:57.563Z,2026-07-28T08:53:57.563Z
19,1,AR019,"Jali, mentah","jali mentah",single,DABM-1964,23.0,324.0,11.0,4.0,61.0,3.1,1.0,213.0,176.0,11.0,24.0,,0.1,0.4,,,,0.14,0.08,1.8,0.0,90.0,4.1_serealia_dan_hasil_olahannya.json,eb4ff93d2af1913fbf6a206304b05209ee7bf6235194b8d3c1f09f95a7dab23c,2026-07-28T08:53:57.563Z,2026-07-28T08:53:57.563Z
20,1,AR020,"Jawawut, mentah","jawawut mentah",single,DABM-1964,11.9,364.0,9.7,3.5,73.4,8.2,1.5,28.0,311.0,5.3,7.0,255.1,0.45,1.5,,33.0,,0.33,0.28,4.5,,100.0,4.1_serealia_dan_hasil_olahannya.json,99dc40c0883baf0c22debc509aeb2580436536372cdac95ef9a559c020a3c6ea,2026-07-28T08:53:57.563Z,2026-07-28T08:53:57.563Z
21,1,AR021,"Jampang huma, mentah","jampang huma mentah",single,DABM-1964,11.7,350.0,6.2,1.4,78.2,1.7,2.5,329.0,254.0,5.3,53.0,396.7,0.7,1.6,,33.0,,0.51,0.3,0.7,0.0,100.0,4.1_serealia_dan_hasil_olahannya.json,25080c3f3e91c8b8c059d6ef708150afd53b400a8eac5d122b0360b5683d387f,2026-07-28T08:53:57.563Z,2026-07-28T08:53:57.563Z
22,1,AP001,Nasi,nasi,processed_composite,KZGPI-1990,56.7,180.0,3.0,0.3,39.8,0.2,0.2,25.0,27.0,0.4,1.0,38.0,0.1,0.6,0.0,0.0,,0.05,0.1,2.6,0.0,100.0,4.1_serealia_dan_hasil_olahannya.json,a72cf5465702c99d3af22d410f588727d03e060a36f2cc570fb648e020a06487,2026-07-28T08:53:57.563Z,2026-07-28T08:53:57.563Z
23,1,AP002,"Nasi tim","nasi tim",processed_composite,OKN-1992,71.0,120.0,2.4,0.4,26.0,0.5,0.2,3.0,7.0,0.4,0.0,23.9,0.1,0.4,,0.0,,0.1,0.0,1.4,0.0,100.0,4.1_serealia_dan_hasil_olahannya.json,c1737e64fa1f409aaccf2d26f8f965ef22b6206c9a1bc02f3b673a9bf1b34241,2026-07-28T08:53:57.563Z,2026-07-28T08:53:57.563Z
24,1,AP003,"Beras, tapai","beras tapai",processed_composite,KZGMI-2001,75.5,99.0,1.7,0.3,22.4,0.0,0.1,4.0,19.0,0.0,26.0,2.0,0.1,0.5,0.0,0.0,0.0,0.0,0.0,0.0,0.0,100.0,4.1_serealia_dan_hasil_olahannya.json,4e306b10c1d121024404e0c76d9d0180731fe38d62e7000be9b61bc576f449ca,2026-07-28T08:53:57.563Z,2026-07-28T08:53:57.563Z
25,1,AP004,"Beras, tepung, mentah","beras tepung mentah",processed_composite,DABM-1964,12.0,353.0,7.0,0.5,80.0,2.4,0.5,5.0,140.0,0.8,5.0,241.0,0.1,0.8,0.0,0.0,0.0,0.12,0.1,1.2,0.0,100.0,4.1_serealia_dan_hasil_olahannya.json,4234b284e9ffec9d82eaea3f7067cc88a292e08c0f055d5a6081555bccd37c22,2026-07-28T08:53:57.563Z,2026-07-28T08:53:57.563Z
26,1,AP005,"Beras merah, Nasi","beras merah nasi",processed_composite,KZGPI-1990,64.0,149.0,2.8,0.4,32.5,0.3,0.3,6.0,63.0,0.8,5.0,91.4,0.2,0.9,0.0,0.0,0.0,0.06,0.0,1.6,0.0,100.0,4.1_serealia_dan_hasil_olahannya.json,5401b5176ed2ac5e7c80dae8552901d775384a44f4d9816bc76e20936e7683f8,2026-07-28T08:53:57.563Z,2026-07-28T08:53:57.563Z
27,1,AP006,"Bihun, mentah","bihun mentah",processed_composite,DABM-1964,12.9,348.0,4.7,0.1,82.1,1.2,0.2,6.0,35.0,1.8,12.0,5.0,0.08,0.7,0.0,0.0,0.0,0.0,0.0,0.2,0.0,100.0,4.1_serealia_dan_hasil_olahannya.json,14220a3f82ac2fda6771deab92a314b52ac08880bbcdd13f8f13aac2d0080cae,2026-07-28T08:53:57.563Z,2026-07-28T08:53:57.563Z
28,1,AP007,"Bihun goreng instan","bihun goreng instan",processed_composite,KZGMS-1993,9.0,381.0,6.1,3.9,80.3,,0.7,266.0,151.0,2.9,928.0,,,,58.0,,400.0,0.37,,,0.0,100.0,4.1_serealia_dan_hasil_olahannya.json,46d9b890b9ffed7c2c47418f42b1db4b407d037c6a3ed22cd1ce1897bb910901,2026-07-28T08:53:57.563Z,2026-07-28T08:53:57.563Z
29,1,AP008,"Bihun Jagung, mentah","bihun jagung mentah",processed_composite,BKP,11.3,354.0,0.5,0.3,87.4,3.0,0.5,13.0,111.0,0.6,49.0,1.4,0.4,0.0,,0.0,0.0,0.02,0.02,0.3,0.0,100.0,4.1_serealia_dan_hasil_olahannya.json,44c184b72915e08c9fe716f7f103101ef56c0e20bd81496fab791be2b25f0271,2026-07-28T08:53:57.563Z,2026-07-28T08:53:57.563Z
30,1,AP009,"Jagung nasi, mentah","jagung nasi mentah",processed_composite,BKP,11.0,357.0,8.8,0.5,79.5,6.2,0.3,5.0,43.0,0.6,2.0,30.4,0.1,0.3,,0.0,0.0,0.3,0.02,0.1,0.0,100.0,4.1_serealia_dan_hasil_olahannya.json,f81da3d32622e679c75900c43381b8f57b04c7aaabb71fc2f48f5baee13442d7,2026-07-28T08:53:57.564Z,2026-07-28T08:53:57.564Z
31,1,AP010,"Jagung muda, rebus","jagung muda rebus",processed_composite,KZGPI-1990,53.2,142.0,5.0,0.7,30.3,0.8,0.8,5.0,105.0,0.8,5.0,24.3,0.2,0.9,,145.0,225.0,0.15,0.0,0.7,0.0,100.0,4.1_serealia_dan_hasil_olahannya.json,958757cc86d91c7b3c8fcf96f3024625da97c420563f3f0832989b28fc1a1f47,2026-07-28T08:53:57.564Z,2026-07-28T08:53:57.564Z
32,1,AP011,"Jagung kuning, tepung","jagung kuning tepung",processed_composite,DABM-1964,12.0,355.0,9.2,3.9,73.7,7.2,1.2,10.0,256.0,2.4,11.0,24.4,0.23,1.7,,0.0,510.0,0.38,0.02,0.3,,100.0,4.1_serealia_dan_hasil_olahannya.json,2f770c7e3ceabe1ab0ddefc2bddd8829f5ca392fb7d522f242586c740696a6b3,2026-07-28T08:53:57.564Z,2026-07-28T08:53:57.564Z
33,1,AP012,"Jagung kuning pipil, rebus","jagung kuning pipil rebus",processed_composite,KZGPI-1990,63.7,154.0,3.8,3.5,28.4,0.7,0.6,7.0,171.0,0.5,5.0,56.4,0.1,4.4,,818.0,234.0,0.08,0.1,1.7,0.0,100.0,4.1_serealia_dan_hasil_olahannya.json,70b8617b1b03d3e37e0e6053b2ad3bacfb4be4339f0bd6cfac5409520f91b5c1,2026-07-28T08:53:57.564Z,2026-07-28T08:53:57.564Z
34,1,AP013,"Jagung, tepung putih","jagung tepung putih",processed_composite,DABM-1964,12.0,355.0,9.2,3.9,73.7,7.2,1.2,10.0,256.0,2.4,11.0,24.4,0.23,1.7,,0.0,0.0,0.38,0.02,0.3,,100.0,4.1_serealia_dan_hasil_olahannya.json,2b96492b55ba1adaf247b7a09d8f5403b9ee67caa3a9ba735bd62a335e9db949,2026-07-28T08:53:57.564Z,2026-07-28T08:53:57.564Z
35,1,AP014,"Ketan, ketupat","ketan ketupat",processed_composite,KZGPI-1990,52.0,212.0,4.0,4.6,38.6,0.2,0.9,8.0,46.0,1.0,,,,,0.0,0.0,0.0,0.07,,0.2,0.0,100.0,4.1_serealia_dan_hasil_olahannya.json,16d0de99f2d42e839c32993ab38ad0191e0271cadd606ea847e8fe158832165b,2026-07-28T08:53:57.564Z,2026-07-28T08:53:57.564Z
36,1,AP015,"Ketan hitam, matang","ketan hitam matang",processed_composite,KZGPI-1990,56.9,181.0,4.0,1.2,37.3,0.3,0.6,9.0,144.0,1.7,9.0,18.4,0.1,0.7,0.0,0.0,0.0,0.06,0.0,0.5,0.0,100.0,4.1_serealia_dan_hasil_olahannya.json,c3255d856e0d8ca654a3d58a7485ab45315b065f6496da5d81b88e1b38e21f6f,2026-07-28T08:53:57.564Z,2026-07-28T08:53:57.564Z
37,1,AP016,"Ketan hitam, tapai","ketan hitam tapai",processed_composite,KZGPI-1990,50.2,166.0,3.8,1.0,34.4,0.3,0.6,8.0,106.0,1.6,5.0,12.0,,,,,0.0,0.02,,,0.0,100.0,4.1_serealia_dan_hasil_olahannya.json,8530b6eb047394092b5a25a8bdd90c5b4e5f08ccf85cab9b1a0223f0ab7ed16f,2026-07-28T08:53:57.564Z,2026-07-28T08:53:57.564Z
38,1,AP017,"Ketan putih, matang","ketan putih matang",processed_composite,KZGPI-1990,60.7,163.0,3.0,0.4,35.7,0.2,0.2,4.0,55.0,0.7,8.0,16.8,0.1,0.7,0.0,0.0,0.0,0.07,0.0,0.5,0.0,100.0,4.1_serealia_dan_hasil_olahannya.json,65c5344c822bdab3a574705e0ad8b1bd12846ca87859ee7ac4884914168cb9d2,2026-07-28T08:53:57.564Z,2026-07-28T08:53:57.564Z
39,1,AP018,"Ketan putih, tapai","ketan putih tapai",processed_composite,KZGPI-1990,58.9,172.0,3.0,0.5,37.5,0.6,0.1,6.0,35.0,0.5,1.0,,,,0.0,0.0,0.0,0.04,0.0,0.2,0.0,100.0,4.1_serealia_dan_hasil_olahannya.json,af3cf50f7930f455c571dfc6a0a6db7ab72d3d0ac65f33a60ceebfc929c57aff,2026-07-28T08:53:57.564Z,2026-07-28T08:53:57.564Z
40,1,AP019,"Maizena, tepung","maizena tepung",processed_composite,DABM-1964,14.0,341.0,0.3,0.0,85.0,7.0,0.7,20.0,30.0,1.5,6.0,9.0,0.22,1.6,0.0,0.0,0.0,0.0,0.09,1.3,0.0,100.0,4.1_serealia_dan_hasil_olahannya.json,872d8682052d649f551797b5cf29c28302a03e3d155b7c7cb45339fb07432ad0,2026-07-28T08:53:57.564Z,2026-07-28T08:53:57.564Z
41,1,AP020,"Makaroni, mentah","makaroni mentah",processed_composite,DABM-1964,11.7,353.0,8.7,0.4,78.7,4.9,2.5,20.0,80.0,0.3,5.0,0.0,0.28,1.4,,,0.0,0.1,0.13,2.2,0.0,100.0,4.1_serealia_dan_hasil_olahannya.json,c65ab6f785feab91c0b00f1d7c06259b48c3b3568599a2cb7db8e79d71f92cb6,2026-07-28T08:53:57.564Z,2026-07-28T08:53:57.564Z
42,1,AP021,"Mi basah","mi basah",processed_composite,DABM-1964,80.0,88.0,0.6,3.3,14.0,0.1,2.1,14.0,13.0,6.8,63.0,13.5,0.06,0.4,,0.0,,0.0,0.0,0.0,0.0,100.0,4.1_serealia_dan_hasil_olahannya.json,75337a29a56334a29dda9c6a2936549ded6213dfe00ec10d57cd087ca360e898,2026-07-28T08:53:57.564Z,2026-07-28T08:53:57.564Z
43,1,AP022,"Mi kering","mi kering",processed_composite,KZGPI-1990,10.6,339.0,10.0,1.7,6.3,0.4,1.4,31.0,143.0,3.9,760.0,83.0,0.29,1.9,,,0.0,0.0,0.08,2.2,0.0,100.0,4.1_serealia_dan_hasil_olahannya.json,901aacf03157a8ec7932c6501edb7e0fed87637891dbe68213a3d1b990410927,2026-07-28T08:53:57.564Z,2026-07-28T08:53:57.564Z
44,1,AP023,Misoa,misoa,processed_composite,KZGPI-1990,10.0,345.0,8.5,2.2,78.0,0.5,1.3,52.0,120.0,8.7,3064.0,44.0,0.08,0.0,0.0,0.0,0.0,0.0,0.02,0.2,0.0,100.0,4.1_serealia_dan_hasil_olahannya.json,e9b567db2e1964e6d5c014b9837ffcf59ac3487011fe8211ffb5c5f7d84d9bfb,2026-07-28T08:53:57.564Z,2026-07-28T08:53:57.564Z
45,1,AP024,"Roti putih","roti putih",processed_composite,DABM-1964,40.0,248.0,8.0,1.2,50.0,9.1,0.8,10.0,95.0,1.5,530.0,91.0,0.15,0.9,0.0,0.0,0.0,0.1,0.29,2.4,0.0,100.0,4.1_serealia_dan_hasil_olahannya.json,5bab62bd7885ddf7819fa59802a89dbad02dc943c4782990e919995f76e85a59,2026-07-28T08:53:57.564Z,2026-07-28T08:53:57.564Z
46,1,AP025,"Tepung terigu","tepung terigu",processed_composite,KZGPI-1990,11.8,333.0,9.0,1.0,77.2,0.3,1.0,22.0,150.0,1.3,2.0,0.0,0.0,2.8,0.0,0.0,0.0,0.1,0.07,1.0,0.0,100.0,4.1_serealia_dan_hasil_olahannya.json,8e30159d919455ce0fea1dffbea90a7a3186678e36ea83b2b58582bd1767bc1e,2026-07-28T08:53:57.564Z,2026-07-28T08:53:57.564Z
47,1,AP026,"Amparan tatak","amparan tatak",processed_composite,KZGMI-2001,58.4,191.0,1.3,5.5,34.0,,0.8,,,,,,,,,,,,,,,100.0,4.1_serealia_dan_hasil_olahannya.json,f300fc272befd23daab9f04f3cc8f656614e486516c41429cad4e4bf35bf033e,2026-07-28T08:53:57.564Z,2026-07-28T08:53:57.564Z
48,1,AP027,"Apang kukus, kue","apang kukus kue",processed_composite,KZGMI-2001,49.5,202.0,3.0,0.3,46.7,,0.5,,,,,,,,,,,,,,,100.0,4.1_serealia_dan_hasil_olahannya.json,8e73c96f177d95cfe2117f9ae9183b830eaf0400ef20cba1d008feb6bbf88ada,2026-07-28T08:53:57.564Z,2026-07-28T08:53:57.564Z
49,1,AP028,"Apem, kue","apem kue",processed_composite,KZGMI-2001,63.1,148.0,2.0,0.5,33.9,,0.5,,,,,,,,,,,,,,,100.0,4.1_serealia_dan_hasil_olahannya.json,bfc075a5b77b6871d7661e4147f619a078da522f2636a567c124bdf443388e7a,2026-07-28T08:53:57.564Z,2026-07-28T08:53:57.564Z
50,1,AP029,Biskuit,biskuit,processed_composite,DABM-1964,2.2,458.0,6.9,14.4,75.1,2.1,1.4,62.0,87.0,2.7,241.0,20.3,0.16,0.6,0.0,14.0,,0.09,0.15,1.4,0.0,100.0,4.1_serealia_dan_hasil_olahannya.json,e141cf7597ba1b9da9445dc4751e0ce264b0ab91513c98d167e0ff13e0ff8f36,2026-07-28T08:53:57.564Z,2026-07-28T08:53:57.564Z
51,1,AP030,"Bakpia, kue","bakpia kue",processed_composite,KZGPI-1990,38.9,272.0,8.7,6.7,44.1,0.9,1.6,194.0,117.0,4.5,,,,,,,1392.0,0.31,1.0,2.9,0.0,100.0,4.1_serealia_dan_hasil_olahannya.json,1864e0e0ae3ce6a93a3d307c31f05f4249c25d0b27e86bc5731a98b7c7ad8f78,2026-07-28T08:53:57.564Z,2026-07-28T08:53:57.564Z
52,1,AP031,Bakwan,bakwan,processed_composite,KZGPI-1990,40.5,280.0,8.2,10.2,39.0,3.4,2.1,204.0,79.0,7.0,,,,,0.0,,0.0,0.08,,,0.0,100.0,4.1_serealia_dan_hasil_olahannya.json,e1ce18f5bae5caca053c13fedd76d1c2961fe6a4aad634a0588cbfe021491a2e,2026-07-28T08:53:57.564Z,2026-07-28T08:53:57.564Z
53,1,AP032,Bantal,bantal,processed_composite,KZGMI-2001,52.3,190.0,3.3,0.3,43.5,3.4,0.6,9.0,0.0,0.4,164.0,84.0,0.2,0.9,,,,0.27,0.02,3.6,,100.0,4.1_serealia_dan_hasil_olahannya.json,b6f3f93fc9958e02ebb7da8a57f70da645a7996332c1ab46748dda97c4f7f6f1,2026-07-28T08:53:57.564Z,2026-07-28T08:53:57.564Z
54,1,AP033,Baruasa,baruasa,processed_composite,KZGMI-2001,5.3,417.0,6.5,8.2,79.3,,0.7,,,,,,,,,,,,,,,100.0,4.1_serealia_dan_hasil_olahannya.json,73fb8f02353b9e863879873c09cec04397469273a6047ece73735024c9853790,2026-07-28T08:53:57.565Z,2026-07-28T08:53:57.565Z
55,1,AP034,"Batar daan","batar daan",processed_composite,KZGMI-2001,75.3,107.0,2.2,2.2,19.6,,0.7,20.0,30.0,0.6,200.0,90.0,0.1,,,,,0.18,0.02,,,100.0,4.1_serealia_dan_hasil_olahannya.json,9ea22aff02dfb95c5fb7b7a9b6b004e9112401f58f2ad6533f89d4ee09d655f0,2026-07-28T08:53:57.565Z,2026-07-28T08:53:57.565Z
56,1,AP035,"Bika ambon","bika ambon",processed_composite,KZGPI-1990,51.5,199.0,2.1,1.5,44.4,0.3,0.6,45.0,28.0,1.8,,,,,0.0,,408.0,0.1,,0.0,0.0,100.0,4.1_serealia_dan_hasil_olahannya.json,1b72dcd129c464907c13d890faefedf7eb6a5cf04021076335bf17ab69217703,2026-07-28T08:53:57.565Z,2026-07-28T08:53:57.565Z
57,1,AP036,Bingka,bingka,processed_composite,KZGMI-2001,44.4,273.0,5.3,10.6,39.1,,0.6,,,,,,,,,,,,,,,100.0,4.1_serealia_dan_hasil_olahannya.json,ec48727199c5304a5511d65225e6a45d841da9053d8a3ce819fef687e509baea,2026-07-28T08:53:57.565Z,2026-07-28T08:53:57.565Z
58,1,AP037,Bobengka,bobengka,processed_composite,KZGMI-2001,46.3,225.0,5.3,2.6,45.2,,0.6,,,,,,,,,,,,,,,100.0,4.1_serealia_dan_hasil_olahannya.json,0c64a29be385283d5995c153f38cd40e267a7724d278532458f9fd3e52bdc14c,2026-07-28T08:53:57.565Z,2026-07-28T08:53:57.565Z
59,1,AP038,"Bolu peca","bolu peca",processed_composite,KZGMI-2001,55.6,197.0,3.3,4.6,35.6,,0.9,,0.0,0.0,0.0,0.0,,,,,,,0.0,0.0,0.0,100.0,4.1_serealia_dan_hasil_olahannya.json,9c0a012aac7c64b33f66b8be735da3bd58b10f2e8e78586b4c171d420dd164b3,2026-07-28T08:53:57.565Z,2026-07-28T08:53:57.565Z
60,1,AP039,Brem,brem,processed_composite,KZGPI-1990,37.4,249.0,3.4,0.4,58.0,0.0,0.9,198.0,86.0,2.0,,,,,0.0,,240.0,0.34,0.0,0.0,0.0,100.0,4.1_serealia_dan_hasil_olahannya.json,b9f44917df7327584ceb4d8d5c84489d6b578e1763da9b5ce0e4aa66164a2448,2026-07-28T08:53:57.565Z,2026-07-28T08:53:57.565Z
61,1,AP040,"Bubur tinotuan (Manado)","bubur tinotuan manado",processed_composite,KZGMI-2001,80.9,156.0,2.3,0.2,15.6,8.2,1.0,41.0,20.0,0.4,486.0,164.0,0.3,0.4,,1437.0,,0.1,0.04,,15.0,100.0,4.1_serealia_dan_hasil_olahannya.json,ca2ef35cb7ac2b9017c17672bbcbb72b5aeffe36657239af10926faeedfc79c3,2026-07-28T08:53:57.565Z,2026-07-28T08:53:57.565Z
62,1,AP041,"Cake tape","cake tape",processed_composite,KZGMI-2001,32.2,323.0,4.9,11.5,50.1,1.4,1.4,131.0,83.0,2.6,,,,,26.0,,1872.0,0.38,0.16,0.3,0.0,100.0,4.1_serealia_dan_hasil_olahannya.json,d1574c95d286e3a809ae66b23dbe256eeb659f153c0a6779a710a6883e42d853,2026-07-28T08:53:57.565Z,2026-07-28T08:53:57.565Z
63,1,AP042,Cangkuning,cangkuning,processed_composite,KZGMI-2001,57.5,204.0,2.8,7.5,31.4,,0.8,,,,,,,,,,,,,,,100.0,4.1_serealia_dan_hasil_olahannya.json,aba979ce70988a4fa487092c98c762e8e788462f7fe1b87da08dc63031a943ed,2026-07-28T08:53:57.565Z,2026-07-28T08:53:57.565Z
64,1,AP043,"Dodol bali","dodol bali",processed_composite,KZGPI-1990,26.5,298.0,3.7,2.1,65.9,0.4,1.8,70.0,76.0,2.5,,,,,0.0,0.0,496.0,0.28,,2.5,0.0,100.0,4.1_serealia_dan_hasil_olahannya.json,38b01843a09cf3ab09c842a88a63f4cb77ef47ce6b70854c4cc22c4acd9ad305,2026-07-28T08:53:57.565Z,2026-07-28T08:53:57.565Z
65,1,AP044,"Dodol galamai","dodol galamai",processed_composite,KZGMI-2001,16.5,348.0,0.4,3.8,76.1,0.5,1.2,41.0,144.0,2.6,38.0,76.0,0.3,2.1,0.0,0.0,0.0,0.03,0.06,1.8,0.0,100.0,4.1_serealia_dan_hasil_olahannya.json,a0bec755141f33f649c72a19bd693136515067b8fa08ce046db592fc62f43d28,2026-07-28T08:53:57.565Z,2026-07-28T08:53:57.565Z
66,1,AP045,"Dodol kedondong","dodol kedondong",processed_composite,KZGPI-1990,26.4,331.0,1.9,7.6,63.8,1.0,0.4,90.0,55.0,2.3,,,,,0.0,,408.0,0.11,,0.8,5.0,100.0,4.1_serealia_dan_hasil_olahannya.json,4ec5b57b4ab6769a77d60df4bc850a09593c3244ea9cf655e3e5b9fbd7d6050d,2026-07-28T08:53:57.565Z,2026-07-28T08:53:57.565Z
67,1,AP046,"Dodol manado","dodol manado",processed_composite,KZGMI-2001,26.1,373.0,4.3,16.5,51.9,0.4,1.2,41.0,142.0,2.4,35.0,72.0,0.3,2.1,0.0,0.0,0.0,0.04,0.06,2.1,0.0,100.0,4.1_serealia_dan_hasil_olahannya.json,420e781b9758449e8d4f5b74320981dcebe16f391ce9a9541b484ca1b5744f6c,2026-07-28T08:53:57.565Z,2026-07-28T08:53:57.565Z
68,1,AP047,"Emping beras","emping beras",processed_composite,KZGMI-2001,13.6,403.0,10.6,2.2,85.3,0.2,1.9,11.0,240.0,0.3,1.0,113.0,0.3,2.4,,,0.0,0.0,0.16,,0.0,100.0,4.1_serealia_dan_hasil_olahannya.json,44535de80b4b6fad31b1eb84b8111fa8f3da27f57c4773ef39d6586a80611123,2026-07-28T08:53:57.565Z,2026-07-28T08:53:57.565Z
69,1,AP048,Gemblong,gemblong,processed_composite,KZGPI-1990,36.2,274.0,1.7,5.4,55.5,2.2,1.2,69.0,55.0,3.3,,,,,0.0,0.0,0.0,0.0,,,0.0,100.0,4.1_serealia_dan_hasil_olahannya.json,6a3b051d2244503199320dc70e7fa0702bb18f69f9a62a676dc2c9fc4300001c,2026-07-28T08:53:57.565Z,2026-07-28T08:53:57.565Z
70,1,AP049,"Gendar goreng","gendar goreng",processed_composite,KZGPI-1990,30.4,407.0,6.4,28.2,32.0,0.1,3.0,216.0,62.0,1.6,,,,,0.0,,184.0,0.16,0.0,0.6,0.0,100.0,4.1_serealia_dan_hasil_olahannya.json,1009812b636d3dd8bf093eeb2eb5e7300ab39df44919f2c3bb9ba30f8a0c0251,2026-07-28T08:53:57.565Z,2026-07-28T08:53:57.565Z
71,1,AP050,"Intip goreng","intip goreng",processed_composite,KZGPI-1990,6.5,474.0,7.6,21.6,62.3,1.2,2.0,36.0,64.0,2.5,0.0,38.0,0.05,0.5,,0.0,200.0,0.25,0.03,0.8,0.0,100.0,4.1_serealia_dan_hasil_olahannya.json,2b9d01a490c4a43eb06dd85b8924e3e40f7fd30b7bfb3a9aee3ac90ad8895977,2026-07-28T08:53:57.565Z,2026-07-28T08:53:57.565Z
72,1,AP051,"Jagung gerontol","jagung gerontol",processed_composite,KZGPI-1990,61.7,156.0,2.7,1.3,33.3,1.0,0.8,51.0,105.0,1.2,,,,,0.0,,162.0,0.08,0.0,0.0,0.0,100.0,4.1_serealia_dan_hasil_olahannya.json,68fb52c1ce8f6b90f41f0534491b86c3707912f5ad6e9ddc6f7d4d78f4d308f5,2026-07-28T08:53:57.565Z,2026-07-28T08:53:57.565Z
73,1,AP052,"Jagung titi","jagung titi",processed_composite,KZGPI-1990,9.2,374.0,9.4,2.2,79.1,0.8,0.1,14.0,142.0,2.9,,,9.0,,,,11507.0,0.2,,,,100.0,4.1_serealia_dan_hasil_olahannya.json,2dcd7ee88a316053f040733fbec25bb79816ee44b929cb68f2b693925d4ad768,2026-07-28T08:53:57.565Z,2026-07-28T08:53:57.565Z
74,1,AP053,Japilus,japilus,processed_composite,KZGPI-1990,3.8,500.0,1.2,25.1,67.3,0.4,2.7,186.0,29.0,4.9,,,,,0.0,,0.0,0.17,0.03,0.4,0.0,100.0,4.1_serealia_dan_hasil_olahannya.json,ff6bdcb44dc485b9d615855c09940d5de1cb1a418eb273e2b5a9ffb33239e3f0,2026-07-28T08:53:57.565Z,2026-07-28T08:53:57.565Z
75,1,AP054,Kakicak,kakicak,processed_composite,KZGMI-2001,43.9,296.0,3.4,15.1,36.7,,0.9,,,,,,,,,,,,,,,100.0,4.1_serealia_dan_hasil_olahannya.json,27571453b428679029f5e372554d49f869701f3ead6b8fcbe7db034806bfac22,2026-07-28T08:53:57.565Z,2026-07-28T08:53:57.565Z
76,1,AP055,Kambose,kambose,processed_composite,KZGMI-2001,61.5,164.0,3.0,2.4,32.6,4.3,0.7,16.0,36.0,0.7,0.0,32.0,0.1,1.6,0.0,256.0,,0.1,0.1,0.4,,100.0,4.1_serealia_dan_hasil_olahannya.json,f9a0902ced819a7458b9548ffeb90128a835e222f1b3b34a8030344a69f5c865,2026-07-28T08:53:57.565Z,2026-07-28T08:53:57.565Z
77,1,AP056,Kapusa,kapusa,processed_composite,KZGMI-2001,63.5,158.0,4.4,3.2,27.8,5.3,1.0,79.0,115.0,1.2,104.0,149.0,0.5,1.1,0.0,1374.0,,0.06,0.05,0.1,0.0,100.0,4.1_serealia_dan_hasil_olahannya.json,7b657a81198a16c6edb3f0d467c9d46f155df17174fd2dddae092d83fa07a1c4,2026-07-28T08:53:57.565Z,2026-07-28T08:53:57.565Z
78,1,AP057,"Keddo bodong","keddo bodong",processed_composite,KZGMI-2001,33.9,290.0,4.6,5.7,55.2,,0.6,,,,,,,,,,,,,,,100.0,4.1_serealia_dan_hasil_olahannya.json,612daeb1b156a308efd86ae0f7c098d1d0711eba47151b4161cdc1d45c2fd779,2026-07-28T08:53:57.565Z,2026-07-28T08:53:57.565Z
79,1,AP058,"Kelepon, kue","kelepon kue",processed_composite,KZGMI-2001,49.6,215.0,3.7,3.7,41.8,1.0,1.2,232.0,45.0,3.3,,,,,0.0,,872.0,0.09,0.07,0.2,0.0,100.0,4.1_serealia_dan_hasil_olahannya.json,55e06b199f9a0056221b9e1d49fae0e28cc0bcc8cd96011aceb6a5951279fbed,2026-07-28T08:53:57.565Z,2026-07-28T08:53:57.565Z
80,1,AP059,Kereput,kereput,processed_composite,KZGMI-2001,3.5,580.0,4.8,39.6,51.1,,1.0,,,,,,,,,,,,,,,100.0,4.1_serealia_dan_hasil_olahannya.json,ef6fd8917306891f601dbbf74b1603d105b5d745c8ac9cfe2a5efe9937bf9db4,2026-07-28T08:53:57.565Z,2026-07-28T08:53:57.565Z
81,1,AP060,Ketoprak,ketoprak,processed_composite,KZGPI-1990,69.1,153.0,7.9,7.7,13.0,2.9,2.6,153.0,134.0,3.4,,,,,3.0,,435.0,0.05,,,0.0,100.0,4.1_serealia_dan_hasil_olahannya.json,de45f6195b55a2af3b575a93f5c3d5907627489537601d9cae15ead6b03d4166,2026-07-28T08:53:57.565Z,2026-07-28T08:53:57.565Z
82,1,AP061,"Ketupat kandangan","ketupat kandangan",processed_composite,KZGMI-2001,78.5,109.0,2.2,5.2,13.4,,0.7,,,,,,,,,,,,,,,100.0,4.1_serealia_dan_hasil_olahannya.json,13083c0dfebe59ff8a4f6c85f5e8156783c6c72e206fd519e32440d5dcd46bc3,2026-07-28T08:53:57.565Z,2026-07-28T08:53:57.565Z
83,1,AP062,Koya,koya,processed_composite,KZGMI-2001,13.2,366.0,4.2,4.3,77.5,0.8,0.8,153.0,222.0,7.0,,,,,0.0,,,,,,0.0,100.0,4.1_serealia_dan_hasil_olahannya.json,f524559d9f101337421d8a27ffa001ac8b0e25c4122476891fb51364896806a2,2026-07-28T08:53:57.565Z,2026-07-28T08:53:57.565Z
84,1,AP063,"Koya mirasa","koya mirasa",processed_composite,KZGMI-2001,7.2,370.0,8.0,1.0,82.2,0.4,1.6,83.0,110.0,17.0,,,,,3.0,,144.0,0.19,0.45,2.6,0.0,100.0,4.1_serealia_dan_hasil_olahannya.json,4a4b19cb0958f6b174b95265b19ad78e837adff3165a71808061f1a4b4f37b56,2026-07-28T08:53:57.565Z,2026-07-28T08:53:57.565Z
85,1,AP064,Koyabu,koyabu,processed_composite,KZGMI-2001,44.2,241.0,3.4,4.3,47.2,,0.9,,,,,,,,,,,,,,,100.0,4.1_serealia_dan_hasil_olahannya.json,8880a27019fdc56b4f1eb39fbeb177ba7ef80554f005215302c53b6b6464120f,2026-07-28T08:53:57.565Z,2026-07-28T08:53:57.565Z
86,1,AP065,"Kue ali","kue ali",processed_composite,KZGMI-2001,12.8,440.0,3.8,18.5,64.5,0.3,0.4,27.0,47.0,2.5,,,,,0.0,,0.0,0.13,0.09,0.0,0.0,100.0,4.1_serealia_dan_hasil_olahannya.json,85fa0f358d594ab881b64f463300dc5b946b6b95da8abe1bd3fe404f2f98a159,2026-07-28T08:53:57.565Z,2026-07-28T08:53:57.565Z
87,1,AP066,"Kue bangen","kue bangen",processed_composite,KZGMI-2001,5.6,442.0,3.3,14.7,74.2,,2.2,,,,,,,,,,,,,,,100.0,4.1_serealia_dan_hasil_olahannya.json,0260ce7116dd40edced9f8361d8ca1f0c78bf232cb5102972e57e4016b009d08,2026-07-28T08:53:57.565Z,2026-07-28T08:53:57.565Z
88,1,AP067,"Kue gelang","kue gelang",processed_composite,KZGMI-2001,7.1,448.0,5.8,16.1,70.0,,1.0,,,,,,,,,,,,,,,100.0,4.1_serealia_dan_hasil_olahannya.json,5c6b60cd79dc7ee77640e953c41d4ababa34c8e224827e1fc73d3de5440eeb6d,2026-07-28T08:53:57.565Z,2026-07-28T08:53:57.565Z
89,1,AP068,"Kue jahe","kue jahe",processed_composite,KZGPI-1990,3.7,425.0,1.6,8.8,84.6,1.2,1.3,155.0,61.0,4.0,,,,,,,0.0,0.2,,,0.0,100.0,4.1_serealia_dan_hasil_olahannya.json,e7b4bcff86d2cf1d980fc4928330910d27deca4c799802881cf402d8f4f80afc,2026-07-28T08:53:57.565Z,2026-07-28T08:53:57.565Z
90,1,AP069,"Kue kelapa","kue kelapa",processed_composite,KZGMI-2001,3.3,591.0,5.6,42.1,47.5,,1.5,32.0,180.0,1.6,33.0,443.0,0.5,1.1,,,,,,,,100.0,4.1_serealia_dan_hasil_olahannya.json,378ef83d3553e6445925cf6015e061073f2f182de42833a3e009b19bee41178d,2026-07-28T08:53:57.565Z,2026-07-28T08:53:57.565Z
91,1,AP070,"Kue koa","kue koa",processed_composite,KZGMI-2001,14.5,340.0,4.8,0.4,79.3,,1.0,,,,,,,,,,,,,,,100.0,4.1_serealia_dan_hasil_olahannya.json,e2c0c4a3f50f00df66fc75a217fa2282d942d595002ac6a20e7fc9bc51cf5654,2026-07-28T08:53:57.565Z,2026-07-28T08:53:57.565Z
92,1,AP071,"Kue ku temu","kue ku temu",processed_composite,KZGMI-2001,46.2,214.0,3.5,0.2,49.6,,0.5,,,,,,,,,,,,,,,100.0,4.1_serealia_dan_hasil_olahannya.json,8a46517a6770dfb1b2bc75e53763eb07e1a565577087978b8f983eb1363bfb86,2026-07-28T08:53:57.565Z,2026-07-28T08:53:57.565Z
93,1,AP072,"Kue lumpur","kue lumpur",processed_composite,KZGMS-1993,40.1,291.0,3.6,11.1,44.1,,1.1,96.0,60.0,2.3,,,,,20.0,,400.0,0.24,,,,100.0,4.1_serealia_dan_hasil_olahannya.json,b86d9e09b545e7466a585519f08f2989db04552ffcb8189b4afe72a3be9049fb,2026-07-28T08:53:57.565Z,2026-07-28T08:53:57.565Z
94,1,AP073,"Kue pelita","kue pelita",processed_composite,KZGMI-2001,71.0,141.0,5.3,5.5,17.6,,0.6,,,,,,,,,,,,,,,100.0,4.1_serealia_dan_hasil_olahannya.json,bf8cd98c9dbdf740cb9af2e0709fb43bd174ca41382da62dc2b25592cdd9e7ca,2026-07-28T08:53:57.565Z,2026-07-28T08:53:57.565Z
95,1,AP074,"Kue putu cangkir","kue putu cangkir",processed_composite,KZGPI-1990,32.6,304.0,5.3,7.0,54.9,0.9,0.2,18.0,193.0,4.0,,,,,0.0,,0.0,0.06,,,0.0,100.0,4.1_serealia_dan_hasil_olahannya.json,03ca1c99c7a7588d60bf4fafbdc37f13a20a0ca4ce1193ac3d3d414809ad953f,2026-07-28T08:53:57.565Z,2026-07-28T08:53:57.565Z
96,1,AP075,"Kue sus","kue sus",processed_composite,KZGMS-1993,56.6,221.0,7.5,10.2,24.8,,0.9,105.0,85.0,2.5,,,,,26.0,,1300.0,0.12,,,0.0,100.0,4.1_serealia_dan_hasil_olahannya.json,c290518e5b0f8bdba4c68abac4b6ce95a6e1387d426779f80863f5c31ba2c2ea,2026-07-28T08:53:57.565Z,2026-07-28T08:53:57.565Z
97,1,AP076,"Kue thipan","kue thipan",processed_composite,KZGMI-2001,43.0,247.0,2.9,4.2,49.5,,0.4,16.0,107.0,1.8,95.0,56.0,1.3,0.8,,,,0.17,,,,100.0,4.1_serealia_dan_hasil_olahannya.json,eb260f35f51d72ab6997cc626fe4634cb171a81a21ee3eadf0188fd39e8e5a25,2026-07-28T08:53:57.565Z,2026-07-28T08:53:57.565Z
98,1,AP077,"Laksa/Putu mayang","laksa putu mayang",processed_composite,KZGMI-2001,73.2,121.0,1.7,3.4,21.1,,0.6,,,,,,,,,,,,,,,100.0,4.1_serealia_dan_hasil_olahannya.json,c3dd023de459f15472350aefef81b28b062a90123ed248a4c6bb2946f554674b,2026-07-28T08:53:57.565Z,2026-07-28T08:53:57.565Z
99,1,AP078,"Lapis legit","lapis legit",processed_composite,KZGPI-1990,21.3,389.0,6.6,15.7,55.5,0.5,0.9,16.0,136.0,1.9,,,,,41.0,,1032.0,0.26,0.09,3.0,0.0,100.0,4.1_serealia_dan_hasil_olahannya.json,73c11b27551be53d206d3b5ccc8fbaecee22d7d079eb8a333af7d587384d57c3,2026-07-28T08:53:57.565Z,2026-07-28T08:53:57.565Z
100,1,AP079,"Lupis ketan","lupis ketan",processed_composite,KZGPI-1990,61.0,164.0,1.8,2.1,34.5,0.7,0.6,119.0,31.0,1.5,,,,,0.0,,0.0,0.09,0.0,0.2,0.0,100.0,4.1_serealia_dan_hasil_olahannya.json,d3db66c2cb02675bc2950572f4f94c83049a44c0839a085c20761d4e1962ccaf,2026-07-28T08:53:57.565Z,2026-07-28T08:53:57.565Z
101,1,AP080,"Manan samin","manan samin",processed_composite,KZGMI-2001,27.1,379.0,3.4,18.1,50.6,,0.8,,,,,,,,,,,,,,,100.0,4.1_serealia_dan_hasil_olahannya.json,190f97cafefaa7f31e4e155d74c88d8984739243a93a4a02a6174fccd4d9fc0b,2026-07-28T08:53:57.565Z,2026-07-28T08:53:57.565Z
102,1,AP081,"Martabak india","martabak india",processed_composite,KZGMI-2001,65.8,153.0,4.5,4.2,24.3,,1.2,14.0,108.0,2.4,240.0,112.0,0.4,0.5,,,,,,,,100.0,4.1_serealia_dan_hasil_olahannya.json,16ec9718f3df8be4111547908a20cb902084fc4373ecab94dd7c8ced59b38d76,2026-07-28T08:53:57.565Z,2026-07-28T08:53:57.565Z
103,1,AP082,"Martabak mesir","martabak mesir",processed_composite,KZGMI-2001,40.2,278.0,5.1,8.6,45.0,,1.1,49.0,168.0,3.4,193.0,123.0,0.2,0.9,,,,,,,,100.0,4.1_serealia_dan_hasil_olahannya.json,64af4b8a82b5dfc55b4fa0a3acccc810b4c5085f1801e5eaad0fd5ee98baf6aa,2026-07-28T08:53:57.565Z,2026-07-28T08:53:57.565Z
104,1,AP083,Masekat,masekat,processed_composite,KZGMI-2001,15.6,369.0,2.1,7.0,74.1,4.0,0.8,17.0,52.0,0.8,141.0,12.0,0.4,0.3,155.0,,,,,,,100.0,4.1_serealia_dan_hasil_olahannya.json,e151f13f498965c2353d5853026a268329b0f99f54c5507c0aa96d5d2cc6811a,2026-07-28T08:53:57.565Z,2026-07-28T08:53:57.565Z
105,1,AP084,"Mie aceh rebus","mie aceh rebus",processed_composite,KZGMI-2001,74.6,113.0,3.0,3.2,18.1,,1.1,22.0,44.0,1.4,191.0,36.0,0.2,0.3,0.0,0.0,,0.0,0.0,0.0,0.0,100.0,4.1_serealia_dan_hasil_olahannya.json,8c2e18320fd080e3d0251fc856666758ab5816d0789d75039ada3d871c8967fb,2026-07-28T08:53:57.565Z,2026-07-28T08:53:57.565Z
106,1,AP085,"Mie ayam","mie ayam",processed_composite,KZGMS-1993,78.6,102.0,6.2,3.9,10.5,,0.8,262.0,51.0,1.8,279.0,,,,39.0,,166.0,0.85,,0.0,0.0,100.0,4.1_serealia_dan_hasil_olahannya.json,93daae9590835bffdc24289726a6248027f33529df3089d16e6994e50bee1813,2026-07-28T08:53:57.565Z,2026-07-28T08:53:57.565Z
107,1,AP086,"Mie bakso","mie bakso",processed_composite,KZGMS-1993,74.5,114.0,5.3,3.0,16.4,0.1,0.8,286.0,53.0,1.9,760.0,,,,17.0,,180.0,0.16,,,0.0,100.0,4.1_serealia_dan_hasil_olahannya.json,c8a9669f0e388f128f23c488886de35d99c8a10586c92c3941eb1f5b6b06a191,2026-07-28T08:53:57.565Z,2026-07-28T08:53:57.565Z
108,1,AP087,"Mie celon","mie celon",processed_composite,KZGMI-2001,75.9,102.0,3.0,2.1,17.8,,1.2,12.0,84.0,1.4,451.0,112.0,0.1,0.5,0.0,0.0,,0.0,0.0,0.0,0.0,100.0,4.1_serealia_dan_hasil_olahannya.json,861489fe077703d7b5c0aadc5246d81965d8f3fb940ae2cae06ae88126fae6ae,2026-07-28T08:53:57.565Z,2026-07-28T08:53:57.565Z
109,1,AP088,"Mie pangsit basah","mie pangsit basah",processed_composite,KZGMS-1993,79.2,105.0,5.9,4.9,9.4,,0.7,208.0,48.0,2.0,530.0,,,,25.0,,620.0,0.46,,,0.0,100.0,4.1_serealia_dan_hasil_olahannya.json,39a412ee3988af5b596c238a66a045e026972f8d33a1b4e792128fd5823aa417,2026-07-28T08:53:57.565Z,2026-07-28T08:53:57.565Z
110,1,AP089,"Nasi gemuk","nasi gemuk",processed_composite,KZGMI-2001,61.4,192.0,3.8,8.8,24.4,0.7,1.6,15.0,74.0,1.0,355.0,63.0,0.2,1.4,0.0,0.0,,0.19,0.05,2.0,0.0,100.0,4.1_serealia_dan_hasil_olahannya.json,fa44ae47d6714ce206e71d86c094d473282f063042ed4df5cdd9d769958ddecf,2026-07-28T08:53:57.565Z,2026-07-28T08:53:57.565Z
111,1,AP090,"Nasi gurih","nasi gurih",processed_composite,KZGMI-2001,60.5,190.0,4.7,7.5,26.0,0.7,1.3,12.0,62.0,0.8,296.0,52.0,0.2,1.2,0.0,0.0,,0.11,0.06,2.1,0.0,100.0,4.1_serealia_dan_hasil_olahannya.json,8cfbbf9922033bf748b449323e1370753550b189e685d2ea0c43ce63c693dd98,2026-07-28T08:53:57.565Z,2026-07-28T08:53:57.565Z
112,1,AP091,"Nasi minyak","nasi minyak",processed_composite,KZGMI-2001,53.3,207.0,3.5,5.0,37.1,0.8,1.1,26.0,100.0,1.5,74.0,174.0,0.2,2.2,0.0,0.0,,0.14,0.07,2.6,0.0,100.0,4.1_serealia_dan_hasil_olahannya.json,7fe99cadacffd38d1bf8caeb8bdc992a3f6ed0ca4b9508140b6124ce129eed22,2026-07-28T08:53:57.565Z,2026-07-28T08:53:57.565Z
113,1,AP092,"Nasi rames","nasi rames",processed_composite,KZGMS-1993,65.8,155.0,10.3,4.2,19.1,,0.6,239.0,62.0,1.8,265.0,,,,96.0,,3140.0,0.59,0.0,,,100.0,4.1_serealia_dan_hasil_olahannya.json,eaf31cf4dd08346fc3c5bca09747ef556398aae901dbf854675f440857c9b785,2026-07-28T08:53:57.565Z,2026-07-28T08:53:57.565Z
114,1,AP093,"Nopia spesial","nopia spesial",processed_composite,KZGPI-1990,11.5,387.0,5.3,7.6,74.3,0.3,1.3,903.0,133.0,4.2,,,,,,,512.0,0.17,,,0.0,100.0,4.1_serealia_dan_hasil_olahannya.json,fca3b9f377b40758208f09b1bf8775c7365c376b4180b57e67469010237e71d5,2026-07-28T08:53:57.565Z,2026-07-28T08:53:57.565Z
115,1,AP094,Onde-onde,"onde onde",processed_composite,KZGMI-2001,27.7,336.0,4.0,9.8,57.9,,0.6,,,,,,,,,,,,,,,100.0,4.1_serealia_dan_hasil_olahannya.json,4a90ef1c71c0bba638c413d7183ba1aca292a09482b295eb207e6be54923ccec,2026-07-28T08:53:57.565Z,2026-07-28T08:53:57.565Z
116,1,AP095,Padamaran,padamaran,processed_composite,KZGMI-2001,67.6,171.0,3.9,8.9,18.8,,0.8,,,,,,,,,,,,,,,100.0,4.1_serealia_dan_hasil_olahannya.json,61756002ec4a28f8c94795b0c4ce696b23e4ad23c26a3ad2239985912e001d1f,2026-07-28T08:53:57.565Z,2026-07-28T08:53:57.565Z
117,1,AP096,Pastel,pastel,processed_composite,KZGMS-1993,38.3,307.0,4.5,13.3,42.4,,1.5,296.0,53.0,2.5,,,,,0.0,,5360.0,0.15,,,0.0,100.0,4.1_serealia_dan_hasil_olahannya.json,24f2d1b7871ccffe05a6d8aec38ee6ffd06b1ed87114b9c9fc612b7dcae0b0a7,2026-07-28T08:53:57.565Z,2026-07-28T08:53:57.565Z
118,1,AP097,Pulut,pulut,processed_composite,KZGMI-2001,49.1,216.0,2.6,3.1,44.4,,0.8,6.0,70.0,3.8,100.0,22.0,0.4,1.3,0.0,0.0,,0.14,,,,100.0,4.1_serealia_dan_hasil_olahannya.json,64929f84e97114e8c609e44af604827f7da9bb596f96dc27706266b9f4fef9df,2026-07-28T08:53:57.565Z,2026-07-28T08:53:57.565Z
119,1,AP098,"Pundut nasi","pundut nasi",processed_composite,KZGMI-2001,77.8,104.0,1.9,4.1,15.1,0.4,1.1,26.0,100.0,1.5,74.0,174.0,0.0,0.0,,,,,,,,100.0,4.1_serealia_dan_hasil_olahannya.json,15b2ccf361c960cb5a153f190929b34ceb8b15851ec9b4fbc49a9acf4a5491dc,2026-07-28T08:53:57.565Z,2026-07-28T08:53:57.565Z
120,1,AP099,"Putri hijau","putri hijau",processed_composite,KGZMI-2001,54.8,189.0,5.4,2.1,37.2,,0.5,,,,,,,,,,,,,,,100.0,4.1_serealia_dan_hasil_olahannya.json,2c5cbbf4c2e0ccd97475bc4d328d9b398e8a7a82dda62e999d1ac176769baef0,2026-07-28T08:53:57.565Z,2026-07-28T08:53:57.565Z
121,1,AP100,"Putri selat","putri selat",processed_composite,KZGMI-2001,66.6,163.0,2.2,6.5,23.8,,0.9,72.0,3.0,4.0,6.0,68.0,,,0.0,0.0,,,,,,100.0,4.1_serealia_dan_hasil_olahannya.json,586e0f341ca33ee04aad41117a94c44596b50767595b5853509a5020b18e726b,2026-07-28T08:53:57.565Z,2026-07-28T08:53:57.565Z
122,1,AP101,"Putu sopa","putu sopa",processed_composite,KZGMI-2001,50.7,215.0,3.3,4.1,41.1,,0.8,,,,,,,,,,,,,,,100.0,4.1_serealia_dan_hasil_olahannya.json,49392429188b733a86804b7917c22ea384dd4c276fb12bc0171fd36039de2528,2026-07-28T08:53:57.565Z,2026-07-28T08:53:57.565Z
123,1,AP102,"Renggi goreng","renggi goreng",processed_composite,KZGMI-2001,8.8,471.0,4.7,21.8,64.1,6.4,0.6,4.0,80.0,1.1,126.0,29.0,0.9,1.3,0.0,0.0,0.0,0.53,0.05,8.2,0.0,100.0,4.1_serealia_dan_hasil_olahannya.json,63fbb39833e9a6dad871da8c5557dfc4ddcf8b5fe6bf38654b49459d973b1eb3,2026-07-28T08:53:57.565Z,2026-07-28T08:53:57.565Z
124,1,AP103,"Roti boong","roti boong",processed_composite,KZGMI-2001,34.0,341.0,5.5,16.2,43.3,,1.0,15.0,65.0,1.1,161.0,41.0,,0.9,,,,0.4,0.3,2.4,0.0,100.0,4.1_serealia_dan_hasil_olahannya.json,a0ef66522c9a6bb61a48543cd404833d96880bcc7ed28f15ec718fa5e7463fe3,2026-07-28T08:53:57.566Z,2026-07-28T08:53:57.566Z
125,1,AP104,"Roti warna sawo matang","roti warna sawo matang",processed_composite,DABM-1964,40.0,249.0,7.9,1.5,49.7,,0.9,20.0,140.0,2.5,500.0,91.0,,,0.0,0.0,0.0,0.15,,,0.0,100.0,4.1_serealia_dan_hasil_olahannya.json,c34f9f9b876605138187fdef6b8a511f1068729768acaf3234545caf93eb5221,2026-07-28T08:53:57.566Z,2026-07-28T08:53:57.566Z
126,1,AP105,Sarimuka,sarimuka,processed_composite,KZGMI-2001,61.5,166.0,2.3,2.8,32.9,,0.5,36.0,13.0,2.0,3.0,34.0,0.0,0.0,,,,,,,,100.0,4.1_serealia_dan_hasil_olahannya.json,73d1579683a5fb68d5eccb806d3c2617154e7bbca5767968f07b3e3d0aed87f2,2026-07-28T08:53:57.566Z,2026-07-28T08:53:57.566Z
127,1,AP106,Spaghetti,spaghetti,processed_composite,KZGMS-1993,66.1,139.0,7.4,2.1,22.6,,2.1,109.0,53.0,4.7,,,,,42.0,,940.0,0.35,,,0.0,100.0,4.1_serealia_dan_hasil_olahannya.json,726f609066134a103ca2ea8d085416feda80acf4026505d99e3ebb9b8bd3a352,2026-07-28T08:53:57.566Z,2026-07-28T08:53:57.566Z
128,1,AP107,"Srikaya ketan","srikaya ketan",processed_composite,KZGMI-2001,41.0,265.0,2.7,6.4,49.1,,0.8,,,,,,,,,,,,,,,100.0,4.1_serealia_dan_hasil_olahannya.json,af4049d23910cec19855908b77cf0d3fc23c922c7def4d76c9a7178228b5e665,2026-07-28T08:53:57.566Z,2026-07-28T08:53:57.566Z
129,1,AP108,"Sunduk lawang","sunduk lawang",processed_composite,KZGMI-2001,63.4,181.0,1.9,1.3,32.4,,1.0,,,,,,,,,,,,,,,100.0,4.1_serealia_dan_hasil_olahannya.json,56d40845cff546ddd15d563954041388b44f89f5ebe432a869f2895afe50a749,2026-07-28T08:53:57.566Z,2026-07-28T08:53:57.566Z
130,1,AP109,Suwir-suwir,"suwir suwir",processed_composite,KZGPI-1990,13.4,347.0,0.5,0.9,84.2,0.8,1.0,42.0,40.0,4.3,,,,,1.0,,240.0,0.13,,0.9,0.0,100.0,4.1_serealia_dan_hasil_olahannya.json,fbf90308e64572d5c1bdedb3d5b1c8f510a08b56967617f1457517586c17e5b6,2026-07-28T08:53:57.566Z,2026-07-28T08:53:57.566Z
131,1,AP110,Tipa-tipa,"tipa tipa",processed_composite,KZGPI-1990,11.3,355.0,6.2,1.2,79.8,1.3,1.5,17.0,328.0,1.6,,,,,0.0,0.0,0.0,0.26,0.04,1.5,0.0,100.0,4.1_serealia_dan_hasil_olahannya.json,ad81f9e317e9e081f9dabeec39bb2ef02f9a09ef5eaee39a393b5bb8cca794b6,2026-07-28T08:53:57.566Z,2026-07-28T08:53:57.566Z
132,1,AP111,"Wajit camilan","wajit camilan",processed_composite,KZGPI-1990,27.1,303.0,6.3,2.7,63.3,6.9,0.6,61.0,302.0,5.5,,,,,0.0,,0.0,0.03,,,0.0,100.0,4.1_serealia_dan_hasil_olahannya.json,5a72c699e59feffc43941c797d71656de979323ac37cc9ce514cf98cd01819fa,2026-07-28T08:53:57.566Z,2026-07-28T08:53:57.566Z
133,1,AP112,Widaran,widaran,processed_composite,KZGPI-1990,7.0,424.0,1.3,10.7,80.7,0.2,0.3,49.0,88.0,2.5,,,,,21.0,,440.0,0.13,0.2,2.2,0.0,100.0,4.1_serealia_dan_hasil_olahannya.json,c04e8c1ca2c13aef5964db23a0705a3a2bf7aa9d4ad16e886b62db80768a287f,2026-07-28T08:53:57.566Z,2026-07-28T08:53:57.566Z
134,1,AP113,"Wingko babat","wingko babat",processed_composite,KZGPI-1990,29.7,355.0,3.2,15.1,51.4,2.4,0.7,47.0,63.0,1.1,,,,,0.0,,0.0,0.08,0.08,0.0,0.0,100.0,4.1_serealia_dan_hasil_olahannya.json,4302296ff1539569bdea61a8302029df2765db4e77472c758ef5a02ab208fd04,2026-07-28T08:53:57.566Z,2026-07-28T08:53:57.566Z
135,1,AP114,Yangko,yangko,processed_composite,KZGPI-1990,37.4,254.0,3.0,1.1,58.1,0.8,0.4,184.0,24.0,2.6,,,,,0.0,,96.0,0.15,,0.0,0.0,100.0,4.1_serealia_dan_hasil_olahannya.json,e5bb1a35284d5420ba9ab668bfd9435c59a70117d2a75241947b5aadf5d6b0ca,2026-07-28T08:53:57.566Z,2026-07-28T08:53:57.566Z
136,2,KR001,"Kelapa setengah tua, daging, segar","kelapa setengah tua daging segar",single,DABM-1964,70.0,180.0,4.0,15.0,10.0,2.4,1.0,8.0,55.0,1.3,4.0,317.7,0.3,2.9,,0.0,10.0,0.1,0.01,0.1,4.0,53.0,4.10_lemak_dan_minyak.json,09e1e9736793282e8969a506b5f1fc628514d48edb00420e0addaed2d300dada,2026-07-28T08:53:57.566Z,2026-07-28T08:53:57.566Z
137,2,KR002,"Kelapa tua, daging, segar","kelapa tua daging segar",single,DABM-1964,46.9,359.0,3.4,34.7,14.0,4.7,1.0,21.0,98.0,2.0,3.0,293.9,0.4,1.1,0.0,0.0,,0.1,0.0,0.0,2.0,53.0,4.10_lemak_dan_minyak.json,ae53a19efe437c098f5db66c6a14e1bd83c6c2789e968127d682a26d73d83155,2026-07-28T08:53:57.566Z,2026-07-28T08:53:57.566Z
138,2,KR003,"Lemak babi (lard)","lemak babi lard",single,DABM-1964,0.0,902.0,0.0,100.0,0.0,0.0,0.0,0.0,0.0,0.0,0.0,0.0,9.0,0.1,0.0,0.0,,0.0,0.0,0.0,0.0,100.0,4.10_lemak_dan_minyak.json,969608a0934904061990e5142c58e9b2b20dd508126e1eb40e70da98777776f7,2026-07-28T08:53:57.566Z,2026-07-28T08:53:57.566Z
139,2,KR004,"Lemak babi (bacon)","lemak babi bacon",single,DABM-1964,20.0,626.0,9.1,65.0,1.1,0.0,4.8,13.0,108.0,0.8,0.0,0.0,0.0,0.9,0.0,0.0,,0.4,0.0,0.0,0.0,100.0,4.10_lemak_dan_minyak.json,200364d984a155910d9c1041b6df28b4865d90f78763b4cd51e2371a113f476a,2026-07-28T08:53:57.566Z,2026-07-28T08:53:57.566Z
140,2,KR005,"Lemak ikan","lemak ikan",single,KZGMI-2001,43.3,372.0,12.0,29.4,14.4,0.0,0.3,20.0,230.0,32.7,60.0,52.0,0.4,1.1,,,,0.5,0.13,,,100.0,4.10_lemak_dan_minyak.json,7ccc9093f01b06fb2cd3bde2f05feab539fdb2d4960d54f413d9ffbb62a11c30,2026-07-28T08:53:57.566Z,2026-07-28T08:53:57.566Z
141,2,KR006,"Lemak kerbau (lemak sapi)","lemak kerbau lemak sapi",single,DABM-1964,5.0,818.0,1.5,90.0,0.0,0.0,3.5,0.0,0.0,0.0,29.0,25.8,0.0,0.0,0.0,283.0,,0.0,0.0,0.7,0.0,100.0,4.10_lemak_dan_minyak.json,a2571279f80677ceadb9620bd37ab8663e55bddeb3ed8c0dfe1a3728a1285f07,2026-07-28T08:53:57.566Z,2026-07-28T08:53:57.566Z
142,2,KR007,"Minyak hiu, hati","minyak hiu hati",single,DABM-1964,0.0,902.0,0.0,100.0,0.0,0.0,0.0,0.0,0.0,0.0,0.0,0.0,0.0,0.0,21212.0,0.0,,0.0,0.0,0.0,0.0,100.0,4.10_lemak_dan_minyak.json,b8f6a9da07b81af9262e655078995f9cbc8a059f2507f08e628ee0812a179351,2026-07-28T08:53:57.566Z,2026-07-28T08:53:57.566Z
143,2,KR008,"Minyak ikan","minyak ikan",single,DABM-1964,0.0,902.0,0.0,100.0,0.0,0.0,0.0,0.0,0.0,0.0,0.0,0.0,0.0,0.0,24242.0,0.0,,0.0,0.0,0.0,0.0,100.0,4.10_lemak_dan_minyak.json,c097788d2e120e7d189249b375dacb25e028304919fd7454c6c9edfb7b5021dd,2026-07-28T08:53:57.566Z,2026-07-28T08:53:57.566Z
144,2,KR009,"Minyak kacang tanah","minyak kacang tanah",single,DABM-1964,0.0,902.0,0.0,100.0,0.0,0.0,0.0,0.0,0.0,0.0,0.0,0.0,0.0,0.0,0.0,0.0,,0.0,0.0,0.0,0.0,100.0,4.10_lemak_dan_minyak.json,089ca5d02fccc1396707595946e8f9a6fc9f5a6a0bc11c8260c6fc7b7da41c84,2026-07-28T08:53:57.566Z,2026-07-28T08:53:57.566Z
145,2,KR010,"Minyak kedelai","minyak kedelai",single,FCTEA-1972,0.1,883.0,0.0,99.9,0.0,0.0,0.0,0.0,0.0,0.0,0.0,0.1,0.0,0.0,0.0,0.0,,0.0,0.0,0.0,0.0,100.0,4.10_lemak_dan_minyak.json,9709cfe298fe3ad4f67970bb0e7270d1a45d5a2753b041ccb7b8b7cd4027c16a,2026-07-28T08:53:57.566Z,2026-07-28T08:53:57.566Z
146,2,KR011,"Minyak kelapa","minyak kelapa",single,DABM-1964,0.0,870.0,1.0,98.0,0.0,0.0,1.0,0.0,0.0,0.0,0.0,0.0,0.0,0.0,0.0,0.0,,0.0,0.0,0.0,0.0,100.0,4.10_lemak_dan_minyak.json,c336cdf054e7f1c09d865c44ad8ad4aec9938727c6f982684b79285a2dab4fc2,2026-07-28T08:53:57.566Z,2026-07-28T08:53:57.566Z
147,2,KR012,"Minyak kelapa sawit","minyak kelapa sawit",single,DABM-1964,0.0,884.0,0.0,100.0,0.0,0.0,0.0,0.0,0.0,0.0,0.0,0.0,0.0,0.0,,18181.0,,0.0,0.0,0.0,0.0,100.0,4.10_lemak_dan_minyak.json,1692a0b063b2509881d303c8282066d0a99d23b7bf2a3ae37bed9ce108d0d500,2026-07-28T08:53:57.566Z,2026-07-28T08:53:57.566Z
148,2,KR013,"Minyak wijen","minyak wijen",single,FCTEA-1972,0.1,881.0,0.2,99.7,0.0,0.0,0.0,10.0,5.0,0.1,2.0,20.0,0.0,0.0,0.0,0.0,,0.0,0.07,0.1,0.0,100.0,4.10_lemak_dan_minyak.json,046636210d196260c1c489964d4724ea499ee952bea64e2b47510737897779f1,2026-07-28T08:53:57.566Z,2026-07-28T08:53:57.566Z
149,2,KR014,"Minyak zaitun","minyak zaitun",single,DABM-1964,0.0,884.0,0.0,100.0,0.0,0.0,0.0,14.0,0.0,1.2,7.0,0.0,0.0,0.0,,0.0,,0.0,0.0,5.0,,100.0,4.10_lemak_dan_minyak.json,dd949f8f27a4b47f4c4144f788969b5d0fa13fac219c65f1c895e25ce848c0bc,2026-07-28T08:53:57.566Z,2026-07-28T08:53:57.566Z
150,2,KP001,Margarin,margarin,processed_composite,DABM-1964,15.5,720.0,0.6,81.0,0.4,0.0,2.5,20.0,16.0,0.0,760.0,25.9,0.0,0.0,606.0,633.0,,0.0,0.0,0.0,0.0,100.0,4.10_lemak_dan_minyak.json,6062a831fef2e5f40b32bc9b2b09fbd31476745e1a077ad258fed374d2ea0770,2026-07-28T08:53:57.566Z,2026-07-28T08:53:57.566Z
151,2,KP002,Mentega,mentega,processed_composite,DABM-1964,16.0,742.0,0.5,81.6,1.4,0.0,1.9,15.0,16.0,1.1,653.0,103.0,0.0,0.4,1000.0,155.0,,0.0,0.1,0.0,,100.0,4.10_lemak_dan_minyak.json,8ac32cdd46106583f78d5c587a2bad82b55a714a12982acc2368c8b08c4d40f4,2026-07-28T08:53:57.566Z,2026-07-28T08:53:57.566Z
152,2,KP003,"Santan (dengan air)","santan dengan air",processed_composite,DABM-1964,80.0,122.0,2.0,10.0,7.6,1.4,0.4,25.0,30.0,0.1,9.0,162.4,0.2,0.4,0.0,,,0.0,0.0,0.5,2.0,100.0,4.10_lemak_dan_minyak.json,7eb0ad9ee571384f690a0b1def0e9621f77d9ac3ab94b81f91c471755e7c4de2,2026-07-28T08:53:57.566Z,2026-07-28T08:53:57.566Z
153,2,KP004,"Santan murni","santan murni",processed_composite,DABM-1964,54.9,324.0,4.2,34.3,5.6,0.0,1.0,14.0,45.0,1.9,18.0,514.1,0.4,0.9,0.0,0.0,,0.0,0.0,0.5,2.0,100.0,4.10_lemak_dan_minyak.json,1019db74c810e2d213ee54d67dc17d05c880acb46c2d22d43dbb5926c4fc721f,2026-07-28T08:53:57.566Z,2026-07-28T08:53:57.566Z
154,3,MP001,"Coklat manis, batang","coklat manis batang",processed_composite,DABM-1964,1.4,527.0,2.0,29.8,62.7,6.5,4.1,63.0,287.0,2.8,6.0,499.5,0.0,0.0,,,30.0,0.03,0.02,0.0,0.0,100.0,4.11_gula_sirup_dan_konfeksioneri.json,d2a9cd194a5a1c8811eb9aec8145e26a8fa01d5a4609ebb9a4cf2cc679de0be1,2026-07-28T08:53:57.566Z,2026-07-28T08:53:57.566Z
155,3,MP002,"Coklat pahit,batang","coklat pahit batang",processed_composite,DABM-1964,2.3,615.0,5.5,42.6,29.2,10.8,10.1,98.0,446.0,4.4,20.0,708.3,1.7,3.3,,2.0,60.0,0.05,0.08,1.0,0.0,100.0,4.11_gula_sirup_dan_konfeksioneri.json,d918a86829ff37003899dd834b2ab654aca7fdbb744d18bdab4e9cfa276f4851,2026-07-28T08:53:57.566Z,2026-07-28T08:53:57.566Z
156,3,MP003,"Coklat susu, batang","coklat susu batang",processed_composite,DABM-1964,1.0,565.0,9.0,35.0,53.6,3.4,1.4,200.0,200.0,2.0,100.0,405.5,0.49,2.3,,54.0,30.0,0.08,0.45,0.5,0.0,100.0,4.11_gula_sirup_dan_konfeksioneri.json,223fdeddb030db993a491f6b0910df7a73f70d59a1908952b4b5e730f886cb3f,2026-07-28T08:53:57.566Z,2026-07-28T08:53:57.566Z
157,3,MP004,"Coklat bubuk","coklat bubuk",processed_composite,DABM-1964,3.9,311.0,8.0,4.0,48.9,32.6,15.4,125.0,715.0,11.6,,,,,,,30.0,0.12,,0.6,,,4.11_gula_sirup_dan_konfeksioneri.json,203cbc2c4a74fd1cf0c71d9c4fcb33c0feab650a13bdd71f70cc8ba43ac81e74,2026-07-28T08:53:57.566Z,2026-07-28T08:53:57.566Z
158,3,MP005,"Gula aren","gula aren",processed_composite,DABM-1964,7.0,368.0,0.0,0.0,92.0,0.0,1.0,75.0,35.0,3.0,15.0,390.4,0.04,26.4,0.0,0.0,,0.0,0.01,0.5,0.0,100.0,4.11_gula_sirup_dan_konfeksioneri.json,c45c48e8d42bc215861150eb5e78d63b421b155f81176e6144df36694570e26d,2026-07-28T08:53:57.566Z,2026-07-28T08:53:57.566Z
159,3,MP006,"Gula kelapa","gula kelapa",processed_composite,DABM-1964,10.0,386.0,3.0,10.0,76.0,0.0,1.0,76.0,37.0,2.6,2.0,0.0,0.0,0.0,0.0,0.0,,0.0,0.34,0.5,0.0,100.0,4.11_gula_sirup_dan_konfeksioneri.json,a3a6a6147edfc2a4217deec858266972fcd769e812c39482245420a2062fa2ea,2026-07-28T08:53:57.566Z,2026-07-28T08:53:57.566Z
160,3,MP007,"Gula putih","gula putih",processed_composite,DABM-1964,5.4,394.0,0.0,0.0,94.0,0.0,0.6,5.0,1.0,0.1,1.0,4.75,0.0,0.0,0.0,0.0,,0.0,0.0,0.0,0.0,100.0,4.11_gula_sirup_dan_konfeksioneri.json,7ac39a597a21d2527f41ed835074dc28bc1b9f1e10c4a3f480d18a93e15e2b26,2026-07-28T08:53:57.566Z,2026-07-28T08:53:57.566Z
161,3,MP008,"Jam, selai","jam selai",processed_composite,DABM-1964,34.0,239.0,0.5,0.6,64.5,1.0,0.4,20.0,20.0,1.0,30.0,73.1,0.09,0.0,0.0,0.0,,0.01,0.07,0.0,0.0,100.0,4.11_gula_sirup_dan_konfeksioneri.json,0853430059898ad3f3a2490bac0d3d6a38e9487820548c792acfa7a5a0d477b7,2026-07-28T08:53:57.566Z,2026-07-28T08:53:57.566Z
162,3,MP009,"Kopi bubuk instant","kopi bubuk instant",processed_composite,FCTEA-1972,2.6,129.0,12.3,0.5,35.0,0.0,9.7,179.0,383.0,5.6,72.0,3256.0,0.14,0.0,,0.0,0.0,0.0,0.21,30.6,0.0,100.0,4.11_gula_sirup_dan_konfeksioneri.json,a61a0e729f1682613e275759b9d7211b1e40f6c815252576f95aa8f7cec2f5ed,2026-07-28T08:53:57.566Z,2026-07-28T08:53:57.566Z
163,3,MP010,Madu,madu,processed_composite,DABM-1964,20.0,294.0,0.3,0.0,79.5,0.2,0.2,5.0,16.0,0.9,6.0,26.9,0.04,0.2,0.0,0.0,,0.0,0.04,0.1,4.0,100.0,4.11_gula_sirup_dan_konfeksioneri.json,17c3b24519e148eec617392987607b590f6e06fd05804b148baf1e789574716c,2026-07-28T08:53:57.566Z,2026-07-28T08:53:57.566Z
164,3,MP011,"Markisa squash","markisa squash",processed_composite,KZGMI-2001,46.7,217.0,2.5,1.0,49.6,,0.2,6.0,83.0,0.6,14.0,65.0,0.0,0.1,,23.0,75.0,0.07,0.02,0.0,14.0,,4.11_gula_sirup_dan_konfeksioneri.json,d2254f2fe2c1e87ab25d1c793695c25469d96b0c69bb8e64e399743464b82913,2026-07-28T08:53:57.566Z,2026-07-28T08:53:57.566Z
165,3,MP012,"Markisa squash, BD","markisa squash bd",processed_composite,KZGMI-2001,74.4,104.0,1.2,0.5,23.7,,0.2,1.0,88.0,0.5,40.0,40.0,0.0,0.1,,7.0,40.0,0.2,0.02,0.0,12.0,,4.11_gula_sirup_dan_konfeksioneri.json,960c8e5092926db9a488030b7e062212a3a1bbd38b74e69e2e178e28a4a2d270,2026-07-28T08:53:57.566Z,2026-07-28T08:53:57.566Z
166,3,MP013,Melase,melase,processed_composite,DABM-1964,21.2,276.0,,0.1,71.0,0.0,7.7,6.0,83.0,0.6,14.0,,0.0,0.3,0.0,0.0,,0.04,,,0.0,100.0,4.11_gula_sirup_dan_konfeksioneri.json,810ce88d6daea8cb478a49c01e2fce10b10d61ebc7f657b7d3b3d7dbb155ecfe,2026-07-28T08:53:57.566Z,2026-07-28T08:53:57.566Z
167,3,MP014,Sirup,sirup,processed_composite,DABM-1964,44.0,213.0,0.0,0.0,55.0,0.0,1.0,0.0,0.0,0.0,3.0,4.2,,,,0.0,,0.0,0.0,0.0,,100.0,4.11_gula_sirup_dan_konfeksioneri.json,04d1796fd1bc7372958a2a086b64f01c195b5a1cf97d55a3acb2affba082b710,2026-07-28T08:53:57.566Z,2026-07-28T08:53:57.566Z
168,3,MP015,"Sirup pirous","sirup pirous",processed_composite,KZGMI-2001,43.3,228.0,0.2,0.4,55.9,0.0,0.2,470.0,93.0,29.5,3.0,4.2,,,,0.0,0.0,0.0,0.0,0.0,8.0,,4.11_gula_sirup_dan_konfeksioneri.json,acc6d160021a003f92d0238df04f8ed4de5fb99919d550941e43bac029c481ec,2026-07-28T08:53:57.566Z,2026-07-28T08:53:57.566Z
169,3,MP016,"Teh hijau daun kering","teh hijau daun kering",processed_composite,FCTEA-1972,7.7,300.0,28.3,4.8,53.6,9.6,5.6,245.0,415.0,18.9,60.0,5873.9,0.5,0.0,,8400.0,,0.38,1.24,4.6,230.0,100.0,4.11_gula_sirup_dan_konfeksioneri.json,e54789953fcb3de8b4476d3fe3ab45b1d94d491866d6392e32c6d67b9e46ba4c,2026-07-28T08:53:57.566Z,2026-07-28T08:53:57.566Z
170,3,MP017,"Teh hitam daun kering","teh hitam daun kering",processed_composite,FCTEA-1972,8.0,293.0,24.5,2.8,58.8,8.7,5.9,327.0,313.0,24.3,50.0,5854.8,0.0,0.0,0.0,2700.0,,0.07,0.8,7.6,9.0,100.0,4.11_gula_sirup_dan_konfeksioneri.json,c93efbe5cc5be7e3172317ea0f7f181cde34fafb36d9f4edff425aecf69f6b86,2026-07-28T08:53:57.566Z,2026-07-28T08:53:57.566Z
171,3,MP018,"Teh melati daun kering","teh melati daun kering",processed_composite,FCTEA-1972,8.1,299.0,24.1,3.5,59.0,9.7,5.3,320.0,185.0,31.6,70.0,5848.4,0.53,0.0,0.0,8400.0,,0.07,0.79,7.3,85.0,100.0,4.11_gula_sirup_dan_konfeksioneri.json,de0743bf31676c0e0ca6f49c4ea9d495936c4fe2d2e15592d82fd2a8b6820946,2026-07-28T08:53:57.566Z,2026-07-28T08:53:57.566Z
172,4,NR001,"Asam arang coklat, segar","asam arang coklat segar",single,KZGPI-1990,66.1,130.0,0.5,1.1,30.9,1.5,1.4,79.0,113.0,4.3,13.0,,0.0,,,745.0,0.0,0.01,0.2,0.0,0.0,,4.12_bumbu.json,dd49b7ba487f59a832039d46cc920d413d2d947cc85b53c514459fafaba61bec,2026-07-28T08:53:57.566Z,2026-07-28T08:53:57.566Z
173,4,NR002,"Asam arang merah, segar","asam arang merah segar",single,KZGPI-1990,75.9,99.0,0.8,1.6,20.3,2.8,1.4,69.0,300.0,4.6,2.0,96.0,0.0,0.1,,529.0,0.0,0.01,0.34,1.6,0.0,,4.12_bumbu.json,bb19a076c73b0700225cc4a9174b4e119e75034decd8cf294517f8413a631f9f,2026-07-28T08:53:57.566Z,2026-07-28T08:53:57.566Z
174,4,NR003,"Asan kandis, kering","asan kandis kering",single,KZGPI-1990,32.2,261.0,0.9,1.6,63.3,5.0,2.0,192.0,657.0,4.4,26.0,341.0,0.4,0.3,,0.0,0.0,0.0,0.0,0.4,0.0,100.0,4.12_bumbu.json,0d764e4778e0526faa9b668875b518235becec6afb5bbdf89b9eaade4e25b328,2026-07-28T08:53:57.566Z,2026-07-28T08:53:57.566Z
175,4,NR004,"Asam kandis, segar","asam kandis segar",single,KZGPI-1990,81.5,75.0,0.2,1.1,16.1,3.4,1.1,63.0,139.0,2.5,93.0,93.0,0.1,0.1,,41.0,0.0,0.01,0.0,0.1,0.0,,4.12_bumbu.json,b5cfca88a13c314e81ae706d4182a0df0d5a6b67286cb2e59039a6d26a022552,2026-07-28T08:53:57.566Z,2026-07-28T08:53:57.566Z
176,4,NR005,"Asam masak pohon, segar","asam masak pohon segar",single,DABM-1964,31.4,267.0,2.8,0.6,62.5,1.2,2.7,74.0,113.0,0.6,9.0,139.0,0.09,0.1,,9.0,30.0,0.34,0.04,0.7,2.0,48.0,4.12_bumbu.json,e6115cfa4ae1efb5e645edcf4edbe46ca9cbe79dd095d85ad42ade5f4cb1e576,2026-07-28T08:53:57.566Z,2026-07-28T08:53:57.566Z
177,4,NR006,"Asam payak, segar","asam payak segar",single,KZGPI-1990,65.1,135.0,0.8,0.4,32.1,10.0,1.6,60.0,39.0,5.7,0.0,,,,,,0.0,0.0,,,0.0,,4.12_bumbu.json,52a79da2354dc91cc4daa437dfe2c403acbe0d82f9b42589b603367f78ad0b57,2026-07-28T08:53:57.566Z,2026-07-28T08:53:57.566Z
178,4,NR007,"Bawang merah, segar","bawang merah segar",single,DABM-1964,88.0,46.0,1.5,0.3,9.2,1.7,1.0,36.0,40.0,0.8,7.0,179.0,0.06,0.2,,2.0,,0.03,0.04,0.2,2.0,90.0,4.12_bumbu.json,615dbbe93c1739832bf0343783b3f42a5a749a01f30f6ba1ba54b68f8752aa79,2026-07-28T08:53:57.566Z,2026-07-28T08:53:57.566Z
179,4,NR008,"Bawang putih, segar","bawang putih segar",single,DABM-1964,71.0,112.0,4.5,0.2,23.1,0.6,1.8,42.0,134.0,1.0,46.0,666.0,0.09,0.4,,0.0,,0.22,0.07,0.3,15.0,88.0,4.12_bumbu.json,d39befc344c2f846ec27752d9ba4f3f3290d1bd76954b67e50b5c0eb8059ea0c,2026-07-28T08:53:57.566Z,2026-07-28T08:53:57.566Z
180,4,NR009,"Boros kunci, segar","boros kunci segar",single,DABM-1964,90.0,40.0,1.0,0.8,7.2,1.0,1.0,50.0,50.0,2.0,33.0,480.0,0.02,0.3,,0.0,5000.0,0.08,0.68,1.7,50.0,80.0,4.12_bumbu.json,bb15a6905df9ebf9dc908d126596d8419b68f75d037ede358fb7355cc437b284,2026-07-28T08:53:57.566Z,2026-07-28T08:53:57.566Z
181,4,NR010,"Boros laja (lengkuas), segar","boros laja lengkuas segar",single,DABM-1964,93.0,26.0,1.0,0.3,4.7,1.1,1.0,50.0,50.0,2.0,24.0,137.0,0.07,0.3,,5.0,5000.0,0.08,0.06,0.3,50.0,80.0,4.12_bumbu.json,cb079c2acdb2997ba6bf024d498214d4466866b4096cbdb9570f0abba7e108bb,2026-07-28T08:53:57.566Z,2026-07-28T08:53:57.566Z
182,4,NR011,"Cabai gembor merah, segar","cabai gembor merah segar",single,KZGPI-1990,90.8,38.0,1.6,0.8,6.3,1.6,0.6,49.0,41.0,1.1,7.0,275.0,0.12,0.2,,5897.0,3240.0,0.21,0.12,0.0,16.0,89.0,4.12_bumbu.json,11f4e1469a3655356d6ce18098a9a49da1bae8d5ed9efac9a30f7dd25c9efec1,2026-07-28T08:53:57.566Z,2026-07-28T08:53:57.566Z
183,4,NR012,"Cabai hijau, segar","cabai hijau segar",single,DABM-1964,93.4,26.0,0.7,0.3,5.2,2.6,0.4,14.0,23.0,0.4,7.0,151.0,0.08,0.2,,44.0,260.0,0.05,0.06,0.4,84.0,82.0,4.12_bumbu.json,08afcbd62ed4608f2bd400b5220c6a899ea9ad481b2d616463c393cd746b224b,2026-07-28T08:53:57.566Z,2026-07-28T08:53:57.566Z
184,4,NR013,"Cabai merah, kering","cabai merah kering",single,DABM-1964,10.0,367.0,15.9,6.2,61.8,26.9,6.1,160.0,370.0,2.3,25.0,181.5,1.2,1.8,,10955.0,576.0,0.4,1.36,4.4,50.0,85.0,4.12_bumbu.json,d09862b5b41fb501af7c1fb538f487b263e379acbb5eedbd4b81b7782c1de40f,2026-07-28T08:53:57.566Z,2026-07-28T08:53:57.566Z
185,4,NR014,"Cabai merah, segar","cabai merah segar",single,DABM-1964,90.9,36.0,1.0,0.3,7.3,1.4,0.5,29.0,24.0,0.5,23.0,272.4,0.12,0.2,,5833.0,470.0,0.05,0.09,3.0,18.0,85.0,4.12_bumbu.json,351b89281e1f073990f20ed93c34a89931b533922d06e8220c4a213637587521,2026-07-28T08:53:57.566Z,2026-07-28T08:53:57.566Z
186,4,NR015,"Cabai rawit, segar","cabai rawit segar",single,DABM-1964,71.2,120.0,4.7,2.4,19.9,15.2,1.8,45.0,85.0,2.5,34.0,706.2,0.29,0.6,,1694.0,11050.0,0.24,0.09,1.7,70.0,85.0,4.12_bumbu.json,4e18602d14a06ee484b2733664838a316d228cfb835e3abc2118ffe01a74c315,2026-07-28T08:53:57.566Z,2026-07-28T08:53:57.566Z
187,4,NR016,"Cengkeh, kering","cengkeh kering",single,DABM-1964,23.3,330.0,5.2,8.9,57.4,10.0,5.2,740.0,100.0,4.9,282.0,961.0,0.3,0.0,,265.0,,200.0,0.0,0.0,,100.0,4.12_bumbu.json,8d1f447f9321ec0177cda17388c2b6d1c221c0da652a4208b160c14f9e72194e,2026-07-28T08:53:57.566Z,2026-07-28T08:53:57.566Z
188,4,NR017,"Daun salam, bubuk","daun salam bubuk",single,FCTEA-1972,13.1,301.0,14.2,10.9,49.0,9.4,12.8,86.0,250.0,44.1,180.0,619.0,1.31,0.7,0.0,5400.0,,0.1,0.32,5.0,0.0,100.0,4.12_bumbu.json,d44093a3f7684b1344fbfa0b71cbef2ffddc6f6a0bca29d7ba0d1a1c9ac25200,2026-07-28T08:53:57.566Z,2026-07-28T08:53:57.566Z
189,4,NR018,"Jahe, segar","jahe segar",single,DABM-1964,55.0,51.0,1.5,1.0,10.1,12.0,1.2,21.0,39.0,1.6,12.0,441.7,0.48,0.7,,0.0,9.0,0.02,0.17,3.3,4.0,97.0,4.12_bumbu.json,08e186ad59a655d0cecbf118d3c9fd55a2f07a4f8fca3e5efb40063f3e2321d0,2026-07-28T08:53:57.566Z,2026-07-28T08:53:57.566Z
190,4,NR019,Kemiri,kemiri,single,DABM-1964,7.0,675.0,19.0,63.0,8.0,3.0,3.0,80.0,200.0,2.0,25.0,430.7,0.23,0.8,,0.0,0.0,0.06,0.06,0.4,0.0,100.0,4.12_bumbu.json,ebf7c8df737931b3b1d3642ba412b20abdbac2aaced36578b9cddd1e8db0082b,2026-07-28T08:53:57.566Z,2026-07-28T08:53:57.566Z
191,4,NR020,"Ketumbar, kering","ketumbar kering",single,DABM-1964,11.2,418.0,14.1,16.1,54.2,12.3,4.4,630.0,370.0,17.9,91.0,1787.0,0.95,4.6,,75.0,1570.0,0.2,0.35,1.8,0.0,100.0,4.12_bumbu.json,0d15a3aa8ab9e50b27679d436380c24a714ba4b426334246540158e70a2088b5,2026-07-28T08:53:57.566Z,2026-07-28T08:53:57.566Z
192,4,NR021,Kluwek,kluwek,single,DABM-1964,51.0,310.0,10.0,24.0,13.5,,1.5,40.0,100.0,2.0,,,,,,,0.0,0.15,,,30.0,80.0,4.12_bumbu.json,7ba4ef70f40cff819894ac4e51c0f85a999f1874fa24bd764d6b23f83db691f7,2026-07-28T08:53:57.566Z,2026-07-28T08:53:57.566Z
193,4,NR022,"Kunyit, segar","kunyit segar",single,DABM-1964,84.9,69.0,2.0,2.7,9.1,0.6,1.3,24.0,78.0,3.3,6.0,406.7,0.05,0.4,,12.0,,0.03,0.02,0.4,1.0,78.0,4.12_bumbu.json,8829e2001680d437e77e9dcb82b8e34c5a8fd7ec9d3d5ad1a6bbce5759ca1e7b,2026-07-28T08:53:57.567Z,2026-07-28T08:53:57.567Z
194,4,NR023,"Merica, kering","merica kering",single,DABM-1964,12.9,365.0,11.5,6.8,64.4,1.0,4.4,460.0,200.0,16.4,4.0,99.7,0.89,1.1,,0.0,,0.2,0.1,2.5,,100.0,4.12_bumbu.json,ee0d773fc9c00c4b9d1b8bb56d425e859e7881791ce37fbb478bd642bcdba51a,2026-07-28T08:53:57.567Z,2026-07-28T08:53:57.567Z
195,4,NR024,"Pala, biji, kering","pala biji kering",single,DABM-1964,14.3,518.0,7.5,36.4,40.1,3.5,1.7,120.0,240.0,4.6,2.0,78.7,0.94,2.0,,7.0,,0.2,0.02,0.5,0.0,95.0,4.12_bumbu.json,ae947934feb140ce60ff8c51e76651bd55345c0a68c9be7f43cacc05f8e9cb8b,2026-07-28T08:53:57.567Z,2026-07-28T08:53:57.567Z
196,4,NP001,Balichong,balichong,processed_composite,KZGMI-2001,59.9,152.0,13.2,0.8,22.9,1.5,3.6,380.0,210.0,2.9,120.0,310.0,0.8,1.1,34.0,0.0,,0.01,0.08,0.2,,,4.12_bumbu.json,de9ccff89a7b8d6f030a95c6ab8f6891827f8abb442bf542d9e6b92c47eaa717,2026-07-28T08:53:57.567Z,2026-07-28T08:53:57.567Z
197,4,NP002,Bekasam,bekasam,processed_composite,KZGMI-2001,65.5,116.0,11.9,4.9,6.1,3.5,11.6,704.0,757.0,7.5,711.0,176.0,0.8,1.9,,0.0,,0.0,0.03,2.1,,,4.12_bumbu.json,def711cbc6b875b388605bc246a8f2fbcdd329edaf41b4b315f3f150cbb98d52,2026-07-28T08:53:57.567Z,2026-07-28T08:53:57.567Z
198,4,NP003,Bekasang,bekasang,processed_composite,KZGMI-2001,67.1,78.0,11.4,2.0,3.6,0.4,15.9,54.0,97.0,2.6,4016.0,121.0,0.2,4.8,,,,0.15,0.12,0.6,,,4.12_bumbu.json,efa4a4e3d94602bc38e72095e482e1abf1ba9b525e7f4593ef0a6f6b9fcf182c,2026-07-28T08:53:57.567Z,2026-07-28T08:53:57.567Z
199,4,NP004,Cuka,cuka,processed_composite,DABM-1964,94.5,21.0,0.1,0.1,5.0,0.0,0.3,7.0,10.0,0.5,21.0,37.8,0.0,0.0,,0.0,,0.24,0.0,0.7,,100.0,4.12_bumbu.json,bd631dd92e3e5eb99f1e58a1ab5a91aa985be84da86842a0edb10f1dc01d6eaa,2026-07-28T08:53:57.567Z,2026-07-28T08:53:57.567Z
200,4,NP005,Kecap,kecap,processed_composite,DABM-1964,63.0,71.0,5.7,1.3,9.0,0.0,21.0,123.0,96.0,5.7,1114.0,,0.04,,0.0,,,0.0,,,0.0,100.0,4.12_bumbu.json,f9ada032e336520d25eb9eef1da5612a4d86770d63c98ab02670405a477d6474,2026-07-28T08:53:57.567Z,2026-07-28T08:53:57.567Z
201,4,NP006,"Petis ikan","petis ikan",processed_composite,DABM-1964,56.0,165.0,20.0,0.2,20.8,,3.0,37.0,36.0,2.8,,,,,,,0.0,0.01,0.2,0.8,0.0,100.0,4.12_bumbu.json,305a6d21e3af68d666f4d91ad8a65e6da825f98d9a0b559edf7d2a64dee07096,2026-07-28T08:53:57.567Z,2026-07-28T08:53:57.567Z
202,4,NP007,"Petis udang kering","petis udang kering",processed_composite,KZGPI-1990,8.3,345.0,23.8,1.4,59.3,0.0,7.1,221.0,397.0,3.8,11998.0,462.8,0.75,1.9,,0.0,232.0,1.02,0.4,2.2,0.0,100.0,4.12_bumbu.json,5d078242776bc21d665e6815b57bbb1b6c79e115585feb2cc0932fc162e776ab,2026-07-28T08:53:57.567Z,2026-07-28T08:53:57.567Z
203,4,NP008,"Petis udang pasta","petis udang pasta",processed_composite,DABM-1964,39.0,220.0,15.0,0.9,38.0,2.3,7.1,37.0,36.0,2.8,7981.0,307.9,0.5,1.3,,0.0,0.0,0.01,0.13,1.7,0.0,100.0,4.12_bumbu.json,bcc2b12533c7ed08f86d7d0abc341695e479b6495aee9cb40da88aee11a16c78,2026-07-28T08:53:57.567Z,2026-07-28T08:53:57.567Z
204,4,NP009,"Saos tomat","saos tomat",processed_composite,DABM-1964,69.5,110.0,2.0,0.4,24.5,0.9,3.6,12.0,18.0,0.8,890.0,129.6,0.18,0.3,,357.0,570.0,0.09,0.06,1.7,11.0,100.0,4.12_bumbu.json,10bce8ad6ea2468f2ab8abc0d5f2042cf65403da75ce8c0c6c905c7d7a1b80fd,2026-07-28T08:53:57.567Z,2026-07-28T08:53:57.567Z
205,4,NP010,Tempoya,tempoya,processed_composite,KZGMI-2001,70.1,110.0,1.7,1.3,21.9,2.6,5.0,190.0,45.0,2.9,597.0,486.3,,,,71.0,,0.3,0.04,1.1,0.0,100.0,4.12_bumbu.json,8b8baedf5c597d437aaa45e51507136ea8d8b71cc81c1b06ec53f4cf59901762,2026-07-28T08:53:57.567Z,2026-07-28T08:53:57.567Z
206,4,NP011,Terasi,terasi,processed_composite,KZGPI-1990,33.8,155.0,22.3,2.9,9.9,2.7,31.1,3812.0,726.0,78.5,1664.0,821.4,0.99,2.4,,0.0,0.0,0.24,0.0,3.3,0.0,100.0,4.12_bumbu.json,34b94168cb542b13f2c5dbb728b7957ff807b47e165640f9ec5af740d44bc5bd,2026-07-28T08:53:57.567Z,2026-07-28T08:53:57.567Z
207,4,NP012,"Terasi dobo","terasi dobo",processed_composite,KZGMI-2001,58.4,191.0,33.1,3.6,6.6,1.6,11.5,2250.0,1130.0,22.9,650.0,1260.0,2.9,5.0,,0.0,,3.74,0.22,2.0,,100.0,4.12_bumbu.json,6e0f65664cbd48ecdb98971a63158b462dc2072c451ab3f6de2f3ced262f9549,2026-07-28T08:53:57.567Z,2026-07-28T08:53:57.567Z
208,4,NP013,"Terasi merah","terasi merah",processed_composite,DABM-1964,40.0,174.0,30.0,3.5,5.6,2.2,20.4,100.0,150.0,3.1,7850.0,302.8,0.49,1.2,,0.0,0.0,0.0,0.12,1.7,0.0,100.0,4.12_bumbu.json,ec68157ed938075b8700ecf86bdb9acf76d13500c0fd1aaae9a1df9dda419861,2026-07-28T08:53:57.567Z,2026-07-28T08:53:57.567Z
209,5,BR001,"Arrowroot, segar","arrowroot segar",single,KZGPI-1990,73.5,102.0,1.0,0.2,24.1,1.7,1.2,28.0,35.0,1.7,36.0,626.6,0.2,0.8,0.0,15.0,0.0,0.06,0.1,2.3,2.0,100.0,4.2_umbi_berpati_dan_hasil_olahannya.json,57d2a711fce1f4280d648365758b8b8749198396f506e30095a03fdd8887ee5d,2026-07-28T08:53:57.567Z,2026-07-28T08:53:57.567Z
210,5,BR002,"Batatas gembili, segar","batatas gembili segar",single,KZGMI-2001,76.7,76.0,1.1,0.9,16.0,4.2,0.7,0.0,40.0,0.2,10.0,200.0,0.2,0.3,0.0,0.0,0.0,0.06,0.0,0.9,0.0,85.0,4.2_umbi_berpati_dan_hasil_olahannya.json,18c7e0ede00bf35298c1fa97d47bf65caf3506e42c536683abfa7c69d31567b7,2026-07-28T08:53:57.567Z,2026-07-28T08:53:57.567Z
211,5,BR003,"Batatas kelapa, ubi, segar","batatas kelapa ubi segar",single,KZGMI-2001,76.1,89.0,1.1,0.1,21.0,4.0,0.7,0.0,40.0,0.2,20.0,340.0,0.1,0.2,0.0,0.0,0.0,0.38,0.0,0.9,0.0,85.0,4.2_umbi_berpati_dan_hasil_olahannya.json,39974d575adca18cc009677b4b13f37b0ab97b129b81cc9c1632e930dbb73882,2026-07-28T08:53:57.567Z,2026-07-28T08:53:57.567Z
212,5,BR004,"Belitung, talas, segar","belitung talas segar",single,KZGPI-1990,63.1,145.0,1.2,0.4,34.2,1.5,1.1,26.0,54.0,1.4,6.0,536.1,0.2,0.9,0.0,0.0,0.0,0.1,0.1,2.3,2.0,85.0,4.2_umbi_berpati_dan_hasil_olahannya.json,decbcdc786c564c9a163fa8d1a3c88469365fa1e7b3dd83d1b13a6380ebe5f1d,2026-07-28T08:53:57.567Z,2026-07-28T08:53:57.567Z
213,5,BR005,"Bengkuang, segar","bengkuang segar",single,DABM-1964,85.1,59.0,1.4,0.2,12.8,1.0,0.5,15.0,18.0,0.6,2.0,244.3,0.1,0.3,,0.0,,0.04,0.1,0.2,20.0,84.0,4.2_umbi_berpati_dan_hasil_olahannya.json,17b469660674dde16a2fd08ac9041ee41e0a1aafa934f6e48b6aae97118ea07c,2026-07-28T08:53:57.567Z,2026-07-28T08:53:57.567Z
214,5,BR006,"Bentul (Komba), talas, segar","bentul komba talas segar",single,KZGPI-1990,75.8,98.0,1.6,0.7,20.9,0.7,1.8,44.0,66.0,1.5,,195.5,0.2,0.6,0.0,0.0,0.0,0.02,0.1,0.8,0.0,86.0,4.2_umbi_berpati_dan_hasil_olahannya.json,e8319056cdc40e4641e89edb6c63fb75d839319eef036d091860981ac7b3f126,2026-07-28T08:53:57.567Z,2026-07-28T08:53:57.567Z
215,5,BR007,"Gadeng/Gadung, kering","gadeng gadung kering",single,KZGMI-2001,20.2,322.0,2.4,0.6,76.6,,0.2,39.0,22.0,2.2,5.0,2.0,0.5,0.2,0.0,0.0,0.0,0.45,0.02,1.0,0.0,100.0,4.2_umbi_berpati_dan_hasil_olahannya.json,45cd64d23627bfe334a8711fa5252d6ba992abcad2d83e4d356926cbd5c6ca20,2026-07-28T08:53:57.567Z,2026-07-28T08:53:57.567Z
216,5,BR008,"Gadung, ubi, segar","gadung ubi segar",single,KZGPI-1990,74.4,100.0,0.9,0.3,23.5,2.1,0.9,79.0,66.0,0.9,8.0,687.2,0.2,0.2,0.0,0.0,0.0,0.23,0.0,0.5,2.0,85.0,4.2_umbi_berpati_dan_hasil_olahannya.json,d5657bbade02be703d2a8c7db7dfad9753ee3e2599db5cf10dc178a5bed04a29,2026-07-28T08:53:57.567Z,2026-07-28T08:53:57.567Z
217,5,BR009,"Ganyong, segar","ganyong segar",single,KZGPI-1990,79.9,77.0,0.6,0.2,18.4,0.8,0.9,15.0,67.0,1.0,,,,,0.0,0.0,0.0,0.1,,,9.0,65.0,4.2_umbi_berpati_dan_hasil_olahannya.json,03919562108bd3f6c0acd4bb15e2541596c319148f238518265d53ce8631e385,2026-07-28T08:53:57.567Z,2026-07-28T08:53:57.567Z
218,5,BR010,"Gembili, ubi, segar","gembili ubi segar",single,KZGPI-1990,66.4,131.0,1.1,0.2,31.3,1.1,1.0,14.0,56.0,0.6,10.0,200.0,0.2,0.3,0.0,0.0,0.0,0.08,0.0,0.9,4.0,85.0,4.2_umbi_berpati_dan_hasil_olahannya.json,e4a1e1efed17ea78773594099cd4fe55cf31d53652818a828cc8cbd7764019a7,2026-07-28T08:53:57.567Z,2026-07-28T08:53:57.567Z
219,5,BR011,"Hofa/Ubi hutan, segar","hofa ubi hutan segar",single,KZGMI-2001,67.9,127.0,1.2,0.5,29.5,3.4,0.9,30.0,8.0,0.7,3.0,4.0,0.1,0.2,0.0,0.0,0.0,0.3,0.05,0.6,0.0,85.0,4.2_umbi_berpati_dan_hasil_olahannya.json,3056735d4dc56371a5046ab0c96bf502aff98c104e4f5c99ac48c08745c7d090,2026-07-28T08:53:57.567Z,2026-07-28T08:53:57.567Z
220,5,BR012,"Kaburan, ubi, segar","kaburan ubi segar",single,KZGPI-1990,66.5,133.0,1.0,0.2,32.2,0.7,0.5,65.0,50.0,0.6,10.0,899.2,0.2,0.2,0.0,0.0,0.0,0.01,0.0,0.3,0.0,81.0,4.2_umbi_berpati_dan_hasil_olahannya.json,ff687c79b1cc26bbfdffb0047eec278854dc34362c0b826b6588b46479ab0216,2026-07-28T08:53:57.567Z,2026-07-28T08:53:57.567Z
221,5,BR013,"Kentang, segar","kentang segar",single,KZGPI-1990,83.4,62.0,2.1,0.2,13.5,0.5,0.8,63.0,58.0,0.7,7.0,396.0,0.4,0.3,0.0,0.0,0.0,0.09,0.1,1.0,21.0,85.0,4.2_umbi_berpati_dan_hasil_olahannya.json,2692f798f846dbe0d334e0be1cbfc0948e3bb3ce9d6c8b6f928c9975b17a9157,2026-07-28T08:53:57.567Z,2026-07-28T08:53:57.567Z
222,5,BR014,"Kentang hitam, segar","kentang hitam segar",single,DABM-1964,64.0,142.0,0.9,0.4,33.7,5.4,1.0,34.0,75.0,0.2,22.0,890.3,0.9,0.6,,0.0,,0.02,0.1,2.2,38.0,75.0,4.2_umbi_berpati_dan_hasil_olahannya.json,c2d361cd72d96fc56f9cc305beb4c1218a4ba8c74d2976e86167bb8a17e149b3,2026-07-28T08:53:57.567Z,2026-07-28T08:53:57.567Z
223,5,BR015,"Keribang, ubi, segar","keribang ubi segar",single,KZGPI-1990,67.0,137.0,1.3,1.1,29.8,0.6,0.8,45.0,56.0,0.8,10.0,885.8,0.2,0.3,0.0,0.0,0.0,0.0,0.0,0.7,0.0,83.0,4.2_umbi_berpati_dan_hasil_olahannya.json,1c805fe76688bfa9860d02018b302f8d4ac56175fc9fb7ce045e56a9fb05dc1d,2026-07-28T08:53:57.567Z,2026-07-28T08:53:57.567Z
224,5,BR016,"Ketela pohon/ singkong, segar","ketela pohon singkong segar",single,KZGPI-1990,61.4,154.0,1.0,0.3,36.8,0.9,0.5,77.0,24.0,1.1,2.0,394.0,0.3,0.4,0.0,0.0,0.0,0.06,0.1,0.5,31.0,85.0,4.2_umbi_berpati_dan_hasil_olahannya.json,2e18f673c1b18056442ebf5cfe454b4d2e057d5acead9039060b84a16f1a48d7,2026-07-28T08:53:57.567Z,2026-07-28T08:53:57.567Z
225,5,BR017,"Lepok/Ubi rumput","lepok ubi rumput",single,KZGMI-2001,55.3,181.0,2.8,1.2,39.8,10.7,0.9,7.0,50.0,3.1,116.0,306.0,1.6,0.9,0.0,0.0,0.0,0.28,0.05,1.5,0.0,85.0,4.2_umbi_berpati_dan_hasil_olahannya.json,b3081ed05d8dddde8374b98f12bd46910bef3fd508dc284348f29ee080c28360,2026-07-28T08:53:57.567Z,2026-07-28T08:53:57.567Z
226,5,BR018,"Sagu aren, kering","sagu aren kering",single,KZGPI-1990,11.9,355.0,0.6,1.1,85.6,0.3,0.8,91.0,167.0,2.2,2.0,200.0,0.0,0.3,,,0.0,0.04,0.1,0.5,0.0,100.0,4.2_umbi_berpati_dan_hasil_olahannya.json,c1a1cb63b75d52058f3c887d60a001718969b53e9d142c9c5957e74832c3f3a7,2026-07-28T08:53:57.567Z,2026-07-28T08:53:57.567Z
227,5,BR019,"Sagu aren, segar","sagu aren segar",single,KZGMI-2001,42.5,231.0,0.6,0.2,56.6,3.2,0.1,20.0,20.0,0.1,7.0,0.0,0.1,0.1,0.0,,0.0,0.2,0.0,0.0,0.0,100.0,4.2_umbi_berpati_dan_hasil_olahannya.json,3267cb80a3587965a54aa5aca1b8fdf69430621af926d095832243a7ec8616e4,2026-07-28T08:53:57.567Z,2026-07-28T08:53:57.567Z
228,5,BR020,"Sagu kasbi segar","sagu kasbi segar",single,KZGMI-2001,42.5,230.0,0.6,0.2,56.5,3.0,0.2,20.0,1.0,0.3,100.0,410.0,0.1,0.2,0.0,0.0,0.0,0.1,0.0,0.0,0.0,100.0,4.2_umbi_berpati_dan_hasil_olahannya.json,0958cdacc9be28ba7ccdcba13cfa788fb8f1d62482ba3fcc90db4529f6c9d5cc,2026-07-28T08:53:57.567Z,2026-07-28T08:53:57.567Z
229,5,BR021,"Sagu lempeng","sagu lempeng",single,KZGMI-2001,13.5,347.0,0.9,0.3,85.2,4.7,0.1,30.0,30.0,0.2,11.0,0.0,0.1,0.1,0.0,0.0,,0.3,0.0,0.0,0.0,100.0,4.2_umbi_berpati_dan_hasil_olahannya.json,7c40bac4c539b82543fefa46adad007ff0bd28094393ffc754f47cec920a5f16,2026-07-28T08:53:57.567Z,2026-07-28T08:53:57.567Z
230,5,BR022,"Sagu singkong, kering","sagu singkong kering",single,DABM-1964,12.0,362.0,0.5,0.3,86.9,,0.3,0.0,0.0,0.0,,,,,,0.0,0.0,0.0,,,0.0,100.0,4.2_umbi_berpati_dan_hasil_olahannya.json,6268318c8ba168a93ba0830fb80a599adfef3213052692308414a114eee62809,2026-07-28T08:53:57.567Z,2026-07-28T08:53:57.567Z
231,5,BR023,"Sente, talas, segar","sente talas segar",single,DABM-1964,14.0,353.0,0.7,0.2,84.7,6.6,0.4,11.0,13.0,1.5,30.0,694.6,0.6,2.2,,41.0,,0.05,0.2,2.8,5.0,86.0,4.2_umbi_berpati_dan_hasil_olahannya.json,f59ceceeb21faf55eb2cf3ef236d6e59dd4edbbcbcc3e698008a0a63733088cf,2026-07-28T08:53:57.567Z,2026-07-28T08:53:57.567Z
232,5,BR024,"Suweg, talas, segar","suweg talas segar",single,KZGPI-1990,80.1,74.0,1.4,0.1,17.2,1.4,1.2,42.0,46.0,1.3,7.0,400.0,0.1,0.1,0.0,24.0,254.0,0.04,0.0,0.4,2.0,86.0,4.2_umbi_berpati_dan_hasil_olahannya.json,fddcde961e9f4481cf6a69640740a005d378eae4f3e44214c7ce4c9dd486ebb3,2026-07-28T08:53:57.567Z,2026-07-28T08:53:57.567Z
233,5,BR025,"Talas bogor, segar","talas bogor segar",single,KZGPI-1990,72.4,108.0,1.4,0.4,25.0,0.9,0.8,47.0,67.0,0.7,10.0,448.0,0.2,0.7,0.0,0.0,0.0,0.06,0.07,1.0,4.0,85.0,4.2_umbi_berpati_dan_hasil_olahannya.json,6698556d04f0445130738ae648250a2abc7bb0708dfcde713e78c888f44b3f9c,2026-07-28T08:53:57.567Z,2026-07-28T08:53:57.567Z
234,5,BR026,"Talas pontianak, segar","talas pontianak segar",single,KZGPI-1990,60.0,163.0,2.3,0.5,36.4,0.7,0.9,45.0,80.0,1.7,14.0,323.1,0.3,1.0,0.0,0.0,0.0,0.02,0.1,1.3,,83.0,4.2_umbi_berpati_dan_hasil_olahannya.json,e5adeb585a5657cd993720c4cced12ba5c1bab23ffbf769071bb6f4403a4feca,2026-07-28T08:53:57.567Z,2026-07-28T08:53:57.567Z
235,5,BR027,"Talas viqueque, segar","talas viqueque segar",single,KZGMI-2001,70.6,115.0,1.8,0.5,25.9,8.6,1.2,50.0,220.0,0.9,1.0,70.0,0.3,1.0,0.0,0.0,0.0,0.08,0.1,0.9,,85.0,4.2_umbi_berpati_dan_hasil_olahannya.json,b614f19b478b0dd8686929f0e10ee3914e8fa85b5327f24b591a4f99889d53c0,2026-07-28T08:53:57.567Z,2026-07-28T08:53:57.567Z
236,5,BR028,"Ubi jalar, kuning, segar","ubi jalar kuning segar",single,KZGMI-2001,72.6,119.0,0.5,0.4,25.1,4.2,1.0,30.0,40.0,0.4,3.0,1.0,0.1,0.2,0.0,794.0,4948.0,0.06,0.07,0.7,21.0,85.0,4.2_umbi_berpati_dan_hasil_olahannya.json,3ec76ef28cd125c71c1d2d5c7be49c2af2ca640b0853393be3fda9feff9516ac,2026-07-28T08:53:57.567Z,2026-07-28T08:53:57.567Z
237,5,BR029,"Ubi jalar manis, segar","ubi jalar manis segar",single,KZGPI-1990,78.4,83.0,1.5,0.2,18.8,0.6,1.1,27.0,162.0,2.1,52.0,320.7,0.1,0.3,0.0,0.0,0.0,0.02,0.0,0.4,0.0,85.0,4.2_umbi_berpati_dan_hasil_olahannya.json,d6b8197ecd9d4e5a5d6f55b051127db3e225f2c83cbaef1d747a2d3262ec4993,2026-07-28T08:53:57.567Z,2026-07-28T08:53:57.567Z
238,5,BR030,"Ubi jalar merah, segar","ubi jalar merah segar",single,KZGPI-1990,61.9,151.0,1.6,0.3,35.4,0.7,0.6,29.0,74.0,0.7,92.0,565.6,0.3,0.5,0.0,0.0,1208.0,0.13,0.08,0.7,11.0,86.0,4.2_umbi_berpati_dan_hasil_olahannya.json,4ce41d952c39fda661e2e461e90d69468b8da700f8997ea7acdd43e12125120a,2026-07-28T08:53:57.567Z,2026-07-28T08:53:57.567Z
239,5,BR031,"Ubi jalar putih, segar","ubi jalar putih segar",single,KZGMI-2001,77.8,88.0,0.4,0.4,20.6,4.0,0.8,30.0,10.0,0.5,2.0,4.0,0.1,0.2,0.0,13.0,264.0,0.25,0.06,0.5,36.0,86.0,4.2_umbi_berpati_dan_hasil_olahannya.json,b1a0044919250ba8b6a132c7dcabfd01fc8b28e7cb14f5248d5cb98c33167ebb,2026-07-28T08:53:57.567Z,2026-07-28T08:53:57.567Z
240,5,BR032,"Ubi jalar tinta/ kemayung","ubi jalar tinta kemayung",single,KZGMI-2001,72.5,108.0,0.5,0.4,25.6,4.2,1.0,30.0,40.0,0.5,1.0,1.0,0.1,0.2,0.0,13.0,0.0,0.09,0.06,0.6,24.0,85.0,4.2_umbi_berpati_dan_hasil_olahannya.json,7bb98a1ba09b35539cf75fdafeb46e425bf6989b4dc2363cad024d324303d395,2026-07-28T08:53:57.567Z,2026-07-28T08:53:57.567Z
241,5,BR033,"Umbi Uwi, segar","umbi uwi segar",single,BKP,69.7,120.0,2.8,0.5,82.3,2.6,0.9,9.0,42.0,1.3,12.0,412.0,0.3,0.6,,0.0,0.0,0.02,0.5,0.2,4.0,86.0,4.2_umbi_berpati_dan_hasil_olahannya.json,69076b309d8197c2795aff1133e4aa1f9b2bb14ed3679703a1285dec3a4b7fd3,2026-07-28T08:53:57.567Z,2026-07-28T08:53:57.567Z
242,5,BP001,"Batatas kelapa, ubi, bakar","batatas kelapa ubi bakar",processed_composite,KZGMI-2001,73.2,110.0,1.4,1.1,23.4,4.5,0.7,1.0,46.0,0.2,12.0,230.0,0.2,0.3,0.0,0.0,0.0,1.13,0.0,0.0,0.0,85.0,4.2_umbi_berpati_dan_hasil_olahannya.json,e727a9de74715f385cc42d027366aa1b4b2379fe66fc4306068448c7f4a77ed4,2026-07-28T08:53:57.567Z,2026-07-28T08:53:57.567Z
243,5,BP002,"Batatas kelapa, ubi, kukus","batatas kelapa ubi kukus",processed_composite,KZGMI-2001,75.7,92.0,1.2,0.3,21.0,4.1,1.8,0.0,42.0,0.2,10.0,209.0,0.2,0.3,0.0,0.0,0.0,0.28,0.0,0.7,0.0,100.0,4.2_umbi_berpati_dan_hasil_olahannya.json,f70076392d0f101b41f3fefa3b8551d879a229a7e63e873c656c92b58718336e,2026-07-28T08:53:57.567Z,2026-07-28T08:53:57.567Z
244,5,BP003,"Batatas tali, ubi, rebus","batatas tali ubi rebus",processed_composite,KZGMI-2001,53.2,182.0,2.4,0.4,42.2,9.2,1.8,1.0,80.0,0.3,20.0,402.0,0.3,0.6,0.0,0.0,0.0,0.27,0.0,1.3,0.0,100.0,4.2_umbi_berpati_dan_hasil_olahannya.json,539973a96b49e7fc0a116ee20e054872182574145f451ab7b2c4052cf3191958,2026-07-28T08:53:57.567Z,2026-07-28T08:53:57.567Z
245,5,BP004,"Belitung, talas, kukus","belitung talas kukus",processed_composite,KZGPI-1990,63.1,145.0,1.2,0.4,34.2,1.0,1.1,21.0,48.0,0.9,7.0,552.6,0.2,0.9,0.0,0.0,0.0,0.08,0.1,2.3,1.0,100.0,4.2_umbi_berpati_dan_hasil_olahannya.json,d29c978ffdd21c4a456e4a2a7f92bfb80af78bdda5f4654ae1b6b920a799baf0,2026-07-28T08:53:57.567Z,2026-07-28T08:53:57.567Z
246,5,BP005,"Bentul, talas, kukus","bentul talas kukus",processed_composite,KZGPI-1990,81.1,71.0,2.3,0.3,15.4,0.5,0.9,29.0,26.0,0.6,,201.0,0.2,0.6,0.0,0.0,0.0,0.06,0.0,0.0,21.0,100.0,4.2_umbi_berpati_dan_hasil_olahannya.json,37e406a49e9723acbfa939d262ed90447ced4d2ef8422f0b9e67e5bbddcaa2e6,2026-07-28T08:53:57.567Z,2026-07-28T08:53:57.567Z
247,5,BP006,"Gadung, ubi, kukus","gadung ubi kukus",processed_composite,KZGPI-1990,77.4,88.0,0.6,0.3,20.9,0.9,0.8,26.0,47.0,0.4,6.0,584.0,0.2,0.2,0.0,0.0,0.0,0.03,0.0,0.4,0.0,100.0,4.2_umbi_berpati_dan_hasil_olahannya.json,9247832f7434fe1dbd8adc4ac945233c81d56367ff15d6f4bd76dcf921cba250,2026-07-28T08:53:57.567Z,2026-07-28T08:53:57.567Z
248,5,BP007,"Ganyong, rebus","ganyong rebus",processed_composite,KZGPI-1990,74.1,100.0,0.8,0.2,23.8,0.9,1.1,15.0,65.0,0.9,,,,,0.0,0.0,0.0,0.04,,,6.0,100.0,4.2_umbi_berpati_dan_hasil_olahannya.json,a6f7e196adfa7b945766178eb69f8446b86d3731f9c50a601b526df519d81e1f,2026-07-28T08:53:57.567Z,2026-07-28T08:53:57.567Z
249,5,BP008,"Ketela pohon/ singkong kukus","ketela pohon singkong kukus",processed_composite,KZGPI-1990,61.5,153.0,1.2,0.3,36.4,1.3,0.6,56.0,22.0,0.4,2.0,345.3,0.3,0.1,0.0,0.0,0.0,0.0,0.0,0.3,20.0,100.0,4.2_umbi_berpati_dan_hasil_olahannya.json,86f93c2bbe686f07501dfcd0342336b551c1f9dfa957cdd88d2c3611e4a444cf,2026-07-28T08:53:57.567Z,2026-07-28T08:53:57.567Z
250,5,BP009,"Suweg, talas, kukus","suweg talas kukus",processed_composite,KZGPI-1990,75.5,93.0,1.5,0.1,21.9,0.9,1.0,50.0,58.0,0.8,6.0,350.3,0.1,0.1,0.0,0.0,283.0,0.09,0.0,0.3,0.0,100.0,4.2_umbi_berpati_dan_hasil_olahannya.json,eb1fd4c2bbda512769831a0ac434bd890433a39cd2c2d52adc096cf5f9cfc708,2026-07-28T08:53:57.567Z,2026-07-28T08:53:57.567Z
251,5,BP010,"Talas bogor, kukus","talas bogor kukus",processed_composite,KZGPI-1990,69.2,120.0,1.5,0.3,28.2,0.7,0.8,31.0,63.0,0.7,11.0,498.0,0.2,0.6,0.0,0.0,0.0,0.05,0.6,0.8,2.0,100.0,4.2_umbi_berpati_dan_hasil_olahannya.json,f62ed70981c8268171a45aef3208d5da3db53be0075e15a36f5b53ce3acce045,2026-07-28T08:53:57.567Z,2026-07-28T08:53:57.567Z
252,5,BP011,"Ubi jalar, kuning, kukus","ubi jalar kuning kukus",processed_composite,KZGPI-1990,74.2,100.0,0.7,0.3,23.8,1.0,1.0,44.0,46.0,0.4,3.0,0.8,0.1,0.2,0.0,819.0,4427.0,0.0,0.1,0.6,16.0,100.0,4.2_umbi_berpati_dan_hasil_olahannya.json,2ddb97b1563dc8e0f0c0957666b3a6175cc2d5ca988373f9014005278ab50271,2026-07-28T08:53:57.567Z,2026-07-28T08:53:57.567Z
253,5,BP012,"Ubi jalar tinta/ kemayung kukus","ubi jalar tinta kemayung kukus",processed_composite,KZGPI-1990,58.5,165.0,0.9,0.2,39.8,1.1,0.6,20.0,23.0,0.8,1.0,0.9,0.1,0.2,0.0,0.0,0.0,0.02,0.1,0.5,0.0,100.0,4.2_umbi_berpati_dan_hasil_olahannya.json,23602db82b483e2b30b30c92574228a1211760f0c28bfd9e287161ff35bcb846,2026-07-28T08:53:57.567Z,2026-07-28T08:53:57.567Z
254,5,BP013,"Bagea kelapa asin","bagea kelapa asin",processed_composite,KZGMI-2001,3.5,450.0,3.2,13.9,78.1,,1.3,38.0,38.0,0.3,74.0,0.0,0.2,0.2,0.0,0.0,0.0,0.3,0.0,0.0,0.0,100.0,4.2_umbi_berpati_dan_hasil_olahannya.json,e7faf177968a8882a3327db055fc54d07121ec8075bff5be1715193bb0aec875,2026-07-28T08:53:57.567Z,2026-07-28T08:53:57.567Z
255,5,BP014,"Bagea kelapa manis","bagea kelapa manis",processed_composite,KZGMI-2001,3.0,452.0,1.3,13.8,80.6,,1.3,38.0,39.0,0.3,75.0,0.0,0.2,0.2,0.0,0.0,0.3,0.0,0.0,0.0,0.0,100.0,4.2_umbi_berpati_dan_hasil_olahannya.json,483816dae56780d2e67d283a777df69525c7afd65cd7b7db7dd1585f547afdfc,2026-07-28T08:53:57.567Z,2026-07-28T08:53:57.567Z
256,5,BP015,"Bagea kenari asin","bagea kenari asin",processed_composite,KZGMI-2001,2.8,529.0,3.2,29.1,63.6,,1.3,38.0,40.0,0.4,74.0,0.0,0.2,0.2,0.0,0.0,0.0,0.3,0.0,0.0,0.0,100.0,4.2_umbi_berpati_dan_hasil_olahannya.json,ff5b63c8242396a5bbcd8edc83474e10454e8100795d3e1016c2e611174e21b3,2026-07-28T08:53:57.567Z,2026-07-28T08:53:57.567Z
257,5,BP016,"Bagea kenari manis","bagea kenari manis",processed_composite,KZGMI-2001,3.1,523.0,3.2,28.2,64.2,,1.3,38.0,39.0,0.3,74.0,0.0,0.2,0.2,0.0,0.0,0.0,0.3,0.0,0.0,0.0,100.0,4.2_umbi_berpati_dan_hasil_olahannya.json,d0aad3feeb5c3fbf315e7c42209a60cb29ae8068fe1ce273b84f1332324992ed,2026-07-28T08:53:57.567Z,2026-07-28T08:53:57.567Z
258,5,BP017,"Bagea kw 1","bagea kw 1",processed_composite,KZGPI-1990,7.2,416.0,6.5,9.4,76.3,0.4,0.6,49.0,77.0,4.9,,,,,13.0,,312.0,0.08,,2.6,0.0,100.0,4.2_umbi_berpati_dan_hasil_olahannya.json,229bbe96b3f85fc9218446e099d82ad8f4d1f073fb7b7eed37f71ecc190b1a1f,2026-07-28T08:53:57.567Z,2026-07-28T08:53:57.567Z
259,5,BP018,"Bagea kw 2","bagea kw 2",processed_composite,KZGPI-1990,7.9,382.0,0.3,3.5,87.2,0.9,1.1,172.0,120.0,7.6,,,,,0.0,0.0,0.0,0.02,,,0.0,100.0,4.2_umbi_berpati_dan_hasil_olahannya.json,e891359532adadc84e2b8bafb0604f0e0e9d1715e4112dbf938df0b6945772d6,2026-07-28T08:53:57.567Z,2026-07-28T08:53:57.567Z
260,5,BP019,"Beras Cerdas","beras cerdas",processed_composite,BKP,11.3,350.0,2.7,1.1,82.3,6.2,2.6,28.0,351.0,2.9,358.0,568.0,0.2,0.9,,0.0,0.0,0.02,0.2,0.3,0.0,100.0,4.2_umbi_berpati_dan_hasil_olahannya.json,c1838f6da0b2f64a0a12b6c2f41aebf2cb4eae358d29a2afd378bc06e1a38ceb,2026-07-28T08:53:57.567Z,2026-07-28T08:53:57.567Z
261,5,BP020,"Beras ganyong","beras ganyong",processed_composite,BKP,9.3,364.0,3.4,0.7,86.3,4.7,0.5,4.0,47.0,5.0,4.0,72.2,0.2,0.6,,1.0,0.1,0.02,0.02,0.3,0.0,100.0,4.2_umbi_berpati_dan_hasil_olahannya.json,7a7cbc27a6c543360ff6bf9285ddb44c222e48dc38680f75f9679746b4b37e2a,2026-07-28T08:53:57.567Z,2026-07-28T08:53:57.567Z
262,5,BP021,"Beras Siger","beras siger",processed_composite,BKP,13.5,344.0,1.1,0.2,28.3,5.6,0.7,32.0,22.0,5.6,106.0,77.9,0.1,0.5,,0.0,0.0,0.02,0.1,0.2,0.0,100.0,4.2_umbi_berpati_dan_hasil_olahannya.json,27177249bf1a99f015cb8d1b4146a634d25dab1e3baf57febc28253adc5e05cc,2026-07-28T08:53:57.567Z,2026-07-28T08:53:57.567Z
263,5,BP022,"Biji nangka/Biji salak","biji nangka biji salak",processed_composite,KZGMI-2001,40.5,262.0,2.3,5.4,51.1,8.0,0.7,60.0,80.0,0.8,10.0,2.0,0.6,2.0,0.0,1667.0,,0.1,1.0,,10.0,100.0,4.2_umbi_berpati_dan_hasil_olahannya.json,2d66725da8f8f13bcc0158cc831d424c6e37668dd10709fdd1b556b1df5515ca,2026-07-28T08:53:57.567Z,2026-07-28T08:53:57.567Z
264,5,BP023,"Bubur sagu","bubur sagu",processed_composite,KZGMI-2001,62.5,167.0,0.2,4.0,33.0,,0.3,3.0,3.0,0.1,7.0,0.0,0.1,0.1,0.0,0.0,0.0,9.0,,0.1,0.0,100.0,4.2_umbi_berpati_dan_hasil_olahannya.json,e91e1c429fcc55d71978eebf1ee9efb51a750a13bb1af68244b66395aaa1d0f5,2026-07-28T08:53:57.567Z,2026-07-28T08:53:57.567Z
265,5,BP024,Cassavastick,cassavastick,processed_composite,KZGPI-1990,5.6,460.0,0.8,18.7,17.2,1.6,2.7,144.0,58.0,7.5,,,,,0.0,,107.0,0.19,0.07,0.1,0.0,100.0,4.2_umbi_berpati_dan_hasil_olahannya.json,c6c592b38cad93582f4b954bdbd3a07961f4dd94e8e05f1688224f4228ecb0b9,2026-07-28T08:53:57.567Z,2026-07-28T08:53:57.567Z
266,5,BP025,"Ceriping getuk singkong","ceriping getuk singkong",processed_composite,KZGPI-1990,7.2,462.0,1.2,20.7,67.7,0.6,3.2,1248.0,172.0,8.8,,,,,0.0,,152.0,0.29,0.02,0.5,0.0,100.0,4.2_umbi_berpati_dan_hasil_olahannya.json,c030bc0db47e872459328b98c5f0d79338a70ca7bdac439e6bd8b487b784c581,2026-07-28T08:53:57.567Z,2026-07-28T08:53:57.567Z
267,5,BP026,Gatot,gatot,processed_composite,BKP,12.8,347.0,1.3,0.7,83.8,5.8,1.4,78.0,44.0,17.1,28.0,242.0,0.2,0.7,,0.0,0.0,0.02,0.1,0.4,0.0,100.0,4.2_umbi_berpati_dan_hasil_olahannya.json,5d5f23a75e3d86cf117336a996874e7e786994a11ae6575a4c29fef261b62d2f,2026-07-28T08:53:57.568Z,2026-07-28T08:53:57.568Z
268,5,BP027,Geblek,geblek,processed_composite,BKP,52.1,195.0,0.4,1.7,44.4,3.6,1.4,35.0,13.0,0.6,353.0,125.0,0.3,0.3,,0.0,0.3,0.02,0.0,0.1,0.0,100.0,4.2_umbi_berpati_dan_hasil_olahannya.json,54805c3295d749bc476b6818e76e54f9cef52364e0b97e774e2d6a19258e9013,2026-07-28T08:53:57.568Z,2026-07-28T08:53:57.568Z
269,5,BP028,"Getuk goreng","getuk goreng",processed_composite,KZGPI-1990,16.5,360.0,1.3,6.4,74.3,0.8,1.5,59.0,81.0,3.2,,,,,0.0,0.0,0.0,0.21,,0.1,0.0,100.0,4.2_umbi_berpati_dan_hasil_olahannya.json,0150e794169474bdd4917483d6c8df512e32370a06429b4a28e05f490549d652,2026-07-28T08:53:57.568Z,2026-07-28T08:53:57.568Z
270,5,BP029,"Getuk singkong","getuk singkong",processed_composite,KZGPI-1990,49.8,204.0,0.5,1.4,47.4,0.8,1.1,97.0,52.0,1.5,,,,,0.0,,208.0,0.08,,0.1,0.0,100.0,4.2_umbi_berpati_dan_hasil_olahannya.json,c24630e3aa4b6a539d4262d3502c19d32fa8459e4df121814bd2439b71683390,2026-07-28T08:53:57.568Z,2026-07-28T08:53:57.568Z
271,5,BP030,Gurandil,gurandil,processed_composite,KZGPI-1990,47.5,218.0,0.5,2.5,48.5,3.1,1.0,50.0,25.0,2.8,,,,,,,0.0,0.19,,,0.0,100.0,4.2_umbi_berpati_dan_hasil_olahannya.json,dde4c3ea04a028754aae59f028f45dc550281dc643ca52d4cbfc0e87afcaac86,2026-07-28T08:53:57.568Z,2026-07-28T08:53:57.568Z
272,5,BP031,Kabuto,kabuto,processed_composite,KZGMI-2001,58.9,250.0,2.6,2.5,35.4,1.8,0.6,35.0,49.0,1.1,2.0,218.0,,,,0.0,0.0,0.1,0.1,0.6,,100.0,4.2_umbi_berpati_dan_hasil_olahannya.json,b9f54c97e3c1988e9b901030ade6b36ebe62287a1d726545cbd23941466b3fad,2026-07-28T08:53:57.568Z,2026-07-28T08:53:57.568Z
273,5,BP032,Kapurung,kapurung,processed_composite,KZGMI-2001,79.6,41.0,2.0,0.3,7.8,2.0,0.6,34.0,12.0,0.3,185.0,566.0,0.1,0.3,0.0,213.0,,0.12,0.25,2.7,15.0,100.0,4.2_umbi_berpati_dan_hasil_olahannya.json,7c7ad0c129b45fce7d0218824864c135dac5e875fe91f8c58c569238a97a96ac,2026-07-28T08:53:57.568Z,2026-07-28T08:53:57.568Z
274,5,BP033,"Kecimpring singkong goreng","kecimpring singkong goreng",processed_composite,KZGPI-1990,3.7,464.0,1.2,18.6,73.0,1.3,3.5,82.0,52.0,3.4,,,,,,,3320.0,0.34,,,0.0,100.0,4.2_umbi_berpati_dan_hasil_olahannya.json,45a0c38787ad6271d2e51b91385af9a22e197c6ab24d3bc39245b6ea5e0f3817,2026-07-28T08:53:57.568Z,2026-07-28T08:53:57.568Z
275,5,BP034,Keremes,keremes,processed_composite,KZGPI-1990,6.7,475.0,1.6,25.2,64.4,2.1,2.1,153.0,88.0,1.0,,,,,0.0,,1000.0,0.0,,,0.0,100.0,4.2_umbi_berpati_dan_hasil_olahannya.json,5d34a2dea47e6d262b7c8677fe4f43d45a2f656beaf37deaf6cacbd9bed5ec53,2026-07-28T08:53:57.568Z,2026-07-28T08:53:57.568Z
276,5,BP035,"Keripik gadung","keripik gadung",processed_composite,KZGPI-1990,4.0,446.0,2.8,14.5,76.0,1.7,2.8,147.0,52.0,1.9,,,,,0.0,0.0,0.0,0.95,,,0.0,100.0,4.2_umbi_berpati_dan_hasil_olahannya.json,573fb46e84932cc7bf8886840a0c9a3aa77c5cf67315de3437ae2c201a41d380,2026-07-28T08:53:57.568Z,2026-07-28T08:53:57.568Z
277,5,BP036,"Keripik kentang","keripik kentang",processed_composite,KZGMI-2001,7.8,448.0,2.7,18.8,67.1,3.8,3.6,25.0,130.0,1.2,712.0,406.0,1.1,,,15.0,,0.1,0.05,2.8,0.0,100.0,4.2_umbi_berpati_dan_hasil_olahannya.json,bcfecddc45fcf22927830028edba3761736851f06d4298729631b3419f018e29,2026-07-28T08:53:57.568Z,2026-07-28T08:53:57.568Z
278,5,BP037,"Keripik singkong","keripik singkong",processed_composite,KZGPI-1990,4.2,478.0,0.9,20.7,72.0,2.0,2.2,189.0,101.0,1.9,,,,,0.0,0.0,0.0,0.24,,,0.0,100.0,4.2_umbi_berpati_dan_hasil_olahannya.json,ee12c8b6c1b51e8f662e625677b13e9a38b05e8541dd1b7d52a82f40b318ff04,2026-07-28T08:53:57.568Z,2026-07-28T08:53:57.568Z
279,5,BP038,"Keripik singkong berbumbu","keripik singkong berbumbu",processed_composite,KZGPI-1990,2.2,481.0,2.2,19.7,73.6,1.6,2.3,156.0,103.0,1.6,,,,,0.0,,80.0,0.31,,,0.0,100.0,4.2_umbi_berpati_dan_hasil_olahannya.json,7d7e15c6ec2a974b67bbba1997893267f3ddea22b31d58dd8ba1fc0f8496df09,2026-07-28T08:53:57.568Z,2026-07-28T08:53:57.568Z
280,5,BP039,"Keripik ubi","keripik ubi",processed_composite,KZGMI-2001,6.0,486.0,0.2,23.9,67.6,14.3,2.3,68.0,92.0,0.9,52.0,2.0,0.7,2.3,0.0,920.0,,0.1,0.1,0.5,0.0,100.0,4.2_umbi_berpati_dan_hasil_olahannya.json,3fff5c32c192a0d13d9f8d9927dbc435285adbeaf42e14e74ad52e3d381047f3,2026-07-28T08:53:57.568Z,2026-07-28T08:53:57.568Z
281,5,BP040,"Kerupuk cumi goreng","kerupuk cumi goreng",processed_composite,KZGMI-2001,3.4,444.0,6.9,14.6,71.3,5.0,3.8,47.0,375.0,1.8,837.0,191.0,0.1,0.3,,,,0.4,0.1,1.8,0.0,100.0,4.2_umbi_berpati_dan_hasil_olahannya.json,09094b8d407c69e5ab76651ea94eb121cb8f17e19282062f18cef0a2e780505f,2026-07-28T08:53:57.568Z,2026-07-28T08:53:57.568Z
282,5,BP041,"Kerupuk kemplang (ikan) mentah","kerupuk kemplang ikan mentah",processed_composite,KZGMI-2001,14.2,325.0,1.8,0.4,78.5,4.5,5.1,59.0,268.0,2.3,1123.0,273.0,0.2,0.5,32.0,0.0,,0.6,0.1,2.3,0.0,100.0,4.2_umbi_berpati_dan_hasil_olahannya.json,b19dc793b9b651335e23450fab24fc3ce629952de05afa0da9fe97d70b2486e4,2026-07-28T08:53:57.568Z,2026-07-28T08:53:57.568Z
283,5,BP042,"Kerupuk kemplang goreng","kerupuk kemplang goreng",processed_composite,KZGPI-1990,5.8,504.0,5.6,28.1,57.1,0.3,3.4,50.0,94.0,2.9,,,,,6.0,,280.0,0.31,,,0.0,100.0,4.2_umbi_berpati_dan_hasil_olahannya.json,256492ec39d312a5e5eb93a0f7a14ad4f13e707aa9739168e073a586b0bffd8a,2026-07-28T08:53:57.568Z,2026-07-28T08:53:57.568Z
284,5,BP043,"Kerupuk kemplang panggang","kerupuk kemplang panggang",processed_composite,KZGPI-1990,9.4,356.0,9.7,1.1,76.9,1.0,3.0,62.0,129.0,2.9,,,,,7.0,,280.0,0.36,,,0.0,100.0,4.2_umbi_berpati_dan_hasil_olahannya.json,72365c416af60726cab367a35eaabe8789a193ca9cf125948e099489f419c117,2026-07-28T08:53:57.568Z,2026-07-28T08:53:57.568Z
285,5,BP044,"Kerupuk mie kuning goreng","kerupuk mie kuning goreng",processed_composite,KZGPI-1990,7.2,476.0,0.1,21.1,71.3,4.2,0.3,57.0,36.0,4.6,,109.0,0.1,0.2,0.0,,333.0,0.22,0.0,0.9,0.0,100.0,4.2_umbi_berpati_dan_hasil_olahannya.json,53bfed4db9f84bd5871df930acf396688980d7ffc16cdd4fc389cb6b1420bbdd,2026-07-28T08:53:57.568Z,2026-07-28T08:53:57.568Z
286,5,BP045,"Kerupuk udang goreng","kerupuk udang goreng",processed_composite,KZGMI-2001,4.4,477.0,4.7,20.5,68.5,5.0,1.9,24.0,188.0,0.9,449.0,109.0,0.1,0.2,,0.0,,0.2,0.0,0.9,0.0,100.0,4.2_umbi_berpati_dan_hasil_olahannya.json,da857869da230531a6ce3c2366ad2e628f71e23cebfc578c3c1d046d5eaf5d2d,2026-07-28T08:53:57.568Z,2026-07-28T08:53:57.568Z
287,5,BP046,"Kue bangket","kue bangket",processed_composite,KZGMI-2001,16.1,338.0,1.5,1.2,80.3,,0.9,34.0,35.0,0.3,67.0,0.0,0.2,0.2,0.0,0.0,0.0,0.3,0.0,0.0,,100.0,4.2_umbi_berpati_dan_hasil_olahannya.json,e7346e2e0cb58dbb5b5527957d8858897847ef6bfb60002f986f85c5f1225d81,2026-07-28T08:53:57.568Z,2026-07-28T08:53:57.568Z
288,5,BP047,"Kue putu singkong","kue putu singkong",processed_composite,KZGMI-2001,44.2,217.0,1.2,0.5,53.2,2.4,0.9,48.0,68.0,1.5,3.0,305.0,,,,0.0,0.0,0.1,0.1,0.8,,100.0,4.2_umbi_berpati_dan_hasil_olahannya.json,becb52f5d15430afc77ede566b5f1274f7ba559687596fb34b6f37bc371eced4,2026-07-28T08:53:57.568Z,2026-07-28T08:53:57.568Z
289,5,BP048,"Lanting getuk","lanting getuk",processed_composite,KZGPI-1990,4.2,422.0,0.9,10.8,80.4,1.4,3.8,206.0,104.0,3.6,,,,,0.0,,0.0,0.43,,,0.0,100.0,4.2_umbi_berpati_dan_hasil_olahannya.json,31f8b3b054e9f848bc5c67f62ef1c5a1e5c52f3e0eafddb868ad926f53d290a2,2026-07-28T08:53:57.568Z,2026-07-28T08:53:57.568Z
290,5,BP049,"Mi golosor","mi golosor",processed_composite,KZGPI-1990,82.9,71.0,0.2,0.8,15.9,0.1,0.2,117.0,5.0,0.2,,,,,0.0,,112.0,0.05,0.02,0.0,0.0,100.0,4.2_umbi_berpati_dan_hasil_olahannya.json,db1583e73ae397143f521922e61ae153bf669b11f9f131bc63b3d5ba75d1ab81,2026-07-28T08:53:57.568Z,2026-07-28T08:53:57.568Z
291,5,BP050,"Mie Bendo","mie bendo",processed_composite,BKP,11.5,353.0,0.3,0.0,88.0,2.4,0.2,28.0,14.0,2.8,9.0,49.2,0.5,0.1,,2.0,0.0,0.02,0.0,0.1,0.0,100.0,4.2_umbi_berpati_dan_hasil_olahannya.json,507aa2b28779df4a709f238fc5f14d03222c455b5f223243ec7f99476630e59f,2026-07-28T08:53:57.568Z,2026-07-28T08:53:57.568Z
292,5,BP051,"Mie Sagu","mie sagu",processed_composite,BKP,52.8,190.0,0.2,0.4,46.5,1.4,0.1,8.0,7.0,0.3,10.0,2.6,0.1,0.0,,2.0,0.0,0.0,0.4,0.0,0.0,100.0,4.2_umbi_berpati_dan_hasil_olahannya.json,648cf7305d246133e5939b2350e8bec0ccf3dd5d27b1af6c9c91860770842811,2026-07-28T08:53:57.568Z,2026-07-28T08:53:57.568Z
293,5,BP052,"Ongol-ongol sagu","ongol ongol sagu",processed_composite,KZGPI-1990,75.3,111.0,0.3,2.7,21.2,0.3,0.5,79.0,15.0,1.7,,,,,0.0,,0.0,0.06,,,0.0,100.0,4.2_umbi_berpati_dan_hasil_olahannya.json,9bc58791f0ce6cd4312d78014be9855770f24e58b65ca7b5cf8463cc97b244f1,2026-07-28T08:53:57.568Z,2026-07-28T08:53:57.568Z
294,5,BP053,Oyek,oyek,processed_composite,BKP,12.6,351.0,0.9,0.9,84.9,4.3,0.7,60.0,36.0,2.1,5.0,229.0,0.1,0.5,,0.0,0.0,0.02,0.02,0.5,0.0,100.0,4.2_umbi_berpati_dan_hasil_olahannya.json,331580c5a4e5f4fc51c03c2dafd6cc5c059b34f48679b354554e8246324d3a74,2026-07-28T08:53:57.568Z,2026-07-28T08:53:57.568Z
295,5,BP054,Papeda,papeda,processed_composite,KZGMI-2001,84.8,61.0,0.2,0.1,14.9,0.5,0.1,3.0,1.0,0.2,4.0,20.0,0.1,0.1,0.0,0.0,0.0,0.06,0.0,0.0,0.0,100.0,4.2_umbi_berpati_dan_hasil_olahannya.json,ce102cc47e9591553d5ec8d66ec877517fa78d1e2e67cd2d274a51c2fa5f8c32,2026-07-28T08:53:57.568Z,2026-07-28T08:53:57.568Z
296,5,BP055,"Rasbi (Beras Ubi)","rasbi beras ubi",processed_composite,BKP,11.1,394.0,2.2,8.8,76.6,6.8,1.3,68.0,76.0,1.6,165.0,388.0,0.4,0.4,,0.0,0.0,0.02,0.3,1.2,0.0,100.0,4.2_umbi_berpati_dan_hasil_olahannya.json,c06ba2b7080c73e069303a5bfcce5b753edef3e17fc63893823af0e651af0936,2026-07-28T08:53:57.568Z,2026-07-28T08:53:57.568Z
297,5,BP056,"Rasi (Beras Singkong)","rasi beras singkong",processed_composite,BKP,12.6,350.0,0.9,0.4,85.7,14.4,0.5,42.0,21.0,1.5,8.0,14.0,0.3,0.5,,0.0,0.0,0.02,0.02,0.4,0.0,100.0,4.2_umbi_berpati_dan_hasil_olahannya.json,470beedc2cb63546ec29a79d939a01921baa2278d472cddd770e5b1956354bbf,2026-07-28T08:53:57.568Z,2026-07-28T08:53:57.568Z
298,5,BP057,"Sagu forno","sagu forno",processed_composite,KZGMI-2001,31.5,291.0,0.5,4.0,63.4,,0.6,10.0,20.0,0.8,40.0,50.0,0.1,0.2,0.0,0.0,0.0,,,,0.0,100.0,4.2_umbi_berpati_dan_hasil_olahannya.json,bc951ca463b3af8d233536f0ca2eb2357a4fc7a8bd84df131e7eb0df30f23822,2026-07-28T08:53:57.568Z,2026-07-28T08:53:57.568Z
299,5,BP058,"Sagu Lemak (Kue Sagon)","sagu lemak kue sagon",processed_composite,BKP,4.3,452.0,2.8,14.8,76.8,1.1,0.7,15.0,39.0,1.1,182.0,52.7,0.04,0.8,,1220.0,0.0,0.32,0.04,0.1,0.0,100.0,4.2_umbi_berpati_dan_hasil_olahannya.json,fd60366c82f52e580c36fd39566d9e23b38ec62efc94c44ba64c9582bbff95d6,2026-07-28T08:53:57.568Z,2026-07-28T08:53:57.568Z
300,5,BP059,"Sagu manis","sagu manis",processed_composite,KZGMI-2001,32.6,287.0,0.5,3.9,62.4,,0.6,8.0,17.0,0.7,34.0,42.0,0.1,0.2,0.0,0.0,0.0,,,,0.0,100.0,4.2_umbi_berpati_dan_hasil_olahannya.json,af4c0948e3c2c7883f2ce87311add390d9e5527284abd282d0b024f7225031d5,2026-07-28T08:53:57.568Z,2026-07-28T08:53:57.568Z
301,5,BP060,"Sagu Rendang","sagu rendang",processed_composite,BKP,8.2,364.0,0.1,0.2,90.5,1.9,1.0,13.0,9.0,3.9,42.0,15.1,0.1,0.1,,0.0,0.0,0.02,0.6,0.8,0.0,100.0,4.2_umbi_berpati_dan_hasil_olahannya.json,ac359947185e52ad4e653bab40d2008880127d36d49e661d21e9446ad6286c58,2026-07-28T08:53:57.568Z,2026-07-28T08:53:57.568Z
302,5,BP061,"Sagu sinole","sagu sinole",processed_composite,KZGMI-2001,22.0,354.0,0.8,8.3,68.9,,0.1,10.0,30.0,0.8,30.0,11.0,0.2,0.3,0.0,0.0,0.0,,,,0.0,100.0,4.2_umbi_berpati_dan_hasil_olahannya.json,858b02d8ee524753060ca15a6b361d58d1c8fc540de56005c1aa3b1a7ec175c5,2026-07-28T08:53:57.568Z,2026-07-28T08:53:57.568Z
303,5,BP062,"Serimping talas kebumen","serimping talas kebumen",processed_composite,KZGPI-1990,4.8,478.0,2.5,21.2,69.2,1.7,2.3,112.0,118.0,2.3,,,,,0.0,,0.0,0.25,,,0.0,100.0,4.2_umbi_berpati_dan_hasil_olahannya.json,c583822be478e3d82cd52093f6b61f84213c4b3b7a46328fe959dde259d698dd,2026-07-28T08:53:57.568Z,2026-07-28T08:53:57.568Z
304,5,BP063,"Tapai singkong","tapai singkong",processed_composite,KZGPI-1990,57.4,169.0,1.4,0.3,40.2,2.0,0.7,21.0,34.0,0.8,,,,,0.0,0.0,0.0,0.0,,,9.0,100.0,4.2_umbi_berpati_dan_hasil_olahannya.json,bba35fbff4bfb429a166afbe2716758cd650da8847b400c00ef35a635a95b824,2026-07-28T08:53:57.568Z,2026-07-28T08:53:57.568Z
305,5,BP064,"Tepung Arrowroot","tepung arrowroot",processed_composite,DABM-1964,13.6,355.0,0.7,0.2,85.2,0.4,0.3,8.0,22.0,1.5,2.0,10.7,0.0,0.1,,20.0,3.0,0.09,0.0,0.0,0.0,100.0,4.2_umbi_berpati_dan_hasil_olahannya.json,8b29f1d0b74b4d7b577f6c7cd76d67e9508853ffca2ec6da3fbdc75ea8d13dbc,2026-07-28T08:53:57.568Z,2026-07-28T08:53:57.568Z
306,5,BP065,"Tepung Ganyong","tepung ganyong",processed_composite,BKP,13.6,353.0,0.8,1.7,83.6,0.7,0.3,4.0,31.0,3.3,3.0,63.5,0.1,0.3,,0.0,0.0,0.02,0.0,0.9,1.0,100.0,4.2_umbi_berpati_dan_hasil_olahannya.json,fd2a78016c3aa88c7a66c1e4a0f4c35ba45f68cc7e6db3c941d22f7a237cf5c1,2026-07-28T08:53:57.568Z,2026-07-28T08:53:57.568Z
307,5,BP066,"Tepung Gaplek","tepung gaplek",processed_composite,BKP,13.0,345.0,2.4,0.4,83.1,6.7,1.1,18.0,95.0,1.5,6.0,55.0,0.4,1.2,,1.0,0.0,0.3,0.2,0.1,0.0,100.0,4.2_umbi_berpati_dan_hasil_olahannya.json,b3cfbbbfdabfce117dafe3a37e22211b9b3fdf5d04d6177adc1d99b6c3645455,2026-07-28T08:53:57.568Z,2026-07-28T08:53:57.568Z
308,5,BP067,"Tepung kentang, kering","tepung kentang kering",processed_composite,DABM-1964,13.0,347.0,0.3,0.1,85.6,0.4,1.0,20.0,30.0,0.5,51.0,156.3,0.2,0.5,,0.0,0.0,0.04,0.0,0.4,0.0,100.0,4.2_umbi_berpati_dan_hasil_olahannya.json,dbd6c47137d91049171eb9cba7c19228540db88eea3ff944923b118171f615fd,2026-07-28T08:53:57.568Z,2026-07-28T08:53:57.568Z
309,5,BP068,"Tepung Mocaf","tepung mocaf",processed_composite,BKP,11.9,350.0,1.2,0.6,85.0,6.0,1.3,60.0,64.0,15.8,8.0,403.0,0.1,0.6,,0.0,0.0,0.02,0.02,0.7,2.0,100.0,4.2_umbi_berpati_dan_hasil_olahannya.json,a87d2bb390cbfb94393471648998becbb488d65dad841f07253358c6bf73a01d,2026-07-28T08:53:57.568Z,2026-07-28T08:53:57.568Z
310,5,BP069,"Tepung Sente","tepung sente",processed_composite,BKP,15.3,326.0,4.0,0.4,76.7,8.5,3.6,41.0,141.0,3.5,14.0,1602.0,0.4,1.4,,0.0,0.0,0.02,0.2,7.7,0.0,100.0,4.2_umbi_berpati_dan_hasil_olahannya.json,05d62f3511593c528668ee684f0558b686840982a61eb706fa69ede7cb5988ed,2026-07-28T08:53:57.568Z,2026-07-28T08:53:57.568Z
311,5,BP070,"Tepung singkong/ Tapioka","tepung singkong tapioka",processed_composite,DABM-1964,9.1,363.0,1.1,0.5,88.2,0.9,1.1,84.0,125.0,1.0,1.0,7.1,0.0,0.1,,0.0,,0.04,0.0,0.4,0.0,100.0,4.2_umbi_berpati_dan_hasil_olahannya.json,af98dca8ebbb61904dcc0cd75aaa3b8d5597b374e5fae325dfef533c136197ed,2026-07-28T08:53:57.568Z,2026-07-28T08:53:57.568Z
312,5,BP071,"Tepung Tales Beneng","tepung tales beneng",processed_composite,BKP,12.2,332.0,5.7,0.6,76.1,12.2,5.5,59.0,302.0,10.7,7.0,1404.0,0.8,6.2,,0.0,0.0,0.02,0.1,0.3,0.0,100.0,4.2_umbi_berpati_dan_hasil_olahannya.json,3451be14920210ac286bfb5a6384e840f671ee116ddfa947abcf842e8a6b4a6d,2026-07-28T08:53:57.568Z,2026-07-28T08:53:57.568Z
313,5,BP072,"Tepung Ubi Ungu","tepung ubi ungu",processed_composite,BKP,9.4,354.0,2.8,0.6,84.4,12.9,2.8,89.0,125.0,3.9,42.0,940.0,0.8,0.6,,0.0,0.0,0.4,0.02,0.0,0.0,100.0,4.2_umbi_berpati_dan_hasil_olahannya.json,6164c64262b9213ff37d8d85e268c1a60f5bf7335087c705d3bbc9f72e6c308f,2026-07-28T08:53:57.568Z,2026-07-28T08:53:57.568Z
314,5,BP073,Tiwul,tiwul,processed_composite,BKP,11.2,353.0,2.4,1.1,83.4,6.5,1.6,55.0,95.0,4.7,5.0,670.0,0.2,0.8,,0.0,0.0,0.02,0.02,0.1,3.0,100.0,4.2_umbi_berpati_dan_hasil_olahannya.json,b104b0c950dd2a9ffb64a682576e70f919769ae5be6de1feb7ac41a7b3c817b3,2026-07-28T08:53:57.568Z,2026-07-28T08:53:57.568Z
315,5,BP074,"Tiwul Instan","tiwul instan",processed_composite,BKP,9.1,395.0,3.2,8.5,76.5,4.2,2.7,81.0,81.0,5.8,377.0,469.0,2.1,1.2,,0.0,0.0,0.4,0.2,0.2,4.0,100.0,4.2_umbi_berpati_dan_hasil_olahannya.json,747acfa75224b1832deaad8093ac1a14b0f73a6fdc6446335e519ae6645bbf86,2026-07-28T08:53:57.568Z,2026-07-28T08:53:57.568Z
316,5,BP075,"Ubi Cilembu","ubi cilembu",processed_composite,BKP,52.7,186.0,1.9,0.2,44.3,3.4,0.9,37.0,51.0,0.6,1.0,61.9,0.1,0.2,,26.0,0.0,0.02,0.2,0.0,0.0,89.6,4.2_umbi_berpati_dan_hasil_olahannya.json,c11de278ac3cdc12188b73cdf2649cd639f29de32554722e9ad4e39e48a72460,2026-07-28T08:53:57.568Z,2026-07-28T08:53:57.568Z
317,5,BP076,"Uli batatas","uli batatas",processed_composite,KZGMI-2001,66.5,150.0,1.1,4.0,27.4,,1.0,,23.0,0.1,6.0,112.0,0.1,0.2,0.0,0.0,0.0,0.53,0.0,1.3,0.0,100.0,4.2_umbi_berpati_dan_hasil_olahannya.json,eb75ee4a5e1e3ab8f2d33a6a61a23e716760871f09fd080d4323a3091de746a1,2026-07-28T08:53:57.568Z,2026-07-28T08:53:57.568Z
318,6,CR001,"Kacang arab, kering","kacang arab kering",single,DABM-1964,11.6,330.0,23.8,1.4,60.2,17.4,3.0,57.0,388.0,4.7,24.0,874.3,0.85,3.4,,40.0,140.0,0.77,0.21,1.5,2.0,100.0,4.3_kacang_biji_bean_dan_hasil_olahannya.json,0d03b14d28b9b301f04c522eb5381e63b89e987e377fd219a08186b07a579744,2026-07-28T08:53:57.568Z,2026-07-28T08:53:57.568Z
319,6,CR002,"Kacang babi, kering","kacang babi kering",single,KZGPI-1990,11.6,341.0,30.4,3.2,51.3,4.5,3.5,178.0,521.0,6.8,13.0,1768.0,0.82,3.1,,,87.0,0.23,0.33,2.8,,80.0,4.3_kacang_biji_bean_dan_hasil_olahannya.json,d7e237a0c3fdfd6723017f4130ef3fcf85bc9c61638a6638581bdf348f941d0e,2026-07-28T08:53:57.568Z,2026-07-28T08:53:57.568Z
320,6,CR003,"Kacang belimbing (kecipir), kering","kacang belimbing kecipir kering",single,KZGPI-1990,10.4,400.0,34.4,16.9,34.1,10.7,4.2,468.0,182.0,6.8,37.0,955.0,2.82,2.0,,,,0.3,0.44,3.0,,100.0,4.3_kacang_biji_bean_dan_hasil_olahannya.json,81cd69b32f56148f854d2efc3eca193a3c195163d5205bc4f3e279c5b903538d,2026-07-28T08:53:57.568Z,2026-07-28T08:53:57.568Z
321,6,CR004,"Kacang beracun, segar","kacang beracun segar",single,KZGMI-2001,72.1,118.0,4.4,1.5,21.6,,0.4,50.0,50.0,1.7,10.0,40.0,0.3,1.0,,,,0.43,,,,,4.3_kacang_biji_bean_dan_hasil_olahannya.json,559da0d67c913e32eaed456bc35c92deaf257a842348062beb7718b469251d48,2026-07-28T08:53:57.568Z,2026-07-28T08:53:57.568Z
322,6,CR005,"Kacang bogor, kering","kacang bogor kering",single,DABM-1964,10.0,370.0,16.0,6.0,65.0,26.3,3.0,85.0,264.0,4.2,44.0,868.8,1.48,2.7,0.0,,,0.18,0.26,6.2,0.0,100.0,4.3_kacang_biji_bean_dan_hasil_olahannya.json,561323666a1e0e79e91883b369a2d9a9e6475f785eb582b6dd01fd04e16981ff,2026-07-28T08:53:57.568Z,2026-07-28T08:53:57.568Z
323,6,CR006,"Kacang bogor, segar","kacang bogor segar",single,KZGPI-1990,60.8,165.0,7.7,3.1,27.4,2.5,1.0,96.0,126.0,5.3,6.0,537.0,0.41,1.2,,29.0,,0.32,0.35,2.7,,100.0,4.3_kacang_biji_bean_dan_hasil_olahannya.json,4951f6f753a034bbaa7ca01cc6ff3a7202793f4c477219e75e637f6efc44ca56,2026-07-28T08:53:57.568Z,2026-07-28T08:53:57.568Z
324,6,CR007,"Kacang endel, biji, kering","kacang endel biji kering",single,DABM-1964,14.0,331.0,25.0,1.0,58.0,23.6,2.0,80.0,400.0,5.0,12.0,1322.4,0.68,2.7,0.0,,,0.3,0.75,2.3,,95.0,4.3_kacang_biji_bean_dan_hasil_olahannya.json,0bac3896b218b343b8cde98d5df840325dab3a3e67de68cd6070c79159d547a1,2026-07-28T08:53:57.568Z,2026-07-28T08:53:57.568Z
325,6,CR008,"Kacang ercis, segar","kacang ercis segar",single,KZGMI-2001,67.6,129.0,12.4,0.7,18.3,28.6,1.0,40.0,130.0,2.3,4.0,310.0,0.3,2.1,,212.0,,0.29,0.05,2.7,,45.0,4.3_kacang_biji_bean_dan_hasil_olahannya.json,d43f227519995a0a26cabdccb059e1fd33eaee1417e70b5daaefe8a567fe524b,2026-07-28T08:53:57.568Z,2026-07-28T08:53:57.568Z
326,6,CR009,"kacang galing, segar","kacang galing segar",single,DABM-1964,12.0,336.0,23.1,1.7,59.5,,3.8,80.0,400.0,5.0,,,,,0.0,,,0.6,,,0.0,95.0,4.3_kacang_biji_bean_dan_hasil_olahannya.json,da55e7f888eeff82ba0642d22a5d07427cc6f565c6f51e43ba881e6260dc5b38,2026-07-28T08:53:57.568Z,2026-07-28T08:53:57.568Z
327,6,CR010,"Kacang gude, biji, kering","kacang gude biji kering",single,KZGPI-1990,16.1,316.0,20.7,1.0,58.0,4.6,4.2,146.0,445.0,4.7,16.0,1306.2,0.99,2.7,,19.0,,0.3,0.19,2.4,,100.0,4.3_kacang_biji_bean_dan_hasil_olahannya.json,d792c5960b5c19699731a2c824759daab2151155b22a1483ed342bc3e5226671,2026-07-28T08:53:57.568Z,2026-07-28T08:53:57.568Z
328,6,CR011,"Kacang gude, biji, segar","kacang gude biji segar",single,DABM-1964,70.3,114.0,7.0,0.6,20.8,4.4,2.3,3.0,122.0,1.5,4.0,480.5,0.12,0.9,,,70.0,0.37,0.07,0.8,43.0,100.0,4.3_kacang_biji_bean_dan_hasil_olahannya.json,54f7b022ebdcfc94cef06776ad8061cd121974263f30462e8f9f7c614905b36c,2026-07-28T08:53:57.568Z,2026-07-28T08:53:57.568Z
329,6,CR012,"Kacang hijau var, bakti, kering","kacang hijau var bakti kering",single,KZGPI-1990,7.4,350.0,17.1,1.8,70.7,5.7,3.1,94.0,315.0,4.9,46.0,893.9,1.52,3.1,,171.0,235.0,0.4,0.27,2.6,11.0,100.0,4.3_kacang_biji_bean_dan_hasil_olahannya.json,a6030b27002e96bd1e7deba4f12adadd8a575986673898af9dcb5777a66816d5,2026-07-28T08:53:57.568Z,2026-07-28T08:53:57.568Z
330,6,CR013,"Kacang hijau var, siwalik, kering","kacang hijau var siwalik kering",single,KZGPI-1990,8.8,339.0,20.8,2.1,64.6,7.4,3.7,122.0,136.0,4.9,45.0,880.4,1.5,3.1,,168.0,321.0,0.45,0.27,2.6,,100.0,4.3_kacang_biji_bean_dan_hasil_olahannya.json,1f5728877c9ca7fb6dbf2a2271cf74db2682b199ff9c6421f2582834a1cc375f,2026-07-28T08:53:57.568Z,2026-07-28T08:53:57.568Z
331,6,CR014,"Kacang hijau, kering","kacang hijau kering",single,KZGPI-1990,15.5,323.0,22.9,1.5,56.8,7.5,3.3,223.0,319.0,7.5,42.0,815.7,1.9,2.9,,156.0,223.0,0.46,0.15,1.5,10.0,100.0,4.3_kacang_biji_bean_dan_hasil_olahannya.json,4b9f6162b0fb6589545e30fdbc99c62525dc92fe952845f58b856a4e69f18d9f,2026-07-28T08:53:57.568Z,2026-07-28T08:53:57.568Z
332,6,CR015,"Kacang hitam, kering","kacang hitam kering",single,KZGMI-2001,12.5,346.0,16.6,1.7,66.1,22.8,3.1,70.0,300.0,4.7,3.0,0.0,0.9,3.5,,28.0,,0.16,0.1,2.1,,100.0,4.3_kacang_biji_bean_dan_hasil_olahannya.json,6d684eb9e6163c4bec4a6c58643e71d55f49aa58ede173f10eb7c3bef54b4e02,2026-07-28T08:53:57.568Z,2026-07-28T08:53:57.568Z
333,6,CR016,"Kacang kapri, segar","kacang kapri segar",single,DABM-1964,74.3,98.0,6.7,0.4,17.7,6.2,0.9,22.0,122.0,1.9,6.0,296.6,0.21,1.5,,,680.0,0.34,0.16,2.5,26.0,45.0,4.3_kacang_biji_bean_dan_hasil_olahannya.json,cccbb7babff18ceb5ff040c7f59fba289fe4fd8e9ee874356da19b53c369c425,2026-07-28T08:53:57.568Z,2026-07-28T08:53:57.568Z
334,6,CR017,"Kacang kedelai, kering","kacang kedelai kering",single,KZGPI-1990,12.7,381.0,40.4,16.7,24.9,3.2,5.5,222.0,682.0,10.0,210.0,713.4,1.58,3.9,,237.0,31.0,0.52,0.12,1.2,,100.0,4.3_kacang_biji_bean_dan_hasil_olahannya.json,edec59bb87a542e081f55bd91e6089649582d77e58c66059cb43486c99e3c8be,2026-07-28T08:53:57.568Z,2026-07-28T08:53:57.568Z
335,6,CR018,"Kacang kedelai, segar","kacang kedelai segar",single,DABM-1964,20.0,286.0,30.2,15.6,30.1,2.9,4.1,196.0,506.0,6.9,28.0,870.9,1.24,3.6,,,95.0,0.93,0.26,1.8,,100.0,4.3_kacang_biji_bean_dan_hasil_olahannya.json,751f71f27c3d30d82d6bce4e7ce4a0343975cb8b0457cd6c2375448d364a7195,2026-07-28T08:53:57.568Z,2026-07-28T08:53:57.568Z
336,6,CR019,"Kacang kincai, kering","kacang kincai kering",single,KZGMI-2001,4.2,444.0,19.9,16.0,55.0,,4.9,26.0,,,,,,,,,,0.1,0.1,1.9,,,4.3_kacang_biji_bean_dan_hasil_olahannya.json,c6b570027c60f5a327928f2fe6c97e2696b5de77a012f09c9eab52f09dd62b04,2026-07-28T08:53:57.568Z,2026-07-28T08:53:57.568Z
337,6,CR020,"Kacang komak, segar","kacang komak segar",single,KZGMI-2001,20.9,327.0,16.4,4.3,55.8,0.5,2.6,74.0,282.0,4.0,22.0,1137.0,0.9,2.1,,,,0.99,0.12,0.1,,45.0,4.3_kacang_biji_bean_dan_hasil_olahannya.json,3b78b9662f4d7550cb0040c4e1fbb7e2f6a99c506d0ce5a4b8a4292239c585ec,2026-07-28T08:53:57.569Z,2026-07-28T08:53:57.569Z
338,6,CR021,"Kacang kuning, kering","kacang kuning kering",single,KZGMI-2001,11.7,355.0,17.0,2.5,66.0,15.1,2.8,140.0,220.0,5.8,1.0,0.0,0.7,3.2,,58.0,,0.47,0.08,1.9,,,4.3_kacang_biji_bean_dan_hasil_olahannya.json,e42486f287881a7027d0fdb69eb51e734b00b0c05f75e3f553e5c3f5b0bf8af0,2026-07-28T08:53:57.569Z,2026-07-28T08:53:57.569Z
339,6,CR022,"Kacang lebui /iris, kering","kacang lebui iris kering",single,KZGMI-2001,11.8,346.0,16.5,1.5,66.6,37.3,3.6,144.0,368.0,3.4,17.0,1225.0,1.5,3.3,,64.0,,0.62,0.2,0.0,,100.0,4.3_kacang_biji_bean_dan_hasil_olahannya.json,3924cd2d0c87b1f406036970dfb87237e607db232bf1cb46ad60d345847b4d53,2026-07-28T08:53:57.569Z,2026-07-28T08:53:57.569Z
340,6,CR023,"Kacang mentega, kering","kacang mentega kering",single,KZGMI-2001,13.7,344.0,16.7,2.1,64.6,13.0,2.9,110.0,300.0,6.7,1.0,10.0,0.7,2.5,,0.0,,0.21,0.07,1.2,,,4.3_kacang_biji_bean_dan_hasil_olahannya.json,ddf9954005a6aad0a451cac161b9d92f1569ac34f03670b43c38f824d9986130,2026-07-28T08:53:57.569Z,2026-07-28T08:53:57.569Z
341,6,CR024,"Kacang merah /banda, kering","kacang merah banda kering",single,KZGMI-2001,13.0,350.0,13.9,3.0,66.9,26.3,3.2,84.0,242.0,6.8,19.0,1127.0,0.0,42.0,,137.0,,0.15,0.76,0.3,,100.0,4.3_kacang_biji_bean_dan_hasil_olahannya.json,087940946909337a56a0eaa81d58ac6de0243db776f30cd48f2ef76b8893550b,2026-07-28T08:53:57.569Z,2026-07-28T08:53:57.569Z
342,6,CR025,"Kacang merah tua, kering","kacang merah tua kering",single,KZGPI-l990,12.3,280.0,16.7,1.6,63.2,4.6,6.2,209.0,335.0,6.4,19.0,1348.5,0.69,2.8,,,,0.1,0.08,2.0,6.0,100.0,4.3_kacang_biji_bean_dan_hasil_olahannya.json,993a4b9304aa63858c97b679059983547b645db518e142962bb8747e581a2b9c,2026-07-28T08:53:57.569Z,2026-07-28T08:53:57.569Z
343,6,CR026,"Kacang merah, kering","kacang merah kering",single,KZGPI-l990,17.7,314.0,22.1,1.1,56.2,4.0,2.9,502.0,429.0,10.3,11.0,1265.5,0.65,2.6,,129.0,,0.4,0.72,2.2,,100.0,4.3_kacang_biji_bean_dan_hasil_olahannya.json,cfe6e3f9de925e0483927576144b7cc7b9f96df6d9f6a49acf08f91105762b60,2026-07-28T08:53:57.569Z,2026-07-28T08:53:57.569Z
344,6,CR027,"Kacang merah, segar","kacang merah segar",single,KZGPI-l990,57.2,171.0,11.0,2.2,28.0,2.1,1.7,293.0,134.0,3.7,7.0,360.7,0.34,1.4,,0.0,10.0,0.15,0.15,1.1,,100.0,4.3_kacang_biji_bean_dan_hasil_olahannya.json,bc7aa53b241065fde4f678eb16fa5cb3ff3cc4158acdcb87536ac6aaafd0411c,2026-07-28T08:53:57.569Z,2026-07-28T08:53:57.569Z
345,6,CR028,"Kacang mete/biji jambu monyet, segar","kacang mete biji jambu monyet segar",single,KZGMI-2001,4.6,616.0,16.3,48.4,28.7,0.9,2.0,26.0,521.0,3.8,26.0,692.0,4.7,4.1,,5.0,,0.64,0.03,0.0,,69.0,4.3_kacang_biji_bean_dan_hasil_olahannya.json,5f83ad30a714049a12ee929839640ec8a20286444f5860a8f98b1046f02baa3e,2026-07-28T08:53:57.569Z,2026-07-28T08:53:57.569Z
346,6,CR029,"Kacang panjang, biji, kering","kacang panjang biji kering",single,DABM-1964,12.2,357.0,17.3,1.5,68.6,10.6,0.4,163.0,437.0,6.9,16.0,1109.4,0.35,2.8,0.0,2182.0,,0.57,0.98,7.1,2.0,100.0,4.3_kacang_biji_bean_dan_hasil_olahannya.json,4213450248fcf6824930a829d261f5e9c0ae0f315af3228d0d2ebbe5eed53572,2026-07-28T08:53:57.569Z,2026-07-28T08:53:57.569Z
347,6,CR030,"Kacang tanah sangan","kacang tanah sangan",single,KZGPI-l990,1.2,560.0,29.5,43.0,24.1,2.9,2.2,107.0,366.0,4.1,34.0,509.8,1.69,2.1,,0.0,,0.31,0.3,15.5,,100.0,4.3_kacang_biji_bean_dan_hasil_olahannya.json,ba02ff07a51ee37eabdac49696ba5f5f81c2e22693871d563f1b3b5196fc45e8,2026-07-28T08:53:57.569Z,2026-07-28T08:53:57.569Z
348,6,CR031,"Kacang tanah sangan tanpa selaput","kacang tanah sangan tanpa selaput",single,DABM-1964,2.6,559.0,26.9,44.2,23.6,2.6,2.7,74.0,393.0,1.9,33.0,202.3,520.4,1.7,0.0,0.0,,0.3,29.47,8.0,0.0,100.0,4.3_kacang_biji_bean_dan_hasil_olahannya.json,d206e520036806e3e4172d7eeb587ec6f114dbf91e1c5699710357ffd3508eb1,2026-07-28T08:53:57.569Z,2026-07-28T08:53:57.569Z
349,6,CR032,"Kacang tanah, kering","kacang tanah kering",single,KZGPI-l990,9.6,525.0,27.9,42.7,17.4,2.4,2.4,316.0,456.0,5.7,31.0,466.5,1.55,1.9,,0.0,30.0,0.44,0.27,1.4,,100.0,4.3_kacang_biji_bean_dan_hasil_olahannya.json,ac66779997231da267b9b225cb96e2911d6730973ee0d79202036bf21ba0518a,2026-07-28T08:53:57.569Z,2026-07-28T08:53:57.569Z
350,6,CR033,"Kacang tolo / tunggak, kering","kacang tolo tunggak kering",single,KZGPI-l990,13.5,331.0,24.4,1.9,56.6,1.6,3.6,481.0,399.0,13.9,15.0,7.8,1.03,5.9,,65.0,,0.06,0.2,4.3,,100.0,4.3_kacang_biji_bean_dan_hasil_olahannya.json,f44d655f549fbe8e8ecbc0739b478d80e6d625ca1c08251f4792bac5f33ff387,2026-07-28T08:53:57.569Z,2026-07-28T08:53:57.569Z
351,6,CR034,"Kacang tunis, kering","kacang tunis kering",single,KZGMI-2001,10.5,351.0,12.2,1.2,72.9,29.5,3.2,120.0,220.0,6.9,1.0,0.0,1.4,2.9,,,,0.57,0.13,2.5,,100.0,4.3_kacang_biji_bean_dan_hasil_olahannya.json,d20fcdba41e3d53b469ec8eee1badd21d74d4216f5c0d79692b4f6c1c18427ef,2026-07-28T08:53:57.569Z,2026-07-28T08:53:57.569Z
352,6,CR035,"Kacang uci, kering","kacang uci kering",single,KZGPI-l990,9.9,358.0,23.4,2.4,60.6,7.4,3.7,269.0,264.0,0.5,13.0,1457.7,0.35,,,20.0,,0.1,0.2,2.5,2.0,100.0,4.3_kacang_biji_bean_dan_hasil_olahannya.json,68d06b869c06006c41eaf93c989100adb50f1412541c7bf5ca1fa68a7b35b99d,2026-07-28T08:53:57.569Z,2026-07-28T08:53:57.569Z
353,6,CR036,"Kacang urei, kering","kacang urei kering",single,KZGMI-2001,12.8,354.0,12.8,1.8,69.3,26.1,3.3,220.0,220.0,5.1,1.0,0.0,0.7,3.1,,,,0.55,0.05,3.5,,,4.3_kacang_biji_bean_dan_hasil_olahannya.json,9c4568bda4148d7832b019ca12b8dfee4667cb191109a8d7f559466224fb3b82,2026-07-28T08:53:57.569Z,2026-07-28T08:53:57.569Z
354,6,CR037,"Kenari banda, kering","kenari banda kering",single,KZGMI-2001,13.0,616.0,13.9,56.2,13.7,,3.2,0.0,380.0,1.4,11.0,460.0,1.1,3.2,,90.0,,0.83,0.08,0.5,,100.0,4.3_kacang_biji_bean_dan_hasil_olahannya.json,46693cfcd1112cdd87d968f34f8d4dfb44352b741494b704b86fcce366846443,2026-07-28T08:53:57.569Z,2026-07-28T08:53:57.569Z
355,6,CR038,"Kenari, kering","kenari kering",single,DABM-1964,3.0,657.0,15.0,66.0,13.0,,3.0,92.0,691.0,7.7,3.0,505.8,0.97,3.0,0.0,,,0.42,0.09,0.5,0.0,100.0,4.3_kacang_biji_bean_dan_hasil_olahannya.json,fc271bd2d99d0968c2108f4c33272d13b0aade63a6855a7eac26af0677da9830,2026-07-28T08:53:57.569Z,2026-07-28T08:53:57.569Z
356,6,CR039,"Komak polong, segar","komak polong segar",single,KZGMI-2001,74.3,99.0,3.3,0.1,21.2,10.3,1.1,50.0,99.0,13.1,15.0,567.0,0.2,0.6,,5.0,,0.13,0.03,0.2,,100.0,4.3_kacang_biji_bean_dan_hasil_olahannya.json,01be953404f91cd744dddc2f0974c8528112665ed0eac7728947448c46d260bd,2026-07-28T08:53:57.569Z,2026-07-28T08:53:57.569Z
357,6,CR040,"Koro andong, kering","koro andong kering",single,KZGPI-1990,10.8,356.0,20.5,4.1,61.6,7.0,3.0,150.0,272.0,6.2,18.0,301.8,0.73,2.8,,0.0,,0.29,0.02,1.4,1.0,100.0,4.3_kacang_biji_bean_dan_hasil_olahannya.json,303130011be27f929e98d5bef1c9c7c70e1e0faa25fca022a812493e36189e2a,2026-07-28T08:53:57.569Z,2026-07-28T08:53:57.569Z
358,6,CR041,"Koro benguk, biji, kering","koro benguk biji kering",single,DABM-1964,15.0,332.0,24.0,3.0,55.0,5.6,3.0,30.0,200.0,2.0,42.0,389.2,1.25,8.7,,0.0,70.0,0.3,0.12,1.7,0.0,95.0,4.3_kacang_biji_bean_dan_hasil_olahannya.json,0f594e7fa856e7669f0b7cde3e7eac29b89d266b7fd17217f803d1e8218aa757,2026-07-28T08:53:57.569Z,2026-07-28T08:53:57.569Z
359,6,CR042,"Koro kerupuk, biji, segar","koro kerupuk biji segar",single,DABM-1964,67.2,125.0,8.3,0.7,22.1,2.2,1.7,17.0,12.0,2.7,16.0,150.3,0.48,3.4,,0.0,80.0,0.11,0.04,1.1,31.0,68.0,4.3_kacang_biji_bean_dan_hasil_olahannya.json,0cc649aa1affc2ebd491aa9fc72b5be27559b1988fa89a03fe6d0d790764babd,2026-07-28T08:53:57.569Z,2026-07-28T08:53:57.569Z
360,6,CR043,"Koro loke, biji, segar","koro loke biji segar",single,DABM-1964,88.6,33.0,2.7,0.2,7.9,3.5,0.6,60.0,40.0,2.0,2.0,38.6,0.09,0.4,,0.0,40.0,0.1,0.0,0.2,0.0,95.0,4.3_kacang_biji_bean_dan_hasil_olahannya.json,22c2757f01a379dc3c47d902d4fe5c433ec81ef04743a0e336dd43addc3ebac5,2026-07-28T08:53:57.569Z,2026-07-28T08:53:57.569Z
361,6,CR044,"Koro roay, kering","koro roay kering",single,KZGPI-1990,13.0,344.0,12.5,2.1,69.4,7.5,3.0,70.0,103.0,4.4,18.0,294.3,0.72,2.7,,0.0,28.0,0.11,0.21,1.4,1.0,100.0,4.3_kacang_biji_bean_dan_hasil_olahannya.json,2f82da3698d3d746a3056f2c26a2da1a254e19ae03b5d74a76a9c08a869be057,2026-07-28T08:53:57.569Z,2026-07-28T08:53:57.569Z
362,6,CR045,"Koro wedus, biji, kering","koro wedus biji kering",single,DABM-1964,11.8,338.0,22.2,1.5,61.0,5.8,3.5,88.0,395.0,3.5,43.0,403.8,1.3,9.1,0.0,0.0,,0.62,0.12,1.8,0.0,100.0,4.3_kacang_biji_bean_dan_hasil_olahannya.json,fb17872953048085292b20b6496c1f65f09c62b743848bc8711736cd956f6a12,2026-07-28T08:53:57.569Z,2026-07-28T08:53:57.569Z
363,6,CR046,"Lamtoro biji, muda, segar","lamtoro biji muda segar",single,DABM-1964,77.4,85.0,5.7,0.3,15.4,10.8,1.2,180.0,53.0,2.7,35.0,485.7,0.02,1.4,,0.0,423.0,0.08,1.15,1.0,15.0,100.0,4.3_kacang_biji_bean_dan_hasil_olahannya.json,c4f074b561cfcd9fb014d61d663996599a4da74590d5832585fe48715873acaa,2026-07-28T08:53:57.569Z,2026-07-28T08:53:57.569Z
364,6,CR047,"Lamtoro biji, tua, segar","lamtoro biji tua segar",single,DABM-1964,61.4,148.0,10.6,0.5,26.2,17.0,1.3,155.0,59.0,2.2,28.0,628.5,0.03,2.4,,,416.0,0.23,0.49,2.8,20.0,100.0,4.3_kacang_biji_bean_dan_hasil_olahannya.json,9ddd14329337bbe15744af28828644168f1226bb5d894809eb56c053122882df,2026-07-28T08:53:57.569Z,2026-07-28T08:53:57.569Z
365,6,CR048,"Lamtoro var, gung tanpa kulit","lamtoro var gung tanpa kulit",single,KZGPI-1990,10.2,367.0,46.4,5.4,32.5,2.6,4.4,136.0,441.0,23.3,65.0,1462.3,0.07,5.6,,,18900.0,0.06,1.15,1.0,9.0,100.0,4.3_kacang_biji_bean_dan_hasil_olahannya.json,d749e60910cede7a0e15ad6ead0b08772f0211a880fecf0fc701c440107f5e63,2026-07-28T08:53:57.569Z,2026-07-28T08:53:57.569Z
366,6,CR049,"Lamtoro var, lokal dengan kulit","lamtoro var lokal dengan kulit",single,KZGPI-1990,13.5,336.0,23.8,1.2,59.7,15.4,1.8,867.0,321.0,1.5,134.0,1858.9,0.07,5.4,,,321.0,0.15,1.34,0.9,16.0,100.0,4.3_kacang_biji_bean_dan_hasil_olahannya.json,098b64b0723ee5f1cd644a6d8e3dd28bcbf2716d6677693ce87c343c1240efb2,2026-07-28T08:53:57.569Z,2026-07-28T08:53:57.569Z
367,6,CR050,"Nangka, biji, segar","nangka biji segar",single,DABM-1964,57.7,165.0,4.2,0.1,36.7,1.8,1.3,33.0,200.0,1.0,69.0,179.0,0.12,0.2,0.0,0.0,,0.2,0.03,1.4,10.0,75.0,4.3_kacang_biji_bean_dan_hasil_olahannya.json,7471df796a5b54c55781c69c4543fe69a6b7e5ac8bdb6d27016ec63099eaaf0f,2026-07-28T08:53:57.569Z,2026-07-28T08:53:57.569Z
368,6,CR051,"Saga merah terkupas, mentah","saga merah terkupas mentah",single,KZGPI-1990,8.1,449.0,30.6,25.5,31.9,3.5,3.9,1062.0,161.0,14.2,66.0,1496.5,0.07,5.7,,,107.0,0.09,1.5,10.9,7.0,100.0,4.3_kacang_biji_bean_dan_hasil_olahannya.json,3ff831854f0b6337ac78053b1df257c6f6241f1829ec0a13d09404fa61211fe7,2026-07-28T08:53:57.569Z,2026-07-28T08:53:57.569Z
369,6,CR052,"Wijen, mentah","wijen mentah",single,DABM-1964,5.8,568.0,19.3,51.1,18.1,3.6,5.8,1125.0,614.0,9.5,18.0,303.7,4.16,7.9,,15.0,,0.93,0.2,5.7,0.0,100.0,4.3_kacang_biji_bean_dan_hasil_olahannya.json,4f0ecc17d1c95f858bf3ebec5e6fc02667d9a11146902bc51fd5abf3a1036182,2026-07-28T08:53:57.569Z,2026-07-28T08:53:57.569Z
370,6,CP001,"Kacang belimbing, rebus","kacang belimbing rebus",processed_composite,KZGPI-1990,55.6,204.0,16.9,8.8,17.5,4.8,1.2,230.0,180.0,3.3,43.0,1098.0,3.24,2.3,,,,0.2,0.48,0.7,,100.0,4.3_kacang_biji_bean_dan_hasil_olahannya.json,bf1fd54a8e1e4243f3baf66a28dbbcde7a6f512ca44e94edbf707812f5749140,2026-07-28T08:53:57.569Z,2026-07-28T08:53:57.569Z
371,6,CP002,"Kacang bogor, goreng","kacang bogor goreng",processed_composite,KZGPI-1990,3.0,479.0,12.7,23.2,58.9,1.2,2.2,135.0,184.0,2.9,,,,,,,,0.25,0.45,4.1,,35.0,4.3_kacang_biji_bean_dan_hasil_olahannya.json,dfb20552909075d66036d77beae16156062b1e1adfbe26a7c284330d2846dee5,2026-07-28T08:53:57.569Z,2026-07-28T08:53:57.569Z
372,6,CP003,"Kacang bogor, rebus","kacang bogor rebus",processed_composite,KZGPI-1990,61.2,161.0,7.7,2.8,27.1,2.0,1.2,56.0,134.0,1.4,,,,,,,,0.1,,,,35.0,4.3_kacang_biji_bean_dan_hasil_olahannya.json,2670ef094672e18780790f6bcef1671c43b1c21fbef7daceb27817b7fac34286,2026-07-28T08:53:57.569Z,2026-07-28T08:53:57.569Z
373,6,CP004,"Kacang gude, rebus","kacang gude rebus",processed_composite,KZGPI-1990,61.5,147.0,9.0,0.5,27.5,3.4,1.5,50.0,175.0,2.0,14.0,1126.0,0.8,2.7,,12.0,,0.1,0.07,13.2,,100.0,4.3_kacang_biji_bean_dan_hasil_olahannya.json,97d17c593acfc1d263f485c5b1bd6812117eb2da2e2145ce0ec8a0cb945b4eaa,2026-07-28T08:53:57.569Z,2026-07-28T08:53:57.569Z
374,6,CP005,"kacang hijau, rebus","kacang hijau rebus",processed_composite,KZGPI-1990,71.3,109.0,8.7,0.5,18.3,1.5,1.2,95.0,149.0,1.5,447.0,657.8,1.4,2.8,,18.0,120.0,0.12,0.04,0.4,3.0,100.0,4.3_kacang_biji_bean_dan_hasil_olahannya.json,d54939d372dd72ae828869d00205bee25a1c745751b956d755c268d40e5a8061,2026-07-28T08:53:57.569Z,2026-07-28T08:53:57.569Z
375,6,CP006,"Kacang kedelai, goreng","kacang kedelai goreng",processed_composite,KZGPI-1990,9.6,521.0,32.2,37.7,22.9,7.6,3.7,296.0,800.0,6.5,3492.0,11890.0,26.3,60.0,,,20.0,0.4,1.9,19.0,,100.0,4.3_kacang_biji_bean_dan_hasil_olahannya.json,ec43c5a099a26cb2f5a647e783594f1ff7e67d200cf2a812aa858db98f3e88a3,2026-07-28T08:53:57.569Z,2026-07-28T08:53:57.569Z
376,6,CP007,"Kacang kedelai, rebus","kacang kedelai rebus",processed_composite,KZGPI-1990,56.8,189.0,20.2,8.2,12.7,1.6,2.1,91.0,270.0,3.9,181.0,615.0,1.3,3.7,,4.0,15.0,0.2,0.04,0.5,0.0,100.0,4.3_kacang_biji_bean_dan_hasil_olahannya.json,c0c6e271dcdf3a8b0cfc24060a8ae057db703bc55a79b0c018f613c0185b41cd,2026-07-28T08:53:57.569Z,2026-07-28T08:53:57.569Z
377,6,CP008,"Kacang merah kering, rebus","kacang merah kering rebus",processed_composite,KZGPI-l990,59.6,158.0,10.3,0.9,28.2,2.6,1.0,160.0,149.0,3.7,6.0,311.0,0.27,1.5,,,,0.2,0.09,0.8,,100.0,4.3_kacang_biji_bean_dan_hasil_olahannya.json,91fa5751e6effe6b4cda28c784b7e5c4b44ebb4bbd21aaf22290f9f9dbae244e,2026-07-28T08:53:57.569Z,2026-07-28T08:53:57.569Z
378,6,CP009,"Kacang merah segar, rebus","kacang merah segar rebus",processed_composite,KZGPI-l990,63.1,144.0,10.0,1.0,24.7,3.5,1.2,144.0,150.0,2.8,6.0,311.0,0.27,1.5,,0.0,,0.1,0.08,0.7,,100.0,4.3_kacang_biji_bean_dan_hasil_olahannya.json,2843c88f12114d28f02a1a5cccece4951430ce04533e8c75c5c0b00c09de4828,2026-07-28T08:53:57.569Z,2026-07-28T08:53:57.569Z
379,6,CP010,"Kacang mete/biji jambu monyet, goreng","kacang mete biji jambu monyet goreng",processed_composite,KZGPI-1990,1.0,629.0,20.4,56.3,19.8,1.1,2.5,502.0,493.0,8.0,13.0,641.7,4.7,5.4,,5.0,,0.37,0.22,1.8,,100.0,4.3_kacang_biji_bean_dan_hasil_olahannya.json,d7f4573fc94465b07ca8312c0fdd691298b46c6daf5b7aec72e58cb87e77e695,2026-07-28T08:53:57.569Z,2026-07-28T08:53:57.569Z
380,6,CP011,"Kacang tanah rebus dg kulit","kacang tanah rebus dg kulit",processed_composite,DABM-1964,40.2,360.0,13.5,31.2,12.8,,2.3,42.0,177.0,1.4,32.0,483.0,1.6,2.0,0.0,,,0.44,0.13,9.0,5.0,43.0,4.3_kacang_biji_bean_dan_hasil_olahannya.json,bde37b28ca35bddd352198e73c592ad2be6fd1b0787cac17a1cb74198493ba14,2026-07-28T08:53:57.569Z,2026-07-28T08:53:57.569Z
381,6,CP012,"Kacang tanah, goreng","kacang tanah goreng",processed_composite,KZGPI-l990,2.5,564.0,25.5,44.4,25.5,2.8,2.8,106.0,390.0,4.1,,,,,,,,0.4,,,,100.0,4.3_kacang_biji_bean_dan_hasil_olahannya.json,337862b4df0aea346ece37934c25f140af61af52c4d942b3bd7e6aa4bdd3e947,2026-07-28T08:53:57.569Z,2026-07-28T08:53:57.569Z
382,6,CP013,"Kacang tanah, rebus","kacang tanah rebus",processed_composite,KZGPI-l990,62.1,220.0,10.6,18.0,8.0,1.0,1.3,89.0,273.0,1.9,36.0,536.2,1.78,2.2,,,,0.1,,,0.0,100.0,4.3_kacang_biji_bean_dan_hasil_olahannya.json,e3b4ba12172283629f7e89f15a670e2d720721ffdeba829973228a78f1b7a555,2026-07-28T08:53:57.569Z,2026-07-28T08:53:57.569Z
383,6,CP014,"Kacang tolo, rebus","kacang tolo rebus",processed_composite,KZGPI-l990,64.4,138.0,10.7,1.1,22.6,0.9,1.2,165.0,172.0,4.0,13.0,6.7,0.8,6.1,,,,0.01,0.17,3.2,,100.0,4.3_kacang_biji_bean_dan_hasil_olahannya.json,aa3d409a36f50d67e3a4334eda0f281aebc792e4a4df8cff394bb686e9e81461,2026-07-28T08:53:57.569Z,2026-07-28T08:53:57.569Z
384,6,CP015,"Ampas kacang hijau","ampas kacang hijau",processed_composite,KZGPI-1990,70.6,96.0,3.7,0.6,19.1,2.7,0.6,133.0,150.0,1.3,,,,,,,,0.05,,,,100.0,4.3_kacang_biji_bean_dan_hasil_olahannya.json,47ad011c90e57693ef3d8f7b15997f925dfa5c9932e3adf432e82894c97b6136,2026-07-28T08:53:57.569Z,2026-07-28T08:53:57.569Z
385,6,CP016,"Ampas tahu, mentah","ampas tahu mentah",processed_composite,KZGPI-1990,84.1,67.0,5.0,2.1,8.1,4.1,0.6,460.0,88.0,1.0,8.0,184.5,0.17,0.5,,0.0,,0.06,0.02,0.1,,100.0,4.3_kacang_biji_bean_dan_hasil_olahannya.json,54de96901c6abf3ea0cdb65908bc4dd2a7a56af39470fa479e52fcc45cfe5cc1,2026-07-28T08:53:57.569Z,2026-07-28T08:53:57.569Z
386,6,CP017,"Ampas tahu kukus","ampas tahu kukus",processed_composite,KZGPI-1990,82.5,75.0,4.1,2.1,10.7,5.1,0.6,203.0,60.0,1.3,,,,,,0.0,,0.07,,,,100.0,4.3_kacang_biji_bean_dan_hasil_olahannya.json,722e89ace2b416a2d099bb545fd61f7ada39b7ed0b48137e9f44508290b525f5,2026-07-28T08:53:57.569Z,2026-07-28T08:53:57.569Z
387,6,CP018,"Ampas tahu, kering","ampas tahu kering",processed_composite,DABM-1964,9.0,414.0,26.6,18.3,41.3,0.0,5.8,19.0,29.0,4.0,45.0,1055.7,0.99,2.8,0.0,24.0,,0.2,0.1,0.5,0.0,100.0,4.3_kacang_biji_bean_dan_hasil_olahannya.json,2eac8ad6858d3a436a32d756179db2bfe2a3d4f543416a979263697b29050e72,2026-07-28T08:53:57.569Z,2026-07-28T08:53:57.569Z
388,6,CP019,"Pepea oncom ampas tahu","pepea oncom ampas tahu",processed_composite,KZGPI-1990,80.9,76.0,5.2,1.8,10.6,2.2,1.5,215.0,66.0,12.5,,,,,,,268.0,0.11,,,,100.0,4.3_kacang_biji_bean_dan_hasil_olahannya.json,2b343188b64d1b6f7c8ac58b2dd52f51b49158c652ca345eb5b8c9131345bfff,2026-07-28T08:53:57.569Z,2026-07-28T08:53:57.569Z
389,6,CP020,"Bungkil biji karet","bungkil biji karet",processed_composite,DABM-1964,12.0,333.0,29.3,3.3,50.0,,29.4,102.0,660.0,12.0,,,,,0.0,,,0.1,,,0.0,100.0,4.3_kacang_biji_bean_dan_hasil_olahannya.json,3531fc824c129b0696ab30611ae49e27e39ebf201f73ac3c2e7686bd9cc22dd3,2026-07-28T08:53:57.569Z,2026-07-28T08:53:57.569Z
390,6,CP021,"Bungkil kacang tanah","bungkil kacang tanah",processed_composite,DABM-1964,14.0,336.0,37.4,13.0,30.5,,33.1,730.0,470.0,30.7,,,,,0.0,,,0.04,,,,100.0,4.3_kacang_biji_bean_dan_hasil_olahannya.json,dbfee9876d56d490165e29562e1b9d3d5066472bd58b46238aa310cc6fa57146,2026-07-28T08:53:57.569Z,2026-07-28T08:53:57.569Z
391,6,CP022,"Bungkil kelapa","bungkil kelapa",processed_composite,DABM-1964,16.0,368.0,23.0,15.0,40.0,,38.0,137.0,433.0,41.5,,,,,0.0,,,0.0,0.46,8.9,,100.0,4.3_kacang_biji_bean_dan_hasil_olahannya.json,ba0d81d34941b8ca6493c6953b96c7251a9e40a131ea341536b1f2e6e4082e03,2026-07-28T08:53:57.569Z,2026-07-28T08:53:57.569Z
392,6,CP023,"Dodol banjarmasin","dodol banjarmasin",processed_composite,KZGMI-2001,17.3,368.0,2.6,8.6,70.0,0.5,1.5,51.0,180.0,3.3,48.0,96.0,0.4,2.6,0.0,0.0,0.0,0.04,0.07,2.3,0.0,100.0,4.3_kacang_biji_bean_dan_hasil_olahannya.json,acba3d464d598c10f6289d0a93053fe0a0defae2f52343715f2e2ccee3e835ad,2026-07-28T08:53:57.569Z,2026-07-28T08:53:57.569Z
393,6,CP024,"Emping (kerupuk melinjo)","emping kerupuk melinjo",processed_composite,DABM-1964,13.0,345.0,12.0,1.5,71.5,,28.0,100.0,400.0,5.0,,,,,,,,0.2,,,0.0,100.0,4.3_kacang_biji_bean_dan_hasil_olahannya.json,249445987f3b480f2376191c8a3512611ed3898a897a191c43f96eff9744c041,2026-07-28T08:53:57.569Z,2026-07-28T08:53:57.569Z
394,6,CP025,"Emping komak","emping komak",processed_composite,KZGMI-2001,14.2,355.0,17.8,4.6,60.7,,2.7,87.0,304.0,4.3,24.0,1233.0,1.0,2.3,,0.0,,,,0.6,,100.0,4.3_kacang_biji_bean_dan_hasil_olahannya.json,f3b7f0bfe17a1e579468651b4d3d36a717940d977de521561696812383456508,2026-07-28T08:53:57.569Z,2026-07-28T08:53:57.569Z
395,6,CP026,"Enting-enting gepuk hello kity","enting enting gepuk hello kity",processed_composite,KZGPI-1990,2.4,538.0,13.6,30.3,52.6,0.2,1.0,81.0,248.0,1.6,,,,,0.0,,202.0,1.0,,,0.0,100.0,4.3_kacang_biji_bean_dan_hasil_olahannya.json,0409ff258c7d5b01a332a4e05296808f4acf44f1ec23811354d07dacab60d81c,2026-07-28T08:53:57.569Z,2026-07-28T08:53:57.569Z
396,6,CP027,"Enting-enting gepuk kacang tanah","enting enting gepuk kacang tanah",processed_composite,KZGPI-1990,4.2,524.0,13.3,29.2,52.0,0.2,1.4,76.0,248.0,1.4,,,,,0.0,,272.0,0.62,,,0.0,100.0,4.3_kacang_biji_bean_dan_hasil_olahannya.json,743a8973ac2289f1c530b2c41f9e9550dc33c0ca2365972fae31e82b4adc00b1,2026-07-28T08:53:57.569Z,2026-07-28T08:53:57.569Z
397,6,CP028,"Enting-enting wijen","enting enting wijen",processed_composite,KZGPI-1990,3.7,565.0,18.2,38.4,36.8,1.9,3.0,251.0,502.0,10.9,,,,,0.0,,240.0,0.92,,,0.0,100.0,4.3_kacang_biji_bean_dan_hasil_olahannya.json,20dbc66da4156f5581d8cb643d3ee240650120a8ea52b19573a6b231a22f3165,2026-07-28T08:53:57.569Z,2026-07-28T08:53:57.569Z
398,6,CP029,Geplak,geplak,processed_composite,KZGMI-2001,29.6,350.0,1.4,14.4,53.6,1.8,1.0,151.0,43.0,2.1,,,,,0.0,,120.0,0.12,0.02,0.8,0.0,100.0,4.3_kacang_biji_bean_dan_hasil_olahannya.json,8b396c15cc2b5b9355d9814691cd59d9178d7845c110944b840539e75de430fe,2026-07-28T08:53:57.569Z,2026-07-28T08:53:57.569Z
399,6,CP030,"Geplak jahe","geplak jahe",processed_composite,KZGMI-2001,12.4,462.0,3.1,24.4,57.7,3.3,2.5,212.0,161.0,6.6,,,,,0.0,,272.0,0.12,0.0,0.1,0.0,100.0,4.3_kacang_biji_bean_dan_hasil_olahannya.json,a5309fee218b86284659ef52d4711e234322308c5ac512657eadedf544c1cfac,2026-07-28T08:53:57.569Z,2026-07-28T08:53:57.569Z
400,6,CP031,"Kacang atom","kacang atom",processed_composite,KZGPI-1990,3.1,533.0,27.8,38.1,28.8,2.5,2.2,87.0,423.0,3.0,,,,,,,0.0,0.06,,,0.0,100.0,4.3_kacang_biji_bean_dan_hasil_olahannya.json,dc26e71327319054b99542f8a5779e4f876532ccf4766a3e00e464fdd8fa6d1b,2026-07-28T08:53:57.569Z,2026-07-28T08:53:57.569Z
401,6,CP032,"Kacang goyang","kacang goyang",processed_composite,KZGMI-2001,8.3,516.0,14.7,31.1,44.4,,1.5,34.0,230.0,0.7,2.0,365.0,0.6,1.7,,,,,,,,100.0,4.3_kacang_biji_bean_dan_hasil_olahannya.json,4d3fc8d73bf77cd88f435c756ecdc4740d1c94f11426ab74610ca33db59d271a,2026-07-28T08:53:57.569Z,2026-07-28T08:53:57.569Z
402,6,CP033,"Kacang negara","kacang negara",processed_composite,KZGMI-2001,3.1,480.0,18.4,19.1,58.5,11.7,0.9,34.0,404.0,10.3,1010.0,385.0,2.5,7.1,,,,0.63,0.05,2.6,,100.0,4.3_kacang_biji_bean_dan_hasil_olahannya.json,4aafeb2d7857caffde1feeb6b7ef88c696c8756944d0b9d9ca9a7feff25583f5,2026-07-28T08:53:57.569Z,2026-07-28T08:53:57.569Z
403,6,CP034,"Kacang sukro","kacang sukro",processed_composite,KZGPI-1990,4.7,484.0,8.8,26.1,57.7,1.8,2.7,49.0,194.0,2.5,,,,,,,0.0,0.06,,,0.0,100.0,4.3_kacang_biji_bean_dan_hasil_olahannya.json,644147cb582f0830c22fca919d95ec55a6eddded3b5704acb98a178fdffc2f07,2026-07-28T08:53:57.569Z,2026-07-28T08:53:57.569Z
404,6,CP035,"Kacang tanah sari","kacang tanah sari",processed_composite,KZGPI-1990,2.1,561.0,25.5,43.8,26.0,2.2,2.6,50.0,324.0,3.1,,,,,,,0.0,0.08,,,0.0,100.0,4.3_kacang_biji_bean_dan_hasil_olahannya.json,57008eb55b0aa2930227ba2070df65ffa4117f6df834ada9765474cd9aad93d3,2026-07-28T08:53:57.569Z,2026-07-28T08:53:57.569Z
405,6,CP036,"Keju kacang tanah (peanut butter)","keju kacang tanah peanut butter",processed_composite,DABM-1964,3.0,590.0,27.0,49.0,20.9,1.6,0.1,60.0,360.0,2.0,355.0,492.4,0.57,2.7,0.0,0.0,,0.3,0.2,16.2,0.0,100.0,4.3_kacang_biji_bean_dan_hasil_olahannya.json,8e22c8f0e101b3c34e648e7a69f386d3752c68cf8610fdfb3487f5d94f2e639c,2026-07-28T08:53:57.569Z,2026-07-28T08:53:57.569Z
406,6,CP037,"Kembang tahu","kembang tahu",processed_composite,KZGPI-1990,10.8,380.0,48.9,13.8,23.3,0.0,3.2,378.0,781.0,2.1,55.0,455.3,0.68,4.2,,0.0,,0.15,0.08,0.7,,100.0,4.3_kacang_biji_bean_dan_hasil_olahannya.json,bdca335f35b63b8acf6283239023c53106291d06899c129e75fdc5e33a273618,2026-07-28T08:53:57.569Z,2026-07-28T08:53:57.569Z
407,6,CP038,"Kembang tahu rebus","kembang tahu rebus",processed_composite,KZGPI-1990,79.8,90.0,10.7,4.0,4.7,,0.8,85.0,,,,,,,,,,,,,,100.0,4.3_kacang_biji_bean_dan_hasil_olahannya.json,a8c1b91da6c3c0739d8892845cf3b8da1df6ce95a9b0b6770b767f74aafd6de1,2026-07-28T08:53:57.569Z,2026-07-28T08:53:57.569Z
408,6,CP039,"Keripik oncom","keripik oncom",processed_composite,KZGPI-1990,3.0,598.0,8.3,43.8,42.6,3.3,2.2,85.0,153.0,27.0,,,,,,,1608.0,1.13,,,0.0,100.0,4.3_kacang_biji_bean_dan_hasil_olahannya.json,53005c998aa5e9e0ed479833b81093871b72fad7f2a20c0098b1544d3a915a13,2026-07-28T08:53:57.569Z,2026-07-28T08:53:57.569Z
409,6,CP040,"Keripik tempe","keripik tempe",processed_composite,KZGPI-1990,3.3,581.0,12.1,40.6,41.7,2.2,2.3,237.0,116.0,6.9,,,,,,,320.0,0.35,,,0.0,100.0,4.3_kacang_biji_bean_dan_hasil_olahannya.json,c9d9e82d2871a6222b8a51abcdfb6dcce5b274c3804aff5ca133b6ece580079c,2026-07-28T08:53:57.569Z,2026-07-28T08:53:57.569Z
410,6,CP041,"Keripik tempe abadi besar","keripik tempe abadi besar",processed_composite,KZGPI-1990,4.5,556.0,15.8,37.1,39.8,3.5,2.8,112.0,215.0,5.4,,,,,,,0.0,0.63,,,0.0,100.0,4.3_kacang_biji_bean_dan_hasil_olahannya.json,c24c245f7102c9fd28b193c6764a41e4351e4e5c3b055430b1a896a0d5d569e1,2026-07-28T08:53:57.569Z,2026-07-28T08:53:57.569Z
411,6,CP042,"Keripik tempe abadi murni","keripik tempe abadi murni",processed_composite,KZGPI-1990,3.2,542.0,40.3,42.4,11.6,2.2,2.7,175.0,529.0,5.2,,,,,,,50.0,0.1,,,0.0,100.0,4.3_kacang_biji_bean_dan_hasil_olahannya.json,ac2b4529d799a7c53157e281a249d95ee6524399de7c527436b11f29e743bf10,2026-07-28T08:53:57.569Z,2026-07-28T08:53:57.569Z
412,6,CP043,"Keripik tempe abadi sedang","keripik tempe abadi sedang",processed_composite,KZGPI-1990,4.4,510.0,12.3,27.9,52.4,3.6,3.1,122.0,211.0,8.4,,,,,,,0.0,0.52,,,0.0,100.0,4.3_kacang_biji_bean_dan_hasil_olahannya.json,ae53afa87628e2a4c61531f5015312cd0ebf02977d1198f48f08354e6094cdc7,2026-07-28T08:53:57.569Z,2026-07-28T08:53:57.569Z
413,6,CP044,"Keripik tempe abadi telur","keripik tempe abadi telur",processed_composite,KZGPI-1990,4.5,529.0,20.8,31.7,40.2,3.0,2.9,124.0,222.0,5.4,,,,,,,0.0,0.86,,,0.0,100.0,4.3_kacang_biji_bean_dan_hasil_olahannya.json,007070a7d8ed1930cc73c64e672931954f00052ed9c446b683dd002ec2b232b2,2026-07-28T08:53:57.569Z,2026-07-28T08:53:57.569Z
414,6,CP045,"Kerupik tempe abadi prima","kerupik tempe abadi prima",processed_composite,KZGPI-1990,4.8,540.0,16.7,33.9,42.0,2.2,2.6,92.0,184.0,3.2,,,,,,,1080.0,0.38,,,0.0,100.0,4.3_kacang_biji_bean_dan_hasil_olahannya.json,eb446aa32a860b8325d0becd0404ca15b453816d0e1dda004654fa6874686d19,2026-07-28T08:53:57.570Z,2026-07-28T08:53:57.570Z
415,6,CP046,Kwaci,kwaci,processed_composite,DABM-1964,9.9,515.0,30.6,42.1,13.8,13.6,3.7,54.0,312.0,6.2,124.0,448.6,0.65,9.7,0.0,,,0.02,0.19,0.3,0.0,35.0,4.3_kacang_biji_bean_dan_hasil_olahannya.json,3f2660cf6eeb16cf644c65de7560ac38c01702be208965d94eef758886a6d036,2026-07-28T08:53:57.570Z,2026-07-28T08:53:57.570Z
416,6,CP047,"Melinjo emping tebal goreng manis","melinjo emping tebal goreng manis",processed_composite,KZGPI-1990,5.6,439.0,10.0,16.4,65.7,,2.3,66.0,225.0,,,,,,,,0.0,0.1,,,0.0,100.0,4.3_kacang_biji_bean_dan_hasil_olahannya.json,10b82b0f116c851db47fd3b143afe0be0ff75451c5bb672050fbee9a9f97a836,2026-07-28T08:53:57.570Z,2026-07-28T08:53:57.570Z
417,6,CP048,"Melinjo emping tebal, goreng asin","melinjo emping tebal goreng asin",processed_composite,KZGPI-1990,8.0,431.0,11.1,16.2,63.0,,1.6,77.0,,,,,,,,,0.0,0.08,,,0.0,100.0,4.3_kacang_biji_bean_dan_hasil_olahannya.json,3b63d39f0ae9c1c55853b03e8b3ee0bf17ee592a86092577a68ad5624a4cc6d7,2026-07-28T08:53:57.570Z,2026-07-28T08:53:57.570Z
418,6,CP049,"Melinjo emping tipis goreng","melinjo emping tipis goreng",processed_composite,KZGPI-1990,3.3,485.0,11.5,24.5,59.1,,1.5,85.0,218.0,,,,,,,,0.0,0.11,,,0.0,100.0,4.3_kacang_biji_bean_dan_hasil_olahannya.json,1cc2bcf32a789ca29d4475054d125371fbf03575f4971ae397242456f0c014d8,2026-07-28T08:53:57.570Z,2026-07-28T08:53:57.570Z
419,6,CP050,"Moon tahu","moon tahu",processed_composite,KZGMS-1993,79.9,128.0,8.0,10.0,1.3,0.2,0.8,205.0,92.0,2.5,393.0,,,,131.0,,5300.0,0.46,,,0.0,100.0,4.3_kacang_biji_bean_dan_hasil_olahannya.json,77a31246116f5dff4b03b2b3e4720b544aa13ddb3224f73e6c3220acb2c9c0fb,2026-07-28T08:53:57.570Z,2026-07-28T08:53:57.570Z
420,6,CP051,Oncom,oncom,processed_composite,DABM-1964,57.0,187.0,13.0,6.0,22.6,,1.4,96.0,115.0,27.0,,,,,0.0,,,0.09,0.0,1.6,0.0,100.0,4.3_kacang_biji_bean_dan_hasil_olahannya.json,ddbcc73ce28f7493de85ac2b376e0df97bae39d391aac33ad611970c46cfc87d,2026-07-28T08:53:57.570Z,2026-07-28T08:53:57.570Z
421,6,CP052,"Oncom ampas kacang hijau","oncom ampas kacang hijau",processed_composite,KZGPI-1990,13.4,376.0,14.9,6.0,65.7,12.3,1.7,199.0,110.0,10.9,,,,,,,,0.03,,,,100.0,4.3_kacang_biji_bean_dan_hasil_olahannya.json,1582abd41bae44f75568e2563cee2eaa8251d413a152cc828d088d1538fcf5bb,2026-07-28T08:53:57.570Z,2026-07-28T08:53:57.570Z
422,6,CP053,"Oncom kacang hijau + singkong","oncom kacang hijau singkong",processed_composite,KZGPI-1990,16.5,351.0,11.0,5.3,65.9,9.0,1.3,164.0,113.0,7.8,,,,,,,,0.01,,,,100.0,4.3_kacang_biji_bean_dan_hasil_olahannya.json,77f0bbb2627fdab0a25c736ae63e1b68572d4c24b0b30d674fb05f6a5a503390,2026-07-28T08:53:57.570Z,2026-07-28T08:53:57.570Z
423,6,CP054,"Oncom kacang tanah pepes","oncom kacang tanah pepes",processed_composite,KZGPI-1990,65.0,132.0,12.7,3.8,13.7,3.1,4.8,133.0,355.0,34.4,,,,,,,10.0,0.08,0.2,0.7,0.0,100.0,4.3_kacang_biji_bean_dan_hasil_olahannya.json,177ed926798924164aba65e26a24ad3b98b061e8b54227cecad9977813d5f4e6,2026-07-28T08:53:57.570Z,2026-07-28T08:53:57.570Z
424,6,CP055,"Rempeyek kacang tanah","rempeyek kacang tanah",processed_composite,KZGPI-1990,3.9,513.0,17.5,32.5,44.3,1.7,1.8,65.0,202.0,2.6,,,,,,,0.0,0.1,,,0.0,100.0,4.3_kacang_biji_bean_dan_hasil_olahannya.json,e8b4470a0cdd4e2b25c4e44347a3f9e429c2d6ea9187d9dce89d1f9aa5f5f96d,2026-07-28T08:53:57.570Z,2026-07-28T08:53:57.570Z
425,6,CP056,"Rempeyek kacang tolo","rempeyek kacang tolo",processed_composite,KZGPI-1990,6.1,451.0,11.2,20.2,59.7,1.8,2.8,156.0,221.0,4.6,,,,,,,0.0,0.02,,,0.0,100.0,4.3_kacang_biji_bean_dan_hasil_olahannya.json,818308d0ca2652952c179a089c66c2b8b19cb5fc04223a11f04b18918f7fef47,2026-07-28T08:53:57.570Z,2026-07-28T08:53:57.570Z
426,6,CP057,"Rempeyek kacang uci","rempeyek kacang uci",processed_composite,KZGPI-1990,4.0,497.0,17.0,27.6,50.8,2.4,3.4,166.0,89.0,6.7,,,,,,,0.0,0.05,,,0.0,100.0,4.3_kacang_biji_bean_dan_hasil_olahannya.json,bf039890386fa4c26bea1b9904f28a896d3b52293ba7ad1045572e6a5454d603,2026-07-28T08:53:57.570Z,2026-07-28T08:53:57.570Z
427,6,CP058,"Sayur lebui","sayur lebui",processed_composite,KZGMI-2001,83.9,64.0,2.1,0.6,12.5,5.7,0.9,21.0,2.0,1.0,124.0,146.0,0.2,0.7,,14.0,,,0.0,0.1,,100.0,4.3_kacang_biji_bean_dan_hasil_olahannya.json,0940b9d441eb6ea6f5af75e243d04faad0523d8b56e2a72e07fe8ddf2d58960b,2026-07-28T08:53:57.570Z,2026-07-28T08:53:57.570Z
428,6,CP059,"Saridele, bubuk","saridele bubuk",processed_composite,DABM-1964,3.0,344.0,30.0,20.0,43.0,6.2,4.0,450.0,500.0,4.0,56.0,2572.3,2.99,4.0,,0.0,2000.0,0.7,0.16,2.0,10.0,100.0,4.3_kacang_biji_bean_dan_hasil_olahannya.json,1b3de868a60417ba6c33281aa8521828d02e9e8cf9cf8ea9940c01f5c067fafe,2026-07-28T08:53:57.570Z,2026-07-28T08:53:57.570Z
429,6,CP060,"Susu kedelai","susu kedelai",processed_composite,DABM-1964,87.0,41.0,3.5,2.5,5.0,0.2,2.0,50.0,45.0,0.7,128.0,287.9,0.12,1.0,,,200.0,0.08,0.05,0.7,2.0,100.0,4.3_kacang_biji_bean_dan_hasil_olahannya.json,4968b73f16b154bf69911161007fa38d902d0b564ebfb6b5172d8acbf940e036,2026-07-28T08:53:57.570Z,2026-07-28T08:53:57.570Z
430,6,CP061,"Tahu, mentah","tahu mentah",processed_composite,KZGPI-1990,82.2,80.0,10.9,4.7,0.8,0.1,1.4,223.0,183.0,3.4,2.0,50.6,0.19,0.8,,118.0,,0.01,0.08,0.1,,100.0,4.3_kacang_biji_bean_dan_hasil_olahannya.json,f9df8745657686b90969a5774ea46d9ebd23fb9c14fa7409341a1278135a041d,2026-07-28T08:53:57.570Z,2026-07-28T08:53:57.570Z
431,6,CP062,"Tahu goreng","tahu goreng",processed_composite,KZGPI-1990,77.3,115.0,9.7,8.5,2.5,0.1,2.0,229.0,200.0,4.1,7.0,68.2,0.09,1.3,,0.0,0.0,0.01,0.24,0.0,0.0,100.0,4.3_kacang_biji_bean_dan_hasil_olahannya.json,0571bcef535df8560dcd7e7456d94982fdc834fe8030dfe54df1154f2cba8fd8,2026-07-28T08:53:57.570Z,2026-07-28T08:53:57.570Z
432,6,CP063,"Tahu telur","tahu telur",processed_composite,KZGMS-1993,41.8,328.0,12.6,19.9,24.6,0.4,1.1,492.0,238.0,4.9,755.0,,,,73.0,,1860.0,0.42,,,0.0,100.0,4.3_kacang_biji_bean_dan_hasil_olahannya.json,29be341c3e47a3b48f929fbcedee1b1968441842dc6818d488913344f55e34f4,2026-07-28T08:53:57.570Z,2026-07-28T08:53:57.570Z
433,6,CP064,Takwa,takwa,processed_composite,KZGPI-1990,72.2,148.0,13.8,8.5,4.0,0.0,1.6,140.0,214.0,8.5,3.0,79.0,0.3,1.3,,,920.0,0.2,0.1,0.8,,100.0,4.3_kacang_biji_bean_dan_hasil_olahannya.json,384d46dc8bc6db567ce3ce2c6d7b6f29ff5286cecf3411390f5f09557f22d091,2026-07-28T08:53:57.570Z,2026-07-28T08:53:57.570Z
434,6,CP065,Tauco,tauco,processed_composite,KZGPI-1990,54.0,184.0,11.4,5.5,22.2,1.9,6.9,72.0,463.0,6.0,1766.0,233.0,0.39,1.0,,0.0,664.0,0.32,0.2,0.8,0.0,100.0,4.3_kacang_biji_bean_dan_hasil_olahannya.json,71ef61d0c03675558e83edd5ce2fad60eb6c0432ff2f99e04bb60857dfdc42a5,2026-07-28T08:53:57.570Z,2026-07-28T08:53:57.570Z
435,6,CP066,"Tauco cap beruang, cake","tauco cap beruang cake",processed_composite,KZGPI-1990,11.4,347.0,7.4,5.2,67.6,3.2,8.4,63.0,106.0,6.2,,,,,,,936.0,0.35,,,0.0,100.0,4.3_kacang_biji_bean_dan_hasil_olahannya.json,617b02dec479ee0bd700e3a3753c83d4ef35d8175889e6989346a53374301bdb,2026-07-28T08:53:57.570Z,2026-07-28T08:53:57.570Z
436,6,CP067,"Tauco cap DAS, cake","tauco cap das cake",processed_composite,KZGPI-1990,10.2,358.0,7.5,4.3,70.4,3.1,7.6,94.0,94.0,4.5,,,,,,,504.0,0.29,,,0.0,100.0,4.3_kacang_biji_bean_dan_hasil_olahannya.json,898cf692902da3bfdb481348a23f5e1270a814279d495b03f44858885d93cefd,2026-07-28T08:53:57.570Z,2026-07-28T08:53:57.570Z
437,6,CP068,"Tauco cap meong","tauco cap meong",processed_composite,KZGPI-1990,59.7,159.0,7.4,4.9,21.3,1.6,6.7,183.0,84.0,10.1,1547.0,204.1,0.34,0.9,,0.0,472.0,0.46,0.18,0.7,0.0,100.0,4.3_kacang_biji_bean_dan_hasil_olahannya.json,7901b01297fd40aef0ce3bb22f34ab138a27cd40ff78a7c1922da1a4cae6e95b,2026-07-28T08:53:57.570Z,2026-07-28T08:53:57.570Z
438,6,CP069,"Tauji cap singa","tauji cap singa",processed_composite,KZGPI-1990,30.4,277.0,9.1,4.7,49.6,1.2,6.2,68.0,106.0,3.0,,,,,,,936.0,0.15,,,0.0,100.0,4.3_kacang_biji_bean_dan_hasil_olahannya.json,c1d52ff17fdc3832322f252e3ad00ca77c222bda1fb30ad08c1047610bbadbbe,2026-07-28T08:53:57.570Z,2026-07-28T08:53:57.570Z
439,6,CP070,"Tempe bongkrek","tempe bongkrek",processed_composite,DABM-1964,72.5,119.0,4.4,3.5,18.3,,146.3,27.0,100.0,2.6,,,,,0.0,,,0.08,,,0.0,100.0,4.3_kacang_biji_bean_dan_hasil_olahannya.json,2163d79d9a12d68959027399f69cd9546bb1eb2f2fed8ee94f3251bbefd980c9,2026-07-28T08:53:57.570Z,2026-07-28T08:53:57.570Z
440,6,CP071,"Tempe gembus P3G","tempe gembus p3g",processed_composite,KZGPI-1990,81.9,73.0,5.7,1.3,10.3,4.2,0.8,204.0,80.0,1.5,,,,,,,22.0,0.09,0.1,0.9,,100.0,4.3_kacang_biji_bean_dan_hasil_olahannya.json,fe743f54ce21022fc5d6e79a9d3742ed01d1dc352c5e90b870d49ae3c649748b,2026-07-28T08:53:57.570Z,2026-07-28T08:53:57.570Z
441,6,CP072,"Tempe gembus yogya","tempe gembus yogya",processed_composite,KZGPI-1990,80.7,76.0,6.8,0.7,10.6,5.3,1.1,76.0,142.0,16.5,,,,,,,,0.79,0.01,0.1,,100.0,4.3_kacang_biji_bean_dan_hasil_olahannya.json,21b575ea3dcbb5c77da92e929dfc4eb9fffeb19bf2425ea15306507729561f05,2026-07-28T08:53:57.570Z,2026-07-28T08:53:57.570Z
442,6,CP073,"Tempe kacang babi","tempe kacang babi",processed_composite,KZGPI-1990,64.0,139.0,12.5,0.8,21.9,1.8,1.2,68.0,182.0,2.6,,,,,,,20.0,0.1,,,,100.0,4.3_kacang_biji_bean_dan_hasil_olahannya.json,7f6eaf3dbde6495e7db722b4f783c9be00ef76a4450d68b99dd96afd8c33df7a,2026-07-28T08:53:57.570Z,2026-07-28T08:53:57.570Z
443,6,CP074,"Tempe kacang belimbing","tempe kacang belimbing",processed_composite,KZGPI-1990,58.2,212.0,17.5,10.0,12.9,2.9,1.4,186.0,160.0,2.2,,,,,,,,0.2,,,,100.0,4.3_kacang_biji_bean_dan_hasil_olahannya.json,2801029ebc07c7a1029bbf2de1d88f87a4ae44fa01913fd8a0567bdf2f22931a,2026-07-28T08:53:57.570Z,2026-07-28T08:53:57.570Z
444,6,CP075,"Tempe kedelai + jagung","tempe kedelai jagung",processed_composite,KZGPI-1990,70.6,143.0,12.0,5.5,11.4,1.9,0.6,155.0,156.0,6.8,,,,,,,1320.0,0.33,0.15,1.2,,100.0,4.3_kacang_biji_bean_dan_hasil_olahannya.json,b06a6573252aa3d1c8a1b8b5300243de66bb8060ba56f0e02ed1a6dc4428cc37,2026-07-28T08:53:57.570Z,2026-07-28T08:53:57.570Z
445,6,CP076,"Tempe kedelai murni, goreng","tempe kedelai murni goreng",processed_composite,KZGPI-1990,36.8,350.0,24.5,26.6,10.4,4.2,1.8,202.0,296.0,4.9,22.0,626.7,0.8,2.5,,,78.0,0.24,0.6,3.3,0.0,100.0,4.3_kacang_biji_bean_dan_hasil_olahannya.json,c84ff19594d0750b2bfebcf226a2d7ef1682abd600f8063712dfb77bf28e0bc6,2026-07-28T08:53:57.570Z,2026-07-28T08:53:57.570Z
446,6,CP077,"Tempe kedelai murni, mentah","tempe kedelai murni mentah",processed_composite,KZGPI-1990,55.3,201.0,20.8,8.8,13.5,1.4,1.6,155.0,326.0,4.0,9.0,234.0,0.57,1.7,,0.0,,0.19,0.59,4.9,,100.0,4.3_kacang_biji_bean_dan_hasil_olahannya.json,d04c052d1a760636cdc2535a40b767cc5f34426189b4f419b0d146bf8bdf609c,2026-07-28T08:53:57.570Z,2026-07-28T08:53:57.570Z
447,6,CP078,"Tempe koro benguk","tempe koro benguk",processed_composite,DABM-1964,64.0,141.0,10.2,1.3,23.2,,1.3,42.0,15.0,2.6,,,,,0.0,,,0.09,,,0.0,100.0,4.3_kacang_biji_bean_dan_hasil_olahannya.json,1362106815e4aaa391da1719fbcb825b4a7f490f3b7e9898891a237fd61dc832,2026-07-28T08:53:57.570Z,2026-07-28T08:53:57.570Z
448,6,CP079,"Tempe lamtoro","tempe lamtoro",processed_composite,KZGPI-1990,66.8,128.0,10.7,0.5,21.3,7.1,0.7,203.0,108.0,0.6,,,,,,,121.0,0.17,,,2.0,100.0,4.3_kacang_biji_bean_dan_hasil_olahannya.json,b6b469e861fded9fc31ad81873e4453003ba131af4eabc3df0d6fa9e2cd0cbef,2026-07-28T08:53:57.570Z,2026-07-28T08:53:57.570Z
449,6,CP080,"Tempe lamtoro var, gung dengan kulit","tempe lamtoro var gung dengan kulit",processed_composite,KZGPI-1990,65.1,146.0,11.7,2.3,19.6,7.6,1.3,128.0,41.0,6.8,,,,,,,1370.0,0.19,,1.4,,100.0,4.3_kacang_biji_bean_dan_hasil_olahannya.json,ebac49f1cff8ac862a6c94ca54e8e4a8990ba340a07d112d5302e3e465850754,2026-07-28T08:53:57.570Z,2026-07-28T08:53:57.570Z
450,6,CP081,"Tempe lamtoro var, gung tanpa kulit","tempe lamtoro var gung tanpa kulit",processed_composite,KZGPI-1990,67.1,131.0,18.0,0.8,13.0,1.3,1.1,95.0,154.0,12.4,,,,,,,5900.0,0.2,0.02,2.6,,100.0,4.3_kacang_biji_bean_dan_hasil_olahannya.json,85cc4b5b255bc09fb74c58d5cd9c5069221bee65583eb9259b1e759b975ff502,2026-07-28T08:53:57.570Z,2026-07-28T08:53:57.570Z
451,6,CP082,"Tempe pasar","tempe pasar",processed_composite,KZGPI-1990,68.3,150.0,14.0,7.7,9.1,1.4,0.9,517.0,202.0,1.5,7.0,165.9,0.4,1.2,,0.0,,0.17,0.44,3.6,,100.0,4.3_kacang_biji_bean_dan_hasil_olahannya.json,9bc8dbcc86b0844ac92493bdca7c271745fb36f1f330eecffdab9119f385e6d0,2026-07-28T08:53:57.570Z,2026-07-28T08:53:57.570Z
452,6,CP083,"Tempe pasar goreng","tempe pasar goreng",processed_composite,KZGPI-1990,42.9,336.0,20.0,28.0,7.8,3.4,1.3,156.0,350.0,3.0,20.0,566.2,0.8,2.2,,,10.0,0.1,0.5,3.0,0.0,100.0,4.3_kacang_biji_bean_dan_hasil_olahannya.json,5c9b825c09f17885e617e7ab1787c20784c926e85d088e98391d28b557400d8d,2026-07-28T08:53:57.570Z,2026-07-28T08:53:57.570Z
453,6,CP084,"Tepung hunkwe (pati kacang ijo)","tepung hunkwe pati kacang ijo",processed_composite,DABM-1964,10.0,364.0,4.5,1.0,83.5,16.1,1.0,50.0,100.0,1.0,15.0,1232.9,0.93,2.7,0.0,,,0.0,0.23,2.2,0.0,100.0,4.3_kacang_biji_bean_dan_hasil_olahannya.json,061ffb446a850830add6a06901266d7fe97aa724e42b4af52a858deee172cf92,2026-07-28T08:53:57.570Z,2026-07-28T08:53:57.570Z
454,6,CP085,"Tepung Jalejo","tepung jalejo",processed_composite,BKP,10.0,388.0,19.0,7.5,61.2,5.8,2.3,101.0,663.0,2.0,3.0,712.0,0.6,1.9,,1000.0,0.0,0.02,0.7,1.6,9.0,100.0,4.3_kacang_biji_bean_dan_hasil_olahannya.json,d2ca9d57ed6da222fb93a21cdac740baa3fac106d34e388d58cd978b01e7951e,2026-07-28T08:53:57.570Z,2026-07-28T08:53:57.570Z
455,6,CP086,"Tepung kacang kedelai","tepung kacang kedelai",processed_composite,DABM-1964,9.0,347.0,35.9,20.6,29.9,5.8,4.0,195.0,544.0,8.4,52.0,2522.6,4303.45,2.6,,0.0,140.0,0.77,0.32,2.1,0.0,100.0,4.3_kacang_biji_bean_dan_hasil_olahannya.json,993b6f354527c1e2db94c5250dea61540e3ff324b6ce38ccdfd98493bf457bd6,2026-07-28T08:53:57.570Z,2026-07-28T08:53:57.570Z
456,7,DR001,"Akar tonjong, segar","akar tonjong segar",single,KZGPI-1990,86.7,45.0,1.1,0.4,10.8,1.2,1.0,72.0,125.0,1.3,96.0,1147.1,0.02,0.2,0.0,83.0,90.0,0.02,0.03,1.9,2.0,100.0,4.4_sayuran_dan_hasil_olahannya.json,501fb9d42f6fb1e8171b3ef2e06f81537a61019051d23db72d08ffd3830be3b5,2026-07-28T08:53:57.570Z,2026-07-28T08:53:57.570Z
457,7,DR002,"Ale,toge, segar","ale toge segar",single,KZGPI-1990,90.6,37.0,4.4,0.5,3.8,1.7,0.7,50.0,248.0,2.0,2.0,105.0,0.16,0.4,0.0,0.0,35.0,0.02,0.09,0.6,46.0,90.0,4.4_sayuran_dan_hasil_olahannya.json,52ddb4886d8249ba3de8dd64004b0096c2bbe84e540a6af1a91ca589b4b4a2b4,2026-07-28T08:53:57.570Z,2026-07-28T08:53:57.570Z
458,7,DR003,"Andaliman, segar","andaliman segar",single,KZGPI-1990,74.2,99.0,4.6,1.0,18.0,8.5,2.2,383.0,107.0,2.9,,,,,0.0,,6300.0,3.0,,,15.0,100.0,4.4_sayuran_dan_hasil_olahannya.json,bfe891556992df13100aa0d89860853a7c14de3042ad447854e37dd10e2b9db7,2026-07-28T08:53:57.570Z,2026-07-28T08:53:57.570Z
459,7,DR004,"Andewi, segar","andewi segar",single,DABM-1964,91.8,226.0,1.6,0.2,5.3,4.1,1.1,33.0,66.0,1.0,29.0,414.6,0.13,1.0,,1717.0,,0.14,0.09,0.5,10.0,80.0,4.4_sayuran_dan_hasil_olahannya.json,2dca52e6818cfc97ee0c74995295efabf8eb940c635febacda7bf898babcdff6,2026-07-28T08:53:57.570Z,2026-07-28T08:53:57.570Z
460,7,DR005,"Bakung, segar","bakung segar",single,KZGMI-2001,92.5,27.0,2.0,0.2,4.2,3.8,1.1,19.0,20.0,0.5,37.0,340.0,0.2,0.3,,1080.0,,0.2,0.1,0.3,42.0,100.0,4.4_sayuran_dan_hasil_olahannya.json,2142e0e9189faf479f0169d49b8ee591aebd864a7d1ca5cde158f3c4b2cd6bc8,2026-07-28T08:53:57.570Z,2026-07-28T08:53:57.570Z
461,7,DR006,"Baligo, segar","baligo segar",single,DABM-1964,96.1,15.0,0.4,0.2,3.0,0.4,0.3,19.0,19.0,0.4,2.0,131.1,0.02,0.6,,0.0,,0.04,0.02,0.3,13.0,69.0,4.4_sayuran_dan_hasil_olahannya.json,ef7d54490b5b634a3e1a1aa04c71a8139c0f1b8569352662511167abd3051d48,2026-07-28T08:53:57.570Z,2026-07-28T08:53:57.570Z
462,7,DR007,"Bawang bombay, segar","bawang bombay segar",single,DABM-1964,87.5,43.0,1.4,0.2,10.3,2.0,0.6,32.0,44.0,0.5,12.0,9.6,0.1,0.3,,788.0,50.0,0.03,0.21,0.4,9.0,94.0,4.4_sayuran_dan_hasil_olahannya.json,d7b96c44d0743c3e230878abb3742f2a7481769a43ae14b56372d8b60f01895f,2026-07-28T08:53:57.570Z,2026-07-28T08:53:57.570Z
463,7,DR008,"Bayam, segar","bayam segar",single,KZGPI-1990,94.5,16.0,0.9,0.4,2.9,0.7,1.3,166.0,76.0,3.5,16.0,456.4,0.13,0.4,,2699.0,2293.0,0.04,0.1,1.0,41.0,71.0,4.4_sayuran_dan_hasil_olahannya.json,dd9228ede439b6741420ccf40aacce5b602da8daf6a02b6a6f21518441600c84,2026-07-28T08:53:57.570Z,2026-07-28T08:53:57.570Z
464,7,DR009,"Bayam merah, segar","bayam merah segar",single,KZGMI-2001,88.5,41.0,2.2,0.8,6.3,2.2,2.2,520.0,80.0,7.0,20.0,60.0,0.2,0.8,0.0,7325.0,,0.2,0.1,0.1,62.0,71.0,4.4_sayuran_dan_hasil_olahannya.json,bc9bfa8e9afb9be467b682614b72ec089e299a419b9216799231645c519bbd1f,2026-07-28T08:53:57.570Z,2026-07-28T08:53:57.570Z
465,7,DR010,"Bit, segar","bit segar",single,DABM-1964,87.6,41.0,1.6,0.1,9.6,2.6,1.1,27.0,43.0,1.0,29.0,404.9,0.2,0.7,,0.0,20.0,0.02,0.05,0.3,10.0,75.0,4.4_sayuran_dan_hasil_olahannya.json,106ecc8d56f73d59f82f49f9f4430d1b1d3cb84db60b8a4cb9ae01006147d766,2026-07-28T08:53:57.570Z,2026-07-28T08:53:57.570Z
466,7,DR011,"Buah kelor","buah kelor",single,KZGMI-2001,89.5,38.0,1.5,0.2,7.5,3.2,1.3,30.0,54.0,0.0,48.0,216.0,0.0,0.2,,31.0,,0.1,0.1,4.1,25.0,65.0,4.4_sayuran_dan_hasil_olahannya.json,e9dbac3cafe66be1f5d7fbad273d6db6b2105a9462a2b8b7dcf2096de85cc9a1,2026-07-28T08:53:57.570Z,2026-07-28T08:53:57.570Z
467,7,DR012,"Buah merah","buah merah",single,KZGMI-2001,81.2,87.0,2.6,2.7,13.1,4.0,0.4,30.0,1.0,1.1,110.0,140.0,0.1,0.3,0.0,0.0,,1.5,0.1,0.2,15.0,100.0,4.4_sayuran_dan_hasil_olahannya.json,173163eb99fd87cb96463eb254b74341273411ba9be09ec1f242bfa0f8daf49f,2026-07-28T08:53:57.570Z,2026-07-28T08:53:57.570Z
468,7,DR013,"Buncis, segar","buncis segar",single,KZGPI-1990,89.6,34.0,2.4,0.3,7.2,1.9,0.5,101.0,42.0,0.7,8.0,250.0,0.07,0.3,0.0,772.0,550.0,0.05,0.4,2.8,11.0,90.0,4.4_sayuran_dan_hasil_olahannya.json,a6451a647af61692df8f024d48c3e7ec7ddbecc2b0d516dc02810d9cd1571051,2026-07-28T08:53:57.570Z,2026-07-28T08:53:57.570Z
469,7,DR014,"Bunga pepaya, segar","bunga pepaya segar",single,KZGPI-1990,87.3,45.0,2.6,0.3,8.1,1.6,1.7,290.0,113.0,4.2,2.0,478.3,0.08,0.8,,2792.0,5.0,0.01,0.28,1.0,23.0,100.0,4.4_sayuran_dan_hasil_olahannya.json,b5bd8a4e0fe11081bd9e4961ab8597d36b85943e7571ce7611c28d41f87cbb5b,2026-07-28T08:53:57.570Z,2026-07-28T08:53:57.570Z
470,7,DR015,"Bunga turi, segar","bunga turi segar",single,BKP,90.4,42.0,2.0,1.1,6.1,3.3,0.4,28.0,23.0,0.8,29.0,97.4,0.1,0.6,,1200.0,0.0,0.5,0.02,0.4,1.0,96.1,4.4_sayuran_dan_hasil_olahannya.json,a15aa980c42f2df588d17755f917af5bfa668bfe676fbe7536d538300d855014,2026-07-28T08:53:57.570Z,2026-07-28T08:53:57.570Z
471,7,DR016,"Caisin, segar","caisin segar",single,KZGPI-1990,93.6,20.0,1.7,0.4,3.4,1.2,0.9,123.0,40.0,1.9,18.0,358.2,0.05,1.4,,1675.0,4188.0,0.04,0.19,0.6,3.0,100.0,4.4_sayuran_dan_hasil_olahannya.json,799642b57ad58d06b3317f43aa305d90801530c3571bd004b6a7e4c8c23f8dcb,2026-07-28T08:53:57.570Z,2026-07-28T08:53:57.570Z
472,7,DR017,"Daun bangun-bangun, segar","daun bangun bangun segar",single,KZGPI-1990,92.5,27.0,1.3,0.6,4.0,1.0,1.6,279.0,40.0,13.6,4.0,144.0,,,,1489.0,13288.0,0.16,0.1,0.0,5.0,66.0,4.4_sayuran_dan_hasil_olahannya.json,8b55d4e415c399f3a42c721bf971fca6d15c536ce5b1da24ba30c4488bd581bc,2026-07-28T08:53:57.570Z,2026-07-28T08:53:57.570Z
473,7,DR018,"Daun bawang merah, segar","daun bawang merah segar",single,KZGMI-2001,89.1,41.0,2.0,0.3,7.8,2.1,0.8,60.0,40.0,2.3,30.0,90.0,0.1,0.3,0.0,218.0,,0.1,0.1,0.2,11.0,67.0,4.4_sayuran_dan_hasil_olahannya.json,c3540b37f053d7705138ccfe93126f1c2e9ba9d0773d4b45b83a1c53b91a10f5,2026-07-28T08:53:57.570Z,2026-07-28T08:53:57.570Z
474,7,DR019,"Daun bebuas, segar","daun bebuas segar",single,KZGPI-1990,87.9,41.0,2.7,1.0,7.3,2.1,1.1,29.0,245.0,1.5,,,,,0.0,,3099.0,0.01,,,3.0,49.0,4.4_sayuran_dan_hasil_olahannya.json,dd4f67b8f3a821f19e6a33c56f15ae0e13737b1ac57c61d9caa007eb812530b8,2026-07-28T08:53:57.570Z,2026-07-28T08:53:57.570Z
475,7,DR020,"Daun belem, segar","daun belem segar",single,KZGPI-1990,84.6,50.0,4.4,1.4,7.8,1.9,1.8,698.0,151.0,7.5,,,,,0.0,,13072.0,0.05,,,21.0,81.0,4.4_sayuran_dan_hasil_olahannya.json,1c6ac86f7c68582a6312b47d478bac06570d99609b891c92648205d9a48c4d87,2026-07-28T08:53:57.570Z,2026-07-28T08:53:57.570Z
476,7,DR021,"Daun bluntas, segar","daun bluntas segar",single,DABM-1964,86.0,44.0,1.8,0.5,9.4,,2.3,256.0,49.0,5.6,,,,,,,3980.0,0.02,,,30.0,65.0,4.4_sayuran_dan_hasil_olahannya.json,a94120b1b161d4c3f2905b5634c90cb8b659691699c5fe2eeb13c58787a5df53,2026-07-28T08:53:57.570Z,2026-07-28T08:53:57.570Z
477,7,DR022,"Daun gandaria, segar","daun gandaria segar",single,DABM-1964,81.0,63.0,3.1,0.3,14.0,2.1,1.6,40.0,45.0,4.7,3.0,127.7,,,,503.0,600.0,0.04,0.04,0.2,61.0,65.0,4.4_sayuran_dan_hasil_olahannya.json,098b43e9607388738bc6e492d9e3c4758fb3cdb9012023afbbf84b57f01aba33,2026-07-28T08:53:57.570Z,2026-07-28T08:53:57.570Z
478,7,DR023,"Daun gedi besar, segar","daun gedi besar segar",single,KZGMI-2001,84.0,58.0,2.9,0.7,10.0,3.3,2.4,440.0,100.0,1.9,30.0,40.0,0.2,2.1,,596.0,,0.4,0.5,2.8,11.0,65.0,4.4_sayuran_dan_hasil_olahannya.json,b46e7c764d7448dd6138a09c99fca0e20ccf8215254682ccbe415a027245d660,2026-07-28T08:53:57.570Z,2026-07-28T08:53:57.570Z
479,7,DR024,"Daun gedi kecil, segar","daun gedi kecil segar",single,KZGMI-2001,83.7,61.0,3.2,0.7,10.4,3.4,2.0,420.0,70.0,1.7,20.0,50.0,0.1,1.4,,607.0,,0.4,0.3,2.9,11.0,65.0,4.4_sayuran_dan_hasil_olahannya.json,0bd338514eb9626aa3ef320c8d6232b7e1180406bb7687d37723be0167eb7c47,2026-07-28T08:53:57.570Z,2026-07-28T08:53:57.570Z
480,7,DR025,"Daun gelang, segar","daun gelang segar",single,KZGPI-1990,90.3,30.0,1.3,0.7,5.8,1.3,1.9,350.0,210.0,11.9,5.0,333.3,0.31,1.2,0.0,4701.0,1954.0,0.01,0.14,0.7,1.0,52.0,4.4_sayuran_dan_hasil_olahannya.json,3a237f98088c68d4ba2b228bde5422649f8ab9e214a06ac06f3522505138f880,2026-07-28T08:53:57.570Z,2026-07-28T08:53:57.570Z
481,7,DR026,"Daun gunda bali, segar","daun gunda bali segar",single,KZGPI-1990,86.4,50.0,4.6,0.9,7.0,1.4,1.1,167.0,62.0,0.5,,,,,0.0,,6571.0,0.05,,,20.0,49.0,4.4_sayuran_dan_hasil_olahannya.json,55a5abb0b13d34055fd5d07397d32af379a42ada47be4f9611d372436231e804,2026-07-28T08:53:57.570Z,2026-07-28T08:53:57.570Z
482,7,DR027,"Daun gunda serang, segar","daun gunda serang segar",single,KZGPI-1990,84.6,62.0,4.2,0.9,9.2,1.3,1.1,171.0,64.0,0.6,,,,,0.0,,7347.0,0.02,,,20.0,47.0,4.4_sayuran_dan_hasil_olahannya.json,8fa689bafe317177c10641ba901a5910b2d28252f524aa73b68b91246ba2965c,2026-07-28T08:53:57.570Z,2026-07-28T08:53:57.570Z
483,7,DR028,"Daun jambu mete muda, segar","daun jambu mete muda segar",single,DABM-1964,78.0,78.0,4.6,0.5,16.2,3.0,0.7,33.0,64.0,8.9,14.0,670.5,,,,4484.0,2689.0,0.02,1.12,1.1,65.0,65.0,4.4_sayuran_dan_hasil_olahannya.json,cc7621e482c053df7ac3ea4548093f8d8963b9ef2bd908abd843a83d118e13db,2026-07-28T08:53:57.570Z,2026-07-28T08:53:57.570Z
484,7,DR029,"Daun jampang, segar","daun jampang segar",single,KZGPI-1990,88.9,34.0,3.8,0.5,5.3,1.4,1.5,21.0,245.0,1.0,,,,,0.0,,4357.0,0.03,,,3.0,47.0,4.4_sayuran_dan_hasil_olahannya.json,ab48bb0826ddb97e43963782d0dc6d9eb799b67029fff08ac34950f45c1af427,2026-07-28T08:53:57.570Z,2026-07-28T08:53:57.570Z
485,7,DR030,"Daun jawaw seluang, segar","daun jawaw seluang segar",single,KZGMI-2001,77.2,93.0,5.0,1.3,15.3,3.9,1.2,146.0,103.0,5.3,2.0,434.0,0.5,1.5,,,,0.1,0.7,,9.0,,4.4_sayuran_dan_hasil_olahannya.json,8aaed15490fa312ba0069a16ee2d6ba3e49a3f429e169a44b4b2b2914963cc24,2026-07-28T08:53:57.570Z,2026-07-28T08:53:57.570Z
486,7,DR031,"Daun jonghe, segar","daun jonghe segar",single,KZGPI-1990,91.4,27.0,2.1,0.7,4.4,2.0,1.4,253.0,192.0,9.5,,,,,0.0,,5057.0,0.01,,,1.0,45.0,4.4_sayuran_dan_hasil_olahannya.json,defa4cc73e0d831ca39b516b4b29de67a663811fd2f015b2929cb451c802caf5,2026-07-28T08:53:57.570Z,2026-07-28T08:53:57.570Z
487,7,DR032,"Daun kacang ma, segar","daun kacang ma segar",single,KZGPI-1990,89.1,36.0,2.9,0.6,6.8,1.8,0.6,64.0,220.0,2.2,7.0,485.3,0.2,0.3,,2893.0,4377.0,0.04,0.18,1.2,4.0,33.0,4.4_sayuran_dan_hasil_olahannya.json,12f607226faa4bec5e7cf0cd36bbec9368bba96e413c9d824efdbc89689334de,2026-07-28T08:53:57.570Z,2026-07-28T08:53:57.570Z
488,7,DR033,"Daun kacang panjang, segar","daun kacang panjang segar",single,KZGPI-1990,89.7,30.0,3.1,0.3,5.8,1.7,1.1,200.0,66.0,4.5,7.0,458.6,0.2,0.3,0.0,2734.0,4592.0,0.33,0.2,1.1,30.0,65.0,4.4_sayuran_dan_hasil_olahannya.json,d828d7e27e8373f39384ae89460c5752db9bba4dd8dffa40542972e43a9152b4,2026-07-28T08:53:57.570Z,2026-07-28T08:53:57.570Z
489,7,DR034,"Daun kasbi/singkong karet, segar","daun kasbi singkong karet segar",single,KZGMI-2001,80.3,92.0,4.0,3.6,10.9,5.8,1.2,140.0,70.0,1.6,70.0,90.0,0.3,1.1,,9999.0,,0.1,0.2,0.1,74.0,87.0,4.4_sayuran_dan_hasil_olahannya.json,d4634172a66f34b0f135e244b63f20c4c3017d42f4e4c9faa7033e1ad542db36,2026-07-28T08:53:57.570Z,2026-07-28T08:53:57.570Z
490,7,DR035,"Daun katuk, segar","daun katuk segar",single,KZGPI-1990,81.0,59.0,6.4,1.0,9.9,1.5,1.7,233.0,98.0,3.5,21.0,478.8,0.3,1.3,,9152.0,10020.0,0.0,0.31,2.3,164.0,40.0,4.4_sayuran_dan_hasil_olahannya.json,1aabaf019b3e8ea6419e15e000372026bc528192dd72fb05876cc3c6d6031f6a,2026-07-28T08:53:57.570Z,2026-07-28T08:53:57.570Z
491,7,DR036,"Daun kecipir, segar","daun kecipir segar",single,DABM-1964,85.0,52.0,5.0,0.5,8.5,,1.0,134.0,81.0,6.2,6.0,114.0,0.3,0.8,,3981.0,5240.0,0.28,0.4,2.2,29.0,70.0,4.4_sayuran_dan_hasil_olahannya.json,1fd71fc14e01a5efc1477378211a687f241bb9d6b89c6aca42b3dd33402e37ad,2026-07-28T08:53:57.570Z,2026-07-28T08:53:57.570Z
492,7,DR037,"Daun kedondong, segar","daun kedondong segar",single,DABM-1964,81.0,59.0,3.5,0.3,13.4,10.7,1.8,540.0,82.0,6.2,12.0,579.0,,,,1624.0,2900.0,0.06,0.2,1.5,29.0,65.0,4.4_sayuran_dan_hasil_olahannya.json,8d4fab4ae1fe5349c78a3d052c507876a61d1a05bc3a7a0c6e05c1d40588fc55,2026-07-28T08:53:57.571Z,2026-07-28T08:53:57.571Z
493,7,DR038,"Daun kelor, segar","daun kelor segar",single,KZGMI-2001,75.5,92.0,5.1,1.6,14.3,8.2,3.5,1077.0,76.0,6.0,61.0,298.0,0.1,0.6,,3266.0,,0.3,0.1,4.2,22.0,65.0,4.4_sayuran_dan_hasil_olahannya.json,9c5d93ba01e86e7e7dc49b914e9dc5af2025c463d69274a6afa550d1bdb48cf9,2026-07-28T08:53:57.571Z,2026-07-28T08:53:57.571Z
494,7,DR039,"Daun kemang, segar","daun kemang segar",single,DABM-1964,85.0,43.0,5.5,0.3,7.5,8.4,1.7,35.0,106.0,1.0,10.0,457.1,,,,1282.0,1017.0,0.06,0.1,1.2,30.0,65.0,4.4_sayuran_dan_hasil_olahannya.json,fd5acf5036a5ea5784d4f07223648c16cc60ee0769fc8e67639abbc9f9ab780f,2026-07-28T08:53:57.571Z,2026-07-28T08:53:57.571Z
495,7,DR040,"Daun kenikir, segar","daun kenikir segar",single,BKP,87.6,45.0,3.7,0.5,6.6,5.8,1.7,328.0,65.0,2.7,6.0,431.0,0.1,0.6,,30200.0,12.0,0.5,0.3,4.5,0.0,36.3,4.4_sayuran_dan_hasil_olahannya.json,0ca8e84f55d0f148d65ac75811209ee367796b516688e7d49764a9a5e20145ae,2026-07-28T08:53:57.571Z,2026-07-28T08:53:57.571Z
496,7,DR041,"Daun kesum, segar","daun kesum segar",single,KZGPI-1990,84.8,48.0,4.5,0.8,9.1,1.6,0.8,125.0,142.0,2.6,11.0,174.7,0.4,1.2,0.0,4216.0,8715.0,0.01,0.1,1.6,4.0,53.0,4.4_sayuran_dan_hasil_olahannya.json,c1e37f9d3098c4295fb43700d1f6f468c12f6e850529e75f212603e15780c092,2026-07-28T08:53:57.571Z,2026-07-28T08:53:57.571Z
497,7,DR042,"Daun kol sawi, segar","daun kol sawi segar",single,KZGPI-1990,93.1,22.0,2.1,0.5,3.6,0.9,0.7,200.0,92.0,3.2,19.0,386.2,0.1,0.2,0.0,1806.0,2177.0,0.03,0.2,0.6,3.0,87.0,4.4_sayuran_dan_hasil_olahannya.json,8e1a389651b8752c9117995783cf79c0d9df979a2c095dd459c6be760e075840,2026-07-28T08:53:57.571Z,2026-07-28T08:53:57.571Z
498,7,DR043,"Daun koro, segar","daun koro segar",single,DABM-1964,91.0,23.0,3.0,0.3,3.7,,2.0,134.0,81.0,6.2,4.0,68.4,0.2,0.5,,2386.0,5240.0,0.28,0.2,1.3,29.0,65.0,4.4_sayuran_dan_hasil_olahannya.json,bb820897ba8d689c346c1e13327e88f22106d73867802485a68f346b09316371,2026-07-28T08:53:57.571Z,2026-07-28T08:53:57.571Z
499,7,DR044,"Daun kubis, segar","daun kubis segar",single,KZGMI-2001,86.2,51.0,2.5,1.1,8.0,3.4,2.2,100.0,50.0,3.4,50.0,100.0,0.9,0.6,,9999.0,,0.4,0.1,0.2,16.0,75.0,4.4_sayuran_dan_hasil_olahannya.json,a1204d2a19204fa3f50c4684f950c35b0ac8f1886d4b5c442335ea8639d37579,2026-07-28T08:53:57.571Z,2026-07-28T08:53:57.571Z
500,7,DR045,"Daun kumak, segar","daun kumak segar",single,KZGPI-1990,95.2,14.0,1.3,0.3,2.3,0.9,0.9,90.0,59.0,2.7,2.0,36.5,0.1,0.3,,1274.0,2961.0,0.01,0.0,0.5,3.0,78.0,4.4_sayuran_dan_hasil_olahannya.json,3e73cdaf866076278a585e11f9ba78783f0f04573a241db8553390c6be87924c,2026-07-28T08:53:57.571Z,2026-07-28T08:53:57.571Z
501,7,DR046,"Daun labu siam, segar","daun labu siam segar",single,DABM-1964,89.7,34.0,4.0,0.4,4.7,3.5,1.2,58.0,70.0,2.5,16.0,630.7,0.2,0.3,,4773.0,2025.0,0.08,0.4,1.7,16.0,100.0,4.4_sayuran_dan_hasil_olahannya.json,989073ac20a3809ccee09ec724cd55a994b73880178969f2a5d8965059fe8dac,2026-07-28T08:53:57.571Z,2026-07-28T08:53:57.571Z
502,7,DR047,"Daun labu waluh/kuning, segar","daun labu waluh kuning segar",single,DABM-1964,89.7,34.0,3.6,0.6,4.5,2.9,1.6,138.0,99.0,3.7,16.0,630.7,0.2,0.3,,1258.0,2750.0,0.14,0.2,1.3,36.0,70.0,4.4_sayuran_dan_hasil_olahannya.json,a244306395d0ae2dd3a023db09d2a0d78155e5e0bd6f64c2035ab925001ddcde,2026-07-28T08:53:57.571Z,2026-07-28T08:53:57.571Z
503,7,DR048,"Daun lamtoro, segar","daun lamtoro segar",single,KZGPI-1990,74.0,87.0,8.3,1.8,14.4,3.3,1.5,725.0,174.0,3.9,10.0,197.7,0.5,1.4,0.0,6900.0,13040.0,0.0,0.1,2.3,32.0,40.0,4.4_sayuran_dan_hasil_olahannya.json,76e14ebcc3a53c4aee078cfa7801f95b0bb3df12d1852822c2b980c0b195ac38,2026-07-28T08:53:57.571Z,2026-07-28T08:53:57.571Z
504,7,DR049,"Daun leilem, segar","daun leilem segar",single,KZGMI-2001,79.4,76.0,2.8,0.2,15.8,3.1,1.8,296.0,22.0,3.4,6.0,46.0,0.5,1.1,,753.0,,0.3,0.1,2.5,22.0,90.0,4.4_sayuran_dan_hasil_olahannya.json,e401a4bd2b9a7df4bab46697c2058b40359ac02af08b61a5bdebdc152a12be15,2026-07-28T08:53:57.571Z,2026-07-28T08:53:57.571Z
505,7,DR050,"Daun leunca, segar","daun leunca segar",single,DABM-1964,85.0,49.0,4.7,0.5,8.1,,1.7,210.0,80.0,6.1,,,,,,,1900.0,0.14,,,40.0,70.0,4.4_sayuran_dan_hasil_olahannya.json,bfc9d0ebadd18681d5e8860f3fa09f39e997f9a2540675e18d85efbeb0e8dc9d,2026-07-28T08:53:57.571Z,2026-07-28T08:53:57.571Z
506,7,DR051,"Daun lobak, segar","daun lobak segar",single,DKBM-1964,90.0,30.0,2.3,0.4,5.8,3.2,1.4,140.0,33.0,3.7,16.0,747.4,0.2,0.2,,5039.0,1000.0,0.07,1.1,6.5,109.0,70.0,4.4_sayuran_dan_hasil_olahannya.json,42733458723471f5ff72f42805ffd2c3a47b06a71488d4afeda87c76a338e172,2026-07-28T08:53:57.571Z,2026-07-28T08:53:57.571Z
507,7,DR052,"Daun lompong talas, segar","daun lompong talas segar",single,DABM-1964,87.2,44.0,3.0,0.8,7.4,3.3,1.6,76.0,59.0,1.0,3.0,578.4,0.2,0.4,,2584.0,2000.0,0.08,0.4,1.4,31.0,75.0,4.4_sayuran_dan_hasil_olahannya.json,a3959737600667f91cff65c25b120449ae1e37872488825623ae8e800e826a3e,2026-07-28T08:53:57.571Z,2026-07-28T08:53:57.571Z
508,7,DR053,"Daun mangkokan, segar","daun mangkokan segar",single,DABM-1964,82.0,57.0,3.7,0.3,11.8,,2.2,474.0,49.0,4.0,,,,,,,5450.0,0.06,,,83.0,80.0,4.4_sayuran_dan_hasil_olahannya.json,5057cebb90238677fbcd8dec9782dd4dceeb33e452e2606a2d5d39188d616a84,2026-07-28T08:53:57.571Z,2026-07-28T08:53:57.571Z
509,7,DR054,"Daun matel ambon, segar","daun matel ambon segar",single,KZGPI-1990,77.1,71.0,6.8,1.6,11.5,4.6,3.0,93.0,95.0,10.2,,,,,0.0,,49.0,0.08,,,26.0,100.0,4.4_sayuran_dan_hasil_olahannya.json,3812ca774f2bc2ed22007abf9cd397dc9180f737db826e77f365f5287c3d465e,2026-07-28T08:53:57.571Z,2026-07-28T08:53:57.571Z
510,7,DR055,"Daun melinjo, segar","daun melinjo segar",single,DABM-1964,70.8,104.0,5.0,1.3,21.3,10.3,1.6,219.0,82.0,4.2,12.0,604.8,0.4,0.6,,823.0,10000.0,0.09,,,182.0,88.0,4.4_sayuran_dan_hasil_olahannya.json,aadf247b4ee0f4b491e18efd4ae815ee574dce1b47e1a40ce7046439097ddb16,2026-07-28T08:53:57.571Z,2026-07-28T08:53:57.571Z
511,7,DR056,"Daun mengkudu, segar","daun mengkudu segar",single,KZGPI-1990,80.9,65.0,4.0,1.7,11.4,3.9,2.0,296.0,40.0,6.9,,,,,0.0,2.0,4958.0,0.01,0.1,5.7,35.0,90.0,4.4_sayuran_dan_hasil_olahannya.json,8d5eddd31561156617f2056286d7c85c1b75e57c59004ef4b142b6d45ad943d0,2026-07-28T08:53:57.571Z,2026-07-28T08:53:57.571Z
512,7,DR057,"Daun ndusuk, segar","daun ndusuk segar",single,KZGMI-2001,56.0,166.0,1.7,0.5,38.8,10.7,3.0,40.0,20.0,1.8,40.0,310.0,0.2,0.7,,14457.0,,0.4,0.1,0.1,30.0,,4.4_sayuran_dan_hasil_olahannya.json,c5b576a07d65050b6e30a9f8d61e8c11eebcf0864073e04e3e7e18f244cffdf8,2026-07-28T08:53:57.571Z,2026-07-28T08:53:57.571Z
513,7,DR058,"Daun oyong, segar","daun oyong segar",single,DABM-1964,93.0,22.0,1.0,0.1,5.3,2.0,0.6,21.0,44.0,2.0,40.0,295.5,0.1,0.2,,855.0,1000.0,0.08,0.1,0.8,150.0,65.0,4.4_sayuran_dan_hasil_olahannya.json,7fd91384ffca0737d40c6bef9c5608c5f6a67bc4445a59c84847b32cf4abbce3,2026-07-28T08:53:57.571Z,2026-07-28T08:53:57.571Z
514,7,DR059,"Daun pakis, segar","daun pakis segar",single,KZGPI-1990,86.8,39.0,4.5,0.4,6.9,2.0,1.4,136.0,159.0,2.3,20.0,201.9,0.2,0.3,0.0,1625.0,3292.0,0.02,0.1,0.5,3.0,70.0,4.4_sayuran_dan_hasil_olahannya.json,5f42abf69d9284551582c069bc243de966c8865ce665fd838550210f54106221,2026-07-28T08:53:57.571Z,2026-07-28T08:53:57.571Z
515,7,DR060,"Daun pakis longgiho, segar","daun pakis longgiho segar",single,KZGMI-2001,89.5,54.0,2.2,3.6,3.1,2.1,1.6,40.0,80.0,0.7,70.0,500.0,0.4,0.1,,168.0,,0.4,0.3,0.2,8.0,70.0,4.4_sayuran_dan_hasil_olahannya.json,73123603b76dbef2d5b171f29a5f0f656d28362bec8c4207a7ed728705e326b5,2026-07-28T08:53:57.571Z,2026-07-28T08:53:57.571Z
516,7,DR061,"Daun pakis wambateu, segar","daun pakis wambateu segar",single,KZGMI-2001,86.9,53.0,3.4,1.2,7.2,4.8,1.3,30.0,100.0,0.3,20.0,200.0,0.2,0.3,,191.0,,0.7,0.2,0.3,6.0,70.0,4.4_sayuran_dan_hasil_olahannya.json,cbc8d555fc7af4618d540f93fbac709e5b13a97a8ae92d86141afdce3323ceb3,2026-07-28T08:53:57.571Z,2026-07-28T08:53:57.571Z
517,7,DR062,"Daun paku, segar","daun paku segar",single,KZGMI-2001,88.8,29.0,3.4,0.1,6.5,4.3,1.2,13.0,88.0,1.3,19.0,434.0,0.5,0.7,,18.0,,0.2,0.1,11.7,10.0,70.0,4.4_sayuran_dan_hasil_olahannya.json,7deca3ca7b2d9310c4354a2aa544fd02efb3b816d32a5ef86d1f3c0bc4f4cb2e,2026-07-28T08:53:57.571Z,2026-07-28T08:53:57.571Z
518,7,DR063,"Daun pangi,segar","daun pangi segar",single,KZGMI-2001,76.1,104.0,3.9,0.6,17.9,8.3,1.5,256.0,22.0,1.8,4.0,266.0,1.7,0.5,,55.0,,0.4,0.1,0.1,23.0,90.0,4.4_sayuran_dan_hasil_olahannya.json,888fa3131e5d73a8e273fea367e4cf904f45aed0296b845547d52b3fab6a14a3,2026-07-28T08:53:57.571Z,2026-07-28T08:53:57.571Z
519,7,DR064,"Daun pare, segar","daun pare segar",single,KZGMI-2001,87.3,49.0,2.7,1.0,8.4,3.0,1.6,217.0,70.0,3.3,7.0,498.0,0.4,1.2,,1800.0,,0.4,0.2,0.6,7.0,,4.4_sayuran_dan_hasil_olahannya.json,2ab2e37018bd52134a174f5269f835b83a7c1494d34dbd7232dc4c68ec3cb432,2026-07-28T08:53:57.571Z,2026-07-28T08:53:57.571Z
520,7,DR065,"Daun pepaya, segar","daun pepaya segar",single,DABM-1964,75.4,87.0,8.0,2.0,11.9,1.5,2.7,353.0,63.0,0.8,4.0,926.6,0.2,1.5,,5409.0,18250.0,0.15,0.5,1.9,140.0,71.0,4.4_sayuran_dan_hasil_olahannya.json,f061618816ab13c6107f49893664d70126f5ebc5e31330ba6d9fb20d2a5cf456,2026-07-28T08:53:57.571Z,2026-07-28T08:53:57.571Z
521,7,DR066,"Daun pohpohan, segar","daun pohpohan segar",single,KZGPI-1990,87.4,37.0,2.5,0.8,6.9,2.6,2.4,744.0,80.0,5.9,,,,,0.0,,7378.0,0.03,,,5.0,69.0,4.4_sayuran_dan_hasil_olahannya.json,5027bd5acd1db2004788aa5ad9bbb5a42429d19b39481e876f567266e29427f6,2026-07-28T08:53:57.571Z,2026-07-28T08:53:57.571Z
522,7,DR067,"Daun selasih, segar","daun selasih segar",single,KZGMI-2001,83.1,62.0,4.0,0.5,10.5,5.3,1.9,122.0,16.0,13.9,3.0,259.0,0.4,0.7,0.0,4112.0,,0.5,0.1,0.2,24.0,53.0,4.4_sayuran_dan_hasil_olahannya.json,16f4d959541f40c96246808a4f8c7adadd303e82ef963170e3fc27d1913e5bf7,2026-07-28T08:53:57.571Z,2026-07-28T08:53:57.571Z
523,7,DR068,"Daun semanggi, segar","daun semanggi segar",single,KZGPI-1990,84.7,45.0,4.4,0.5,8.5,1.9,1.9,98.0,90.0,7.0,64.0,520.7,0.5,0.3,0.0,64.0,3365.0,0.01,0.5,0.7,6.0,90.0,4.4_sayuran_dan_hasil_olahannya.json,049dbfa446d31e55ee6130f0fa72ee329692e710255cf0f6b497d405920e6760,2026-07-28T08:53:57.571Z,2026-07-28T08:53:57.571Z
524,7,DR069,"Daun simpur, segar","daun simpur segar",single,KZGPI-1990,86.2,53.0,3.2,2.5,7.6,1.6,0.9,228.0,194.0,3.5,,,,,0.0,,3346.0,0.02,,,5.0,100.0,4.4_sayuran_dan_hasil_olahannya.json,c3045ea735f3a2667706a6881ec58b8d99df337985c73cc160716d2ec3ea4435,2026-07-28T08:53:57.571Z,2026-07-28T08:53:57.571Z
525,7,DR070,"Daun singkil, segar","daun singkil segar",single,KZGPI-1990,80.9,68.0,2.0,1.0,15.2,3.3,0.9,178.0,86.0,2.1,,,,,,,6042.0,0.02,,,3.0,70.0,4.4_sayuran_dan_hasil_olahannya.json,c59b0eb09b2b8a2960e7aef42f45e20a99dda897ca7fad2dbdc3775316329e04,2026-07-28T08:53:57.571Z,2026-07-28T08:53:57.571Z
526,7,DR071,"Daun singkong, segar","daun singkong segar",single,KZGPI-1990,84.4,50.0,6.2,1.1,7.1,2.4,1.2,166.0,99.0,1.3,17.0,23.1,0.1,2.0,0.0,3204.0,7052.0,0.04,0.1,1.8,103.0,87.0,4.4_sayuran_dan_hasil_olahannya.json,f9b7ecd303ab51bf39a9936ac8476dadbbf53115f95364c7d1faade21ac9ed8c,2026-07-28T08:53:57.571Z,2026-07-28T08:53:57.571Z
527,7,DR072,"Daun singkong ambon, segar","daun singkong ambon segar",single,DABM-1964,58.0,144.0,12.7,1.2,25.2,10.2,2.9,165.0,54.0,3.9,44.0,62.2,0.2,5.4,,8627.0,13000.0,0.21,1.0,4.2,220.0,87.0,4.4_sayuran_dan_hasil_olahannya.json,ad8e0a7eb271ae5f1a7f0cff8aae7afb53192cea877f53eef93eabfe0d49a075,2026-07-28T08:53:57.571Z,2026-07-28T08:53:57.571Z
528,7,DR073,"Daun singkong ampenan, segar","daun singkong ampenan segar",single,KZGMI-2001,84.4,50.0,6.2,1.1,7.1,2.4,1.2,352.0,123.0,2.7,49.0,570.0,0.2,1.3,,7917.0,,0.5,0.1,1.6,103.0,87.0,4.4_sayuran_dan_hasil_olahannya.json,9c3ff62c2219c2f60f4bd7e596b7c1256b18b3e84a698cd389eab5d54186c18a,2026-07-28T08:53:57.571Z,2026-07-28T08:53:57.571Z
529,7,DR074,"Daun singkong kopang, segar","daun singkong kopang segar",single,KZGMI-2001,81.1,74.0,6.3,0.7,10.7,4.6,1.2,142.0,115.0,1.7,32.0,382.0,0.2,1.5,,3882.0,,0.5,0.5,1.9,211.0,87.0,4.4_sayuran_dan_hasil_olahannya.json,c7b371c7cc90ce6b39bff6661f0add750323b9bd4b0c27d9161b9ae3ecb0490b,2026-07-28T08:53:57.571Z,2026-07-28T08:53:57.571Z
530,7,DR075,"Daun sintrong, segar","daun sintrong segar",single,KZGPI-1990,88.5,36.0,2.6,0.9,6.1,1.7,1.9,398.0,95.0,9.3,64.0,444.4,0.1,0.4,0.0,10178.0,8868.0,0.03,0.2,0.9,3.0,94.0,4.4_sayuran_dan_hasil_olahannya.json,f55d56801e3f6e874488b3ecfefb34c243c946bdbe547468edc7ab0bd391fb26,2026-07-28T08:53:57.571Z,2026-07-28T08:53:57.571Z
531,7,DR076,"Daun talas, segar","daun talas segar",single,KZGPI-1990,81.1,59.0,3.0,0.4,13.5,3.0,2.0,236.0,50.0,2.4,4.0,854.1,0.4,0.5,0.0,3816.0,5740.0,0.07,0.6,2.0,24.0,80.0,4.4_sayuran_dan_hasil_olahannya.json,c1fad2fcc53152e52550c7f2a86bfdc4b706cc981c6ce91b81420a596917dfcc,2026-07-28T08:53:57.571Z,2026-07-28T08:53:57.571Z
532,7,DR077,"Daun tespong, segar","daun tespong segar",single,DABM-1964,81.0,70.0,2.9,0.3,13.9,2.3,1.9,155.0,65.0,2.5,72.0,,0.15,0.9,,171.0,2500.0,0.05,0.7,1.4,21.0,60.0,4.4_sayuran_dan_hasil_olahannya.json,c2afd7ecd765da2942a97bcad190c539ecce34e780da3ccf2a1ba50d69d9accb,2026-07-28T08:53:57.571Z,2026-07-28T08:53:57.571Z
533,7,DR078,"Daun ubi kuning, segar","daun ubi kuning segar",single,KZGMI-2001,83.5,62.0,3.7,0.3,11.1,6.4,1.4,170.0,40.0,0.6,10.0,0.0,0.2,0.5,,3564.0,,0.3,0.3,1.2,4.0,75.0,4.4_sayuran_dan_hasil_olahannya.json,77c69b338624de3fb65f844712015ac2dc241a53c3c3f2edecbf8381b1bfb45d,2026-07-28T08:53:57.571Z,2026-07-28T08:53:57.571Z
534,7,DR079,"Daun ubi merah, segar","daun ubi merah segar",single,KZGPI-1990,84.4,48.0,3.0,0.3,10.8,1.4,1.5,80.0,81.0,6.4,33.0,517.3,0.0,0.4,0.0,5453.0,4697.0,0.1,0.2,1.2,27.0,75.0,4.4_sayuran_dan_hasil_olahannya.json,a6434ce19e2baa95c0cb193e6aaa665955b44fa6753c55c29f9a38a3d6bf7295,2026-07-28T08:53:57.571Z,2026-07-28T08:53:57.571Z
535,7,DR080,"Daun ubi putih, segar","daun ubi putih segar",single,KZGMI-2001,87.5,46.0,2.8,0.2,8.2,4.8,1.3,120.0,50.0,0.8,10.0,0.0,0.2,0.5,,103.0,,0.3,0.3,0.9,8.0,75.0,4.4_sayuran_dan_hasil_olahannya.json,f1b246dc7a7b1fa536f9d4bb20d4b10f0a2623d81a18f6d11ebc0d9e6856cdc8,2026-07-28T08:53:57.571Z,2026-07-28T08:53:57.571Z
536,7,DR081,"Daun ubi tinta, segar","daun ubi tinta segar",single,KZGMI-2001,85.1,55.0,1.7,0.1,11.9,7.6,1.2,120.0,40.0,0.6,10.0,0.0,0.2,0.5,,516.0,,0.2,0.0,0.0,7.0,75.0,4.4_sayuran_dan_hasil_olahannya.json,f8361c487ad686030bb4e750d9837ff1cfd7dccf713e0e0a05f16e77524bf605,2026-07-28T08:53:57.571Z,2026-07-28T08:53:57.571Z
537,7,DR082,"Eceng, segar","eceng segar",single,DABM-1964,93.0,19.0,1.0,0.2,3.8,1.8,2.0,80.0,45.0,3.7,45.0,634.1,,,,7.0,1000.0,0.08,0.1,0.7,50.0,70.0,4.4_sayuran_dan_hasil_olahannya.json,ea44f61d6a01fa0bcb86d17873fedb309564a75b2415b883650b7e51bbe3e4c4,2026-07-28T08:53:57.571Z,2026-07-28T08:53:57.571Z
538,7,DR083,"Gambas (oyong), segar","gambas oyong segar",single,DABM-1964,94.5,19.0,0.8,0.2,4.1,1.3,0.4,19.0,33.0,0.9,23.0,109.1,0.0,0.1,,17.0,380.0,0.03,0.0,0.4,8.0,85.0,4.4_sayuran_dan_hasil_olahannya.json,d70b00fd06af0f9f2de541a8749e3183479f7c4bca69df0fb6e1d80e1e207ccb,2026-07-28T08:53:57.571Z,2026-07-28T08:53:57.571Z
539,7,DR084,"Genjer, segar","genjer segar",single,DABM-1964,90.0,35.0,1.7,0.2,7.7,2.5,0.4,62.0,33.0,2.1,64.0,905.8,,,,,3800.0,0.07,0.1,1.1,54.0,70.0,4.4_sayuran_dan_hasil_olahannya.json,ee498dd5555324e18b6384bc0314eef5c40219c87bd466fd11e643dbba0f3bb4,2026-07-28T08:53:57.571Z,2026-07-28T08:53:57.571Z
540,7,DR085,"Jagung muda / semi, segar","jagung muda semi segar",single,DABM-1964,89.5,35.0,2.2,0.1,7.4,1.9,0.8,7.0,100.0,0.5,353.0,230.2,0.1,0.8,0.0,23.0,200.0,0.08,0.16,0.9,8.0,100.0,4.4_sayuran_dan_hasil_olahannya.json,d28bc17aa94e614b897b7d601e8a06980d46c40d26f2754620bd9101d282978e,2026-07-28T08:53:57.571Z,2026-07-28T08:53:57.571Z
541,7,DR086,"Jamur encik","jamur encik",single,KZGMI-2001,24.8,296.0,9.4,1.1,62.0,,2.7,5.0,277.0,5.3,2.0,0.0,0.2,3.1,,,,1.1,0.1,,,95.0,4.4_sayuran_dan_hasil_olahannya.json,c80256e974ad62256f7d8f84e620db899da21d99c5c366d8328390b0b46df2e3,2026-07-28T08:53:57.571Z,2026-07-28T08:53:57.571Z
542,7,DR087,"Jamur kuping, kering","jamur kuping kering",single,DABM-1964,14.9,294.0,16.0,0.9,64.6,46.5,3.6,51.0,223.0,6.7,174.0,726.1,0.29,5.5,0.0,11.0,0.0,0.11,0.6,2.7,0.0,100.0,4.4_sayuran_dan_hasil_olahannya.json,722e9cd87ad69466e4ab6ab6a6feb10e5482d2ba377f1262a89ea183f3b18551,2026-07-28T08:53:57.571Z,2026-07-28T08:53:57.571Z
543,7,DR088,"Jamur kuping, segar","jamur kuping segar",single,DABM-1964,93.7,21.0,3.8,0.6,0.9,5.1,1.0,3.0,94.0,1.7,17.0,33.4,0.19,0.1,0.0,1.0,0.0,0.1,0.09,0.1,5.0,100.0,4.4_sayuran_dan_hasil_olahannya.json,4be6d0876e8a0c497fba8d2508b2b38f9ab3d240020045190a193cbbe8e301fc,2026-07-28T08:53:57.571Z,2026-07-28T08:53:57.571Z
544,7,DR089,"Jamur merang, segar","jamur merang segar",single,BKP,91.5,30.0,3.5,0.2,4.0,2.4,0.8,14.0,117.0,1.0,6.0,300.0,0.3,0.8,,0.0,0.0,0.02,0.2,0.5,0.0,100.0,4.4_sayuran_dan_hasil_olahannya.json,f50cb99c7dcf94784088eec0dac67154db886fc56d3bdf4e8caf3a963c4cc492,2026-07-28T08:53:57.572Z,2026-07-28T08:53:57.572Z
545,7,DR090,"Jamur tiram, segar","jamur tiram segar",single,BKP,92.5,30.0,1.9,0.1,5.5,3.6,0.6,9.0,83.0,0.7,22.0,226.0,0.0,0.8,,0.0,0.0,0.3,0.2,1.0,0.0,100.0,4.4_sayuran_dan_hasil_olahannya.json,762e0da208e1d9aa3cf11b0cf3710e90d97076ef429ef586099a42c87b838a2a,2026-07-28T08:53:57.572Z,2026-07-28T08:53:57.572Z
546,7,DR091,"Jamur sagu","jamur sagu",single,KZGMI-2001,91.3,48.0,1.9,3.2,2.8,1.0,0.8,10.0,90.0,0.6,100.0,440.0,0.6,0.6,,0.0,,0.2,0.2,6.5,,95.0,4.4_sayuran_dan_hasil_olahannya.json,cf5479f8fe93b7b3610de856b791dba87b52d5a813b2afbd9c581863f45d445f,2026-07-28T08:53:57.572Z,2026-07-28T08:53:57.572Z
547,7,DR092,"Jantung pisang, segar","jantung pisang segar",single,DABM-1964,90.2,32.0,1.2,0.3,7.1,3.2,1.2,30.0,50.0,0.1,3.0,524.0,0.09,0.3,0.0,201.0,170.0,0.05,0.03,0.8,10.0,25.0,4.4_sayuran_dan_hasil_olahannya.json,8358aa89b40032bb123e8e71b25bf8f316601d195c324056282a81d191bdc710,2026-07-28T08:53:57.572Z,2026-07-28T08:53:57.572Z
548,7,DR093,"Jengkol, segar","jengkol segar",single,KZGMI-2001,52.7,192.0,5.4,0.3,40.7,1.5,0.9,4.0,150.0,0.7,60.0,241.0,0.3,0.6,,,,0.05,0.2,0.5,31.0,95.0,4.4_sayuran_dan_hasil_olahannya.json,36a6571d202a6474029c35bd051338306d481b3d403ee9ced44b1b4731932ac6,2026-07-28T08:53:57.572Z,2026-07-28T08:53:57.572Z
549,7,DR094,"Jotang, segar","jotang segar",single,DABM-1964,89.0,34.0,1.9,0.3,7.1,3.5,1.7,162.0,41.0,4.0,59.0,388.5,0.3,1.2,,2.0,3918.0,0.03,,0.4,20.0,70.0,4.4_sayuran_dan_hasil_olahannya.json,64c0d8140043e09b759485073ac69a8854550d8e1870ea375940bc69c56da829,2026-07-28T08:53:57.572Z,2026-07-28T08:53:57.572Z
550,7,DR095,"Kabau, segar","kabau segar",single,KZGMI-2001,67.2,130.0,6.7,0.3,25.2,2.9,0.6,4.0,204.0,0.5,1.0,397.8,0.2,0.5,,165.0,,0.8,0.1,0.3,16.0,95.0,4.4_sayuran_dan_hasil_olahannya.json,bbc82093c6eb3477b3526e6ab9e2d87568be7b52005e4f97e0ea595f8fd3d7c9,2026-07-28T08:53:57.572Z,2026-07-28T08:53:57.572Z
551,7,DR096,"Kacang mekah, polong, segar","kacang mekah polong segar",single,KZGPI-1990,93.6,22.0,1.1,1.0,3.4,1.1,0.9,63.0,296.0,1.0,2.0,69.2,0.3,,0.0,197.0,116.0,0.02,,0.4,0.0,91.0,4.4_sayuran_dan_hasil_olahannya.json,c98359102979ef30b1ad8d9f31e6b06d47b0b57be3f95a3e7a6aba91c87958ce,2026-07-28T08:53:57.572Z,2026-07-28T08:53:57.572Z
552,7,DR097,"Kacang panjang, segar","kacang panjang segar",single,KZGMI-2001,91.8,31.0,2.3,0.1,5.3,2.7,0.5,60.0,64.0,0.6,30.0,213.0,0.1,0.5,0.0,125.0,,0.7,0.1,0.3,46.0,92.0,4.4_sayuran_dan_hasil_olahannya.json,5d2840a39b6995b1adbbb603c47b06cf73e3507eebc7161ccfd79efa24db2ae7,2026-07-28T08:53:57.572Z,2026-07-28T08:53:57.572Z
553,7,DR098,"Kacang ranti polong","kacang ranti polong",single,KZGPI-1990,88.5,37.0,3.1,0.2,7.9,2.5,0.3,103.0,126.0,0.8,,,,,,,2312.0,0.02,,,6.0,83.0,4.4_sayuran_dan_hasil_olahannya.json,6f8432c1363d6a7aa458c02024fe4931af2d4cb7a9db171ef6209e6741323a47,2026-07-28T08:53:57.572Z,2026-07-28T08:53:57.572Z
554,7,DR099,"Kalakai, segar","kalakai segar",single,KZGMI-2001,89.9,38.0,2.4,0.2,6.6,5.8,0.9,18.0,90.0,1.1,7.0,443.0,0.4,0.9,,44.0,,0.3,0.1,,8.0,70.0,4.4_sayuran_dan_hasil_olahannya.json,68373c65d7ef5df6d1b859f5cc7bc0863c1a962c8db3f3bcd8a4d7ef367a3df8,2026-07-28T08:53:57.572Z,2026-07-28T08:53:57.572Z
555,7,DR100,"Kangkung, segar","kangkung segar",single,KZGPI-1990,91.0,28.0,3.4,0.7,3.9,2.0,1.0,67.0,54.0,2.3,65.0,250.1,0.13,0.4,,2868.0,5542.0,0.07,0.36,2.0,17.0,60.0,4.4_sayuran_dan_hasil_olahannya.json,ebf0ab0907ab480da6d4418172359c61b8cccfff922ae54682a8185057fa4b42,2026-07-28T08:53:57.572Z,2026-07-28T08:53:57.572Z
556,7,DR101,"Kangkung tondano","kangkung tondano",single,KZGMI-2001,88.5,43.0,1.8,0.2,8.4,4.3,1.1,72.0,9.0,0.7,30.0,361.0,0.3,0.4,,2741.0,,0.8,0.1,1.1,23.0,60.0,4.4_sayuran_dan_hasil_olahannya.json,cb33b878ccfbf2e57a4fdd62a7cfb26473d0257662cce29936bb653212ecfc98,2026-07-28T08:53:57.572Z,2026-07-28T08:53:57.572Z
557,7,DR102,"Kapri muda, segar","kapri muda segar",single,DABM-1964,86.8,45.0,3.3,0.2,9.0,1.8,0.7,51.0,85.0,1.0,2.0,118.4,0.09,0.7,,72.0,440.0,0.2,0.1,0.9,49.0,80.0,4.4_sayuran_dan_hasil_olahannya.json,74848df2e07dabf683a7562fe4ac70563e2e634e7d55f75ea357e7d250cdc9e6,2026-07-28T08:53:57.572Z,2026-07-28T08:53:57.572Z
558,7,DR103,Karawila,karawila,single,KZGMI-2001,93.7,25.0,2.3,0.2,3.5,2.1,0.3,25.0,67.0,0.3,8.0,88.4,0.08,0.3,,21.0,,0.1,0.1,0.4,39.0,80.0,4.4_sayuran_dan_hasil_olahannya.json,b9177caf3c14141060421620bf15093edc5db8ba6ed11f2b640546fdca1c4e47,2026-07-28T08:53:57.572Z,2026-07-28T08:53:57.572Z
559,7,DR104,"Kecipir muda, segar","kecipir muda segar",single,DABM-1964,90.4,32.0,2.9,0.2,5.8,5.5,0.7,63.0,37.0,0.3,3.0,103.8,0.18,0.4,,261.0,595.0,0.24,0.11,0.7,19.0,96.0,4.4_sayuran_dan_hasil_olahannya.json,7392af1119c57783ba477dc4e3db2a7216c2b8cc27be6ba6575adbdcba36606e,2026-07-28T08:53:57.572Z,2026-07-28T08:53:57.572Z
560,7,DR105,"Kecombrang, segar","kecombrang segar",single,KZGPI-1990,90.0,34.0,0.9,1.0,6.7,2.6,1.4,60.0,16.0,1.0,47.0,650.6,,,0.0,0.0,73.0,0.0,0.02,0.8,0.0,100.0,4.4_sayuran_dan_hasil_olahannya.json,eda4d52ae95c529a954845ddc68818c5369f9eeeff19c711038ad38abad9401a,2026-07-28T08:53:57.572Z,2026-07-28T08:53:57.572Z
561,7,DR106,"Kelawi,kluwih, segar","kelawi kluwih segar",single,DABM-1964,70.0,118.0,1.5,0.3,27.2,5.0,1.0,28.0,32.0,0.9,2.0,500.9,0.09,0.1,,0.0,20.0,0.1,0.03,0.9,19.0,77.0,4.4_sayuran_dan_hasil_olahannya.json,ebc130c16663f7b7e97a9cb815ba5d130b07b1fb97a1d665d4ae5fbc67bc48ad,2026-07-28T08:53:57.572Z,2026-07-28T08:53:57.572Z
562,7,DR107,"Kembang turi, segar","kembang turi segar",single,DABM-1964,87.4,51.0,1.8,0.6,9.6,5.0,0.6,23.0,29.0,0.9,22.0,275.3,0.15,0.9,,201.0,105.0,0.13,0.12,0.6,41.0,83.0,4.4_sayuran_dan_hasil_olahannya.json,f35768da75d7090e8260df4c1202cd4641e0ac50c7c622c354ee45608e1cfb6d,2026-07-28T08:53:57.572Z,2026-07-28T08:53:57.572Z
563,7,DR108,"Kerokot, segar","kerokot segar",single,DABM-1964,93.0,26.0,1.7,0.4,3.8,1.0,1.1,103.0,39.0,3.6,4.0,240.5,0.23,0.9,,0.0,2550.0,0.03,0.09,0.2,25.0,80.0,4.4_sayuran_dan_hasil_olahannya.json,c7169aea9675ccd042b5de019db800ea597032b5ed39e364d6a2d177949d197e,2026-07-28T08:53:57.572Z,2026-07-28T08:53:57.572Z
564,7,DR109,"Ketimun, segar","ketimun segar",single,KZGPI-1990,97.9,8.0,0.2,0.2,1.4,0.3,0.3,29.0,95.0,0.8,2.0,57.1,0.02,0.1,0.0,18.0,314.0,0.01,0.02,0.1,1.0,55.0,4.4_sayuran_dan_hasil_olahannya.json,c2c65d18dba4c56ba455bee81649cc03d966e043d44c1349ceab0c6c14655077,2026-07-28T08:53:57.572Z,2026-07-28T08:53:57.572Z
565,7,DR110,"Ketimun krai, segar","ketimun krai segar",single,KZGPI-1990,96.8,10.0,0.5,0.2,2.0,0.6,0.5,20.0,98.0,1.0,10.0,82.1,0.03,0.1,0.0,19.0,21.0,0.02,0.03,0.1,3.0,82.0,4.4_sayuran_dan_hasil_olahannya.json,ec4395202b067f9d93006c4487d5f1a4d343609318793e12c62d5cba781949a9,2026-07-28T08:53:57.572Z,2026-07-28T08:53:57.572Z
566,7,DR111,"Ketimun madura, segar","ketimun madura segar",single,KZGPI-1990,97.1,9.0,0.5,0.1,1.9,0.7,0.4,15.0,102.0,0.6,2.0,78.9,0.02,0.1,0.0,25.0,0.0,0.02,0.02,0.1,5.0,89.0,4.4_sayuran_dan_hasil_olahannya.json,a1bfc8ae15a2c16dddd66f3d321fcace57723a2d88b54b016edf7e12ca4aba39,2026-07-28T08:53:57.572Z,2026-07-28T08:53:57.572Z
567,7,DR112,"Komak, segar","komak segar",single,KZGMI-2001,74.3,99.0,3.3,0.1,21.2,10.3,1.1,50.0,99.0,13.1,15.0,567.0,0.2,0.6,,5.0,,0.2,0.19,0.1,,80.0,4.4_sayuran_dan_hasil_olahannya.json,8378b0e3cb7e50a3cdd3182209eee00247a6fd7bd8b8b2302ac66030d3be6021,2026-07-28T08:53:57.572Z,2026-07-28T08:53:57.572Z
568,7,DR113,"Kool kembang","kool kembang",single,DABM-1964,91.7,25.0,2.4,0.2,4.9,1.6,0.8,22.0,72.0,1.1,47.0,187.0,0.04,0.3,,24.0,90.0,0.11,0.09,0.6,69.0,57.0,4.4_sayuran_dan_hasil_olahannya.json,67f228a4742c8358216142bf8603d791f16e31a9e5c3e011fdd2faea8f510990,2026-07-28T08:53:57.572Z,2026-07-28T08:53:57.572Z
569,7,DR114,"Kool merah,kool putih","kool merah kool putih",single,DABM-1964,92.4,29.0,1.4,0.2,5.3,1.9,0.9,46.0,31.0,0.5,28.0,236.8,0.29,0.3,,46.0,80.0,0.06,0.07,0.3,50.0,75.0,4.4_sayuran_dan_hasil_olahannya.json,d4f5b28f0fa29d2ebc40c330966b891428027f2b6069639a7b16b07f7fde1f25,2026-07-28T08:53:57.572Z,2026-07-28T08:53:57.572Z
570,7,DR115,"Koro kerupuk, polong","koro kerupuk polong",single,DABM-1964,67.2,128.0,8.3,0.7,22.1,,1.7,17.0,12.0,2.7,,,,,,,80.0,0.11,,,31.0,68.0,4.4_sayuran_dan_hasil_olahannya.json,8b5bfafbfd2169b5406b4946f58ddc30eb6cf56f2611e8207469e01169a41406,2026-07-28T08:53:57.572Z,2026-07-28T08:53:57.572Z
571,7,DR116,"Koro wedus, polong","koro wedus polong",single,DABM-1964,88.0,46.0,3.0,0.3,7.9,3.3,0.8,56.0,47.0,1.1,2.0,249.3,0.09,0.4,,66.0,870.0,0.09,0.09,0.5,17.0,70.0,4.4_sayuran_dan_hasil_olahannya.json,1498faf946b1321549db43bc725f2c301878c64d3251d6a7cfc14b5adf078725,2026-07-28T08:53:57.572Z,2026-07-28T08:53:57.572Z
572,7,DR117,"Kucai, segar","kucai segar",single,DABM-1964,86.3,45.0,2.2,0.3,10.3,4.8,0.9,52.0,50.0,1.1,21.0,439.5,0.11,0.5,,2685.0,40.0,0.11,0.2,1.8,17.0,52.0,4.4_sayuran_dan_hasil_olahannya.json,0ed720308bab35bc78bd4effbb7b78a4c5b27268e921d45c026c58e232daa934,2026-07-28T08:53:57.572Z,2026-07-28T08:53:57.572Z
573,7,DR118,"Kucai muda (Lokio), segar","kucai muda lokio segar",single,DABM-1964,86.0,42.0,3.8,0.6,7.8,4.9,1.8,76.0,91.0,2.5,22.0,449.1,0.11,0.5,,2744.0,500.0,0.11,0.2,1.8,59.0,100.0,4.4_sayuran_dan_hasil_olahannya.json,572bd2f661a6368524e1a351670ae7edf66f78405d12fa448e797b3b9b041a94,2026-07-28T08:53:57.572Z,2026-07-28T08:53:57.572Z
574,7,DR119,"Kulit melinjo","kulit melinjo",single,KZGPI-1990,71.9,111.0,4.5,1.1,20.7,5.0,1.8,117.0,179.0,2.6,,,,,0.0,,1267.0,0.07,,,7.0,100.0,4.4_sayuran_dan_hasil_olahannya.json,dac3fa8b7427d94be9fad415eb540d581d10ba685cd57e61fdad19b0f13300d3,2026-07-28T08:53:57.572Z,2026-07-28T08:53:57.572Z
575,7,DR120,"Kundur, segar","kundur segar",single,KZGMI-2001,94.0,22.0,0.4,0.2,4.7,1.3,0.7,3.0,54.0,0.5,2.0,200.0,0.1,0.3,,7.0,,0.1,0.03,0.4,1.0,57.0,4.4_sayuran_dan_hasil_olahannya.json,c91b45a9dfa5739bc217919b49789b7647c94c72b30236cfcc28b2fafe548151,2026-07-28T08:53:57.572Z,2026-07-28T08:53:57.572Z
576,7,DR121,"Labu air, segar","labu air segar",single,DABM-1964,95.0,19.0,0.6,0.2,3.8,0.6,0.4,12.0,18.0,0.6,2.0,168.2,0.03,0.8,,11.0,70.0,0.04,0.02,0.4,10.0,80.0,4.4_sayuran_dan_hasil_olahannya.json,8091a5ffbf7ffa98b64dbeec30dce285f0caa5fb200b622a2f7f4248b2636db0,2026-07-28T08:53:57.572Z,2026-07-28T08:53:57.572Z
577,7,DR122,"Labu kuning, segar","labu kuning segar",single,KZGMI-2001,86.6,51.0,1.7,0.5,10.0,2.7,1.2,40.0,180.0,0.7,280.0,220.0,0.35,1.5,,1569.0,,0.2,0.0,0.1,2.0,74.0,4.4_sayuran_dan_hasil_olahannya.json,50ea2fcc8dfac886fdace07e8bd9ab2c407959c89bcdf5dcda218c898c1226ba,2026-07-28T08:53:57.572Z,2026-07-28T08:53:57.572Z
578,7,DR123,"Labu siam, segar","labu siam segar",single,DABM-1964,92.3,30.0,0.6,0.1,6.7,6.2,0.3,14.0,25.0,0.5,3.0,167.1,0.16,1.0,,48.0,20.0,0.02,0.0,0.6,18.0,83.0,4.4_sayuran_dan_hasil_olahannya.json,a4a74b90292062ad4087b34ed990e0cc1707b6387a8c1c27635dd7f489b43c1b,2026-07-28T08:53:57.572Z,2026-07-28T08:53:57.572Z
579,7,DR124,"Labu waluh, segar","labu waluh segar",single,DABM-1964,91.2,32.0,1.1,0.1,6.6,0.5,1.0,45.0,64.0,1.4,1.0,356.2,0.13,0.3,,712.0,180.0,0.08,0.12,0.6,52.0,77.0,4.4_sayuran_dan_hasil_olahannya.json,c71e531ab5ad47737a079c2928e387740ddfdcb7fc5572a3cacac433ac1c9e26,2026-07-28T08:53:57.572Z,2026-07-28T08:53:57.572Z
580,7,DR125,"Lantar, segar","lantar segar",single,KZGMI-2001,91.2,34.0,2.2,0.3,5.5,2.9,0.8,10.0,58.0,0.4,3.0,155.0,0.2,0.4,,38.0,,0.3,0.07,0.4,4.0,,4.4_sayuran_dan_hasil_olahannya.json,3ef10ed048a3c380c818739e121cc4216abfc780e3f496dc5d78a2507b9f3e77,2026-07-28T08:53:57.572Z,2026-07-28T08:53:57.572Z
581,7,DR126,"Lobak, segar","lobak segar",single,DABM-1964,94.1,21.0,0.9,0.1,4.2,1.4,0.7,35.0,26.0,0.6,49.0,109.3,0.03,0.2,,0.0,10.0,0.03,0.04,0.3,32.0,87.0,4.4_sayuran_dan_hasil_olahannya.json,190251a8f4a38344cb708a79c03a81423ae7bdb2a50c77c2af4f1a4b30bba5f1,2026-07-28T08:53:57.572Z,2026-07-28T08:53:57.572Z
582,7,DR127,"Lumai/Leunca, segar","lumai leunca segar",single,KZGMI-2001,90.5,38.0,1.1,0.3,7.6,2.0,0.5,7.0,55.0,1.0,2.0,,0.1,0.3,,25.0,,0.2,0.1,0.6,17.0,95.0,4.4_sayuran_dan_hasil_olahannya.json,3bcb1d4d5142889260e3264b841a125eb7f171d755a3abb81c93b8d16e863af3,2026-07-28T08:53:57.572Z,2026-07-28T08:53:57.572Z
583,7,DR128,"Melinjo, segar","melinjo segar",single,DABM-1964,80.0,66.0,5.0,0.7,13.3,,1.0,163.0,75.0,2.8,,,,,,,1000.0,0.1,,,100.0,60.0,4.4_sayuran_dan_hasil_olahannya.json,d4716cebcaee47c87145a1e3d3ecab5e15c928abfc5b08171be5e7d8a5ccdbda,2026-07-28T08:53:57.572Z,2026-07-28T08:53:57.572Z
584,7,DR129,"Mostarda metan -sawi","mostarda metan sawi",single,KZGMI-2001,91.4,33.0,2.3,0.5,4.7,1.8,1.1,60.0,30.0,3.1,20.0,100.0,0.1,0.4,,1575.0,,0.2,0.1,0.1,12.0,85.0,4.4_sayuran_dan_hasil_olahannya.json,fedca96ba09ccb3849231c5b103381dd3295cccbaef3765660a9d28abbd555e6,2026-07-28T08:53:57.572Z,2026-07-28T08:53:57.572Z
585,7,DR130,"Nangka muda, segar","nangka muda segar",single,DABM-1964,85.4,57.0,2.0,0.4,11.3,8.3,0.9,45.0,29.0,0.5,1.0,246.5,0.04,0.1,,21.0,25.0,0.07,0.06,0.7,9.0,80.0,4.4_sayuran_dan_hasil_olahannya.json,50dba0def75fc57a048c9f985c3ca72b8b927326d96944fe39985e2e37a5dac0,2026-07-28T08:53:57.572Z,2026-07-28T08:53:57.572Z
586,7,DR131,"Paria putih, segar","paria putih segar",single,KZGPI-1990,94.4,19.0,1.0,0.4,3.6,1.3,0.6,31.0,65.0,0.9,5.0,277.7,0.03,0.8,0.0,197.0,80.0,0.18,0.04,0.4,58.0,80.0,4.4_sayuran_dan_hasil_olahannya.json,fd743687edf4d91627f80271e08671a44a9a7dfc3c7a7401150785151ea988ca,2026-07-28T08:53:57.572Z,2026-07-28T08:53:57.572Z
587,7,DR132,"Pepare ular, segar","pepare ular segar",single,KZGMI-2001,95.1,19.0,0.6,0.1,3.9,1.0,0.3,20.0,10.0,0.4,130.0,30.0,0.1,0.1,,69.0,,0.1,0.1,0.1,9.0,97.0,4.4_sayuran_dan_hasil_olahannya.json,5fe3234d3c610f34c444a0bbc6a35956fcc6a3357df8b80dbf074ff8925c1b85,2026-07-28T08:53:57.572Z,2026-07-28T08:53:57.572Z
588,7,DR133,"Pepaya muda, segar","pepaya muda segar",single,DABM-1964,92.3,29.0,2.1,0.1,4.9,2.1,0.6,50.0,16.0,0.4,22.0,211.2,0.01,0.0,,0.0,50.0,0.02,0.03,0.3,19.0,65.0,4.4_sayuran_dan_hasil_olahannya.json,279d638ab52bd0571d8627a88d9f1fcdfa8c40d796f900d9bb98064b01dcae6a,2026-07-28T08:53:57.572Z,2026-07-28T08:53:57.572Z
589,7,DR134,"Petai, segar","petai segar",single,KZGMI-2001,77.2,92.0,5.4,1.1,15.2,2.0,1.1,14.0,170.0,1.6,55.0,221.0,0.2,0.8,,114.0,,0.8,0.1,6.1,34.0,36.0,4.4_sayuran_dan_hasil_olahannya.json,9691164182e16805fbc907b75d96396d8baee6c9ab86fe3cd54ae6f9966a84b9,2026-07-28T08:53:57.572Z,2026-07-28T08:53:57.572Z
590,7,DR135,"Peterseli, segar","peterseli segar",single,DABM-1964,83.9,53.0,3.7,1.0,9.0,0.0,2.4,193.0,84.0,4.3,18.0,1125.6,0.2,1.4,,2940.0,8230.0,0.11,0.29,0.7,193.0,95.0,4.4_sayuran_dan_hasil_olahannya.json,f081e204ff16fcd3ae4fcd7062334f21b587bcd4f84f95f478e14b597cf6caa0,2026-07-28T08:53:57.572Z,2026-07-28T08:53:57.572Z
591,7,DR136,"Pucuk lumai/daun leunca, segar","pucuk lumai daun leunca segar",single,KZGMI-2001,91.0,33.0,4.5,0.4,2.8,,1.3,13.0,75.0,2.9,2.0,0.0,0.2,0.6,,,,0.5,0.1,,41.0,70.0,4.4_sayuran_dan_hasil_olahannya.json,bc324b971917367560a82d6c412a9a43d8eb7026b482686b3a3c263142e8e157,2026-07-28T08:53:57.572Z,2026-07-28T08:53:57.572Z
592,7,DR137,"Putri malu, segar","putri malu segar",single,KZGMI-2001,80.2,76.0,3.6,0.3,14.6,7.1,1.3,119.0,84.0,3.3,1.0,631.0,0.6,1.4,,4762.0,,0.6,0.6,,6.0,,4.4_sayuran_dan_hasil_olahannya.json,88aab713b32322a0f263e54221cc3926d6e066551550288700876e8598bd2988,2026-07-28T08:53:57.572Z,2026-07-28T08:53:57.572Z
593,7,DR138,"Rebung, segar","rebung segar",single,KZGMI-2001,93.3,25.0,0.8,0.1,5.3,9.7,0.5,3.0,5.0,0.5,3.0,206.0,0.1,0.4,,10.0,,0.2,0.07,0.5,0.0,28.0,4.4_sayuran_dan_hasil_olahannya.json,f874e622826bb58121144ddd9c03646be1d948a7733c589a43602dadd47c5787,2026-07-28T08:53:57.572Z,2026-07-28T08:53:57.572Z
594,7,DR139,"Rimbang, segar","rimbang segar",single,KZGMI-2001,80.8,75.0,1.6,0.6,15.8,10.0,1.2,55.0,97.0,0.6,20.0,234.0,0.4,0.4,,51.0,,0.4,0.1,1.3,38.0,95.0,4.4_sayuran_dan_hasil_olahannya.json,bf6b9580bf153a5e75a9631da08554b9bf8bf643ecc30f4e7822bd6b9ec141ec,2026-07-28T08:53:57.572Z,2026-07-28T08:53:57.572Z
595,7,DR140,"Rumput laut","rumput laut",single,KZGMI-2001,87.0,41.0,1.4,0.3,8.1,2.2,3.2,80.0,20.0,1.6,250.0,380.0,0.2,0.4,,1958.0,,0.2,0.0,0.1,7.0,100.0,4.4_sayuran_dan_hasil_olahannya.json,9384db74fab154ba00dbe0bf05ce478b648e064bac1fad7795000bb46816821a,2026-07-28T08:53:57.572Z,2026-07-28T08:53:57.572Z
596,7,DR141,"Sawi, segar","sawi segar",single,DABM-1964,92.2,28.0,2.3,0.3,4.0,2.5,1.2,220.0,38.0,2.9,22.0,436.5,0.12,0.2,,2042.0,6460.0,0.09,0.23,0.7,102.0,87.0,4.4_sayuran_dan_hasil_olahannya.json,91040ae643eb8a05e12322110178e98bbdf5451bbbbae523b7d1c05144d41dd9,2026-07-28T08:53:57.572Z,2026-07-28T08:53:57.572Z
597,7,DR142,"Sawi putih / pecai, segar","sawi putih pecai segar",single,KZGPI-1990,96.6,9.0,1.0,0.1,1.7,0.8,0.6,56.0,42.0,1.1,5.0,193.1,0.05,0.1,0.0,862.0,832.0,0.05,0.18,0.4,3.0,79.0,4.4_sayuran_dan_hasil_olahannya.json,b5de0c0dc7d3040aba093350204ad605c4b6e5d452241f8fde51458e9aa2e27a,2026-07-28T08:53:57.572Z,2026-07-28T08:53:57.572Z
598,7,DR143,"Sawi taiwan, segar","sawi taiwan segar",single,KZGMI-2001,91.8,30.0,1.9,0.5,4.4,2.7,1.4,100.0,58.0,1.6,27.0,217.0,0.1,0.7,,1340.0,,0.2,0.1,0.6,33.0,85.0,4.4_sayuran_dan_hasil_olahannya.json,86d2ead32c55d34f9609314cbb385b6c776c338c3c94c6e34a360a837c4392ad,2026-07-28T08:53:57.572Z,2026-07-28T08:53:57.572Z
599,7,DR144,"Sawi tanah, segar","sawi tanah segar",single,KZGMI-2001,94.9,19.0,1.3,0.2,2.9,2.2,1.0,92.0,45.0,1.2,17.0,145.0,0.1,0.4,,815.0,,0.2,0.1,0.1,36.0,85.0,4.4_sayuran_dan_hasil_olahannya.json,96cef68e63250becea10c9ba2139f8748ca88e681acda1856e619041ff8e351e,2026-07-28T08:53:57.572Z,2026-07-28T08:53:57.572Z
600,7,DR145,"Selada, segar","selada segar",single,DABM-1964,94.8,18.0,1.2,0.2,2.9,1.8,0.9,22.0,25.0,0.5,19.0,186.4,0.03,0.2,,1526.0,540.0,0.04,0.13,0.4,8.0,69.0,4.4_sayuran_dan_hasil_olahannya.json,b3d60d23c90d091950d7c95d7b18af0f6a3e5ba54afbd1515f67c3a08d476be4,2026-07-28T08:53:57.572Z,2026-07-28T08:53:57.572Z
601,7,DR146,"Selada air, segar","selada air segar",single,KZGPI-1990,93.3,17.0,3.1,0.2,2.2,0.7,1.2,95.0,152.0,2.4,65.0,260.7,0.11,0.2,0.0,1230.0,3727.0,0.09,0.14,0.7,56.0,70.0,4.4_sayuran_dan_hasil_olahannya.json,014006165ee6c9886084550fdc8346fc6ce30fe22bdd54be513edd833f385132,2026-07-28T08:53:57.572Z,2026-07-28T08:53:57.572Z
602,7,DR147,"Seledri, segar","seledri segar",single,DABM-1964,93.0,23.0,1.0,0.1,4.6,2.0,1.3,50.0,40.0,1.0,64.0,258.8,0.08,0.4,,63.0,130.0,0.03,0.07,0.4,11.0,63.0,4.4_sayuran_dan_hasil_olahannya.json,f8998ab88db56993a7070449284204006270159b76aeb16782c0640c27331f5f,2026-07-28T08:53:57.572Z,2026-07-28T08:53:57.572Z
603,7,DR148,"Taoge, segar","taoge segar",single,KZGPI-1990,90.4,34.0,3.7,1.2,4.3,1.1,0.4,166.0,74.0,0.8,19.0,93.3,0.16,0.4,,41.0,20.0,0.09,0.15,1.1,5.0,100.0,4.4_sayuran_dan_hasil_olahannya.json,60da81dfdc9bb16d57bd8b644c66f3e2ba361b9f9d35344f47fc0499ab644b3f,2026-07-28T08:53:57.572Z,2026-07-28T08:53:57.572Z
604,7,DR149,"Taoge kacang kedelai, segar","taoge kacang kedelai segar",single,DABM-1964,81.0,76.0,9.0,2.6,6.4,0.7,1.0,50.0,65.0,1.0,5.0,212.4,0.26,0.7,,0.0,110.0,0.23,0.19,1.2,15.0,100.0,4.4_sayuran_dan_hasil_olahannya.json,b25c1556abdc089bacbe30acc1ff10712b02e35fa905574fc96335a9f39b3773,2026-07-28T08:53:57.572Z,2026-07-28T08:53:57.572Z
605,7,DR150,"Taoge kacang tunggak, segar","taoge kacang tunggak segar",single,DABM-1964,88.0,40.0,5.0,0.2,5.8,2.6,1.0,57.0,88.0,1.0,2.0,226.8,0.07,0.5,,299.0,0.0,0.07,0.08,0.8,15.0,90.0,4.4_sayuran_dan_hasil_olahannya.json,72a2b7739a03ec7772e46f80c0b35362190d2db741ff1c30a62eb62ad32754a7,2026-07-28T08:53:57.572Z,2026-07-28T08:53:57.572Z
606,7,DR151,"Tebu terubuk (lilin), segar","tebu terubuk lilin segar",single,DABM-1964,91.0,30.0,4.6,0.4,3.0,0.8,1.0,40.0,80.0,2.0,699.0,,0.2,1.1,,12.0,0.0,0.08,0.2,1.2,50.0,20.0,4.4_sayuran_dan_hasil_olahannya.json,8b8baded4c2107d5a19bb6e0b0c496ffdc246ee7949067591143c756f1ff0abe,2026-07-28T08:53:57.572Z,2026-07-28T08:53:57.572Z
607,7,DR152,"Tekokak, segar","tekokak segar",single,DABM-1964,89.0,34.0,2.0,0.1,7.9,4.9,1.0,50.0,30.0,2.0,3.0,333.3,0.12,0.2,,23.0,750.0,0.08,0.05,0.9,8.0,95.0,4.4_sayuran_dan_hasil_olahannya.json,f4d3599ce1a9e1c1cc3e5179a90330320192d1343e9274ba0be20d041006e08f,2026-07-28T08:53:57.572Z,2026-07-28T08:53:57.572Z
608,7,DR153,"Tekokak, kering","tekokak kering",single,DABM-1964,12.3,302.0,8.3,1.7,72.6,21.2,8.1,370.0,180.0,22.2,9.0,0.0,1044.2,1.0,,187.0,750.0,0.4,0.17,5.1,0.0,100.0,4.4_sayuran_dan_hasil_olahannya.json,7dc61a085a824d3a214c6c4d7596eafed79bc3196c7fd413fec970b4d951545a,2026-07-28T08:53:57.572Z,2026-07-28T08:53:57.572Z
609,7,DR154,"Terong, segar","terong segar",single,DABM-1964,92.7,28.0,1.1,0.2,5.5,2.1,0.5,15.0,37.0,0.4,9.0,187.0,0.1,0.1,,46.0,30.0,0.04,0.03,0.5,5.0,100.0,4.4_sayuran_dan_hasil_olahannya.json,8721203ffc852a4378dc8d9aad9d25a182d21dc5185c417f63dfbc691c97ba07,2026-07-28T08:53:57.572Z,2026-07-28T08:53:57.572Z
610,7,DR155,"Terong asam, segar","terong asam segar",single,KZGMI-2001,90.5,37.0,2.0,0.4,6.3,3.2,0.8,13.0,59.0,1.5,3.0,155.0,0.3,0.3,,97.0,,0.2,0.1,0.8,4.0,,4.4_sayuran_dan_hasil_olahannya.json,9f4700f1e236e42ae92232fb8d45d8c07a656fca8a6f531cecb99779f2aa3e99,2026-07-28T08:53:57.572Z,2026-07-28T08:53:57.572Z
611,7,DR156,"Terung belanda, segar","terung belanda segar",single,KZGPI-1990,87.3,52.0,2.1,1.1,8.6,1.4,1.0,16.0,40.0,1.1,,,,,0.0,,8048.0,0.42,0.06,0.0,12.0,100.0,4.4_sayuran_dan_hasil_olahannya.json,7300835b8540f4230f0d086743dbaeccd40e1afae25ded768467f858fa16583a,2026-07-28T08:53:57.572Z,2026-07-28T08:53:57.572Z
612,7,DR157,"Terung bengkulu, segar","terung bengkulu segar",single,KZGPI-1990,86.6,52.0,1.1,0.4,11.2,3.2,0.8,19.0,39.0,1.1,14.0,,0.16,1.0,0.0,85.0,600.0,0.23,0.04,0.0,6.0,100.0,4.4_sayuran_dan_hasil_olahannya.json,5af2392080c1e1a4135855809b2230682a49e81390bc02ae502f66c0582eeeb7,2026-07-28T08:53:57.572Z,2026-07-28T08:53:57.572Z
613,7,DR158,"Terong hintalo, segar","terong hintalo segar",single,KZGMI-2001,89.2,45.0,1.9,0.8,7.5,5.1,0.6,19.0,268.0,1.0,167.0,142.0,0.6,0.2,,552.0,,0.2,0.4,,4.0,,4.4_sayuran_dan_hasil_olahannya.json,387295729b6dc453459fe7d4f5e0b4ee868b30f0ee8f448445879cc558718357,2026-07-28T08:53:57.572Z,2026-07-28T08:53:57.572Z
614,7,DR159,"Terung panjang","terung panjang",single,KZGPI-1990,91.8,25.0,2.1,0.1,5.3,0.5,0.7,38.0,24.0,0.7,9.0,53.7,0.09,0.2,0.0,83.0,24.0,0.15,0.06,0.7,8.0,100.0,4.4_sayuran_dan_hasil_olahannya.json,9211ba85d9f06d727faced9e7c3e70c4cdfbde143ce7d43f819718f8131b2e5a,2026-07-28T08:53:57.572Z,2026-07-28T08:53:57.572Z
615,7,DR160,"Tomat, air (sari), segar","tomat air sari segar",single,DABM-1964,94.0,20.0,1.0,0.2,3.5,0.4,1.3,7.0,15.0,0.4,10.0,225.2,0.06,0.1,,266.0,600.0,0.05,0.03,0.7,10.0,100.0,4.4_sayuran_dan_hasil_olahannya.json,b3de98def5776b9534d3ec165c076e4215d0432866a4d0368324fe9e9ec8dca0,2026-07-28T08:53:57.572Z,2026-07-28T08:53:57.572Z
616,7,DR161,"Tomat merah, segar","tomat merah segar",single,KZGPI-1990,92.9,24.0,1.3,0.5,4.7,1.5,0.6,8.0,77.0,0.6,10.0,164.9,0.14,0.2,,575.0,2083.0,0.06,0.07,0.4,34.0,100.0,4.4_sayuran_dan_hasil_olahannya.json,dbe2d226757d3f3916792e46a37bc47e085f606f236eaa039fe51049e0c7c76a,2026-07-28T08:53:57.572Z,2026-07-28T08:53:57.572Z
617,7,DR162,"Tomat muda, segar","tomat muda segar",single,DABM-1964,93.0,24.0,2.0,0.7,3.3,1.8,2.0,5.0,27.0,0.5,10.0,210.0,0.07,0.2,,384.0,320.0,0.07,0.04,0.7,30.0,95.0,4.4_sayuran_dan_hasil_olahannya.json,4cf8eb0ea139adc7fbdb5d221a6c2bc10877fce2bcd420dd8d2eab941ac1512a,2026-07-28T08:53:57.572Z,2026-07-28T08:53:57.572Z
618,7,DR163,"Uceng/ bunga melinjo, segar","uceng bunga melinjo segar",single,KZGPI-1990,79.5,82.0,5.8,1.3,11.7,4.8,1.7,70.0,266.0,2.4,,,,,,,58.0,0.11,0.15,,3.0,89.0,4.4_sayuran_dan_hasil_olahannya.json,f142d98f558676ae00c1c44b0daf3a92175fd0262d97a97e58ae57d2630eb02d,2026-07-28T08:53:57.572Z,2026-07-28T08:53:57.572Z
619,7,DR164,"Umbut kelapa, segar","umbut kelapa segar",single,KZGMI-2001,89.3,39.0,2.0,0.2,7.2,2.5,1.3,57.0,49.0,,4.0,447.0,0.2,1.4,,16.0,,0.1,0.1,,8.0,,4.4_sayuran_dan_hasil_olahannya.json,460da1a8cf17c7abf4b1eff80f42ccc1b3f71520a62aea003c2785d678ae74d3,2026-07-28T08:53:57.572Z,2026-07-28T08:53:57.572Z
620,7,DR165,"Umbut rotan","umbut rotan",single,KZGMI-2001,90.5,34.0,2.4,0.3,5.5,2.2,1.3,89.0,79.0,1.3,8.0,552.0,0.2,1.9,,14.0,,0.2,,,9.0,,4.4_sayuran_dan_hasil_olahannya.json,5902b338e3af4d42712c1987a25413718739cb726d2fedabeacdad3863f633af,2026-07-28T08:53:57.572Z,2026-07-28T08:53:57.572Z
621,7,DR166,"Wortel, segar","wortel segar",single,KZGPI-1990,89.9,36.0,1.0,0.6,7.9,1.0,0.6,45.0,74.0,1.0,70.0,245.0,0.06,0.3,,3784.0,7125.0,0.04,0.04,1.0,18.0,80.0,4.4_sayuran_dan_hasil_olahannya.json,50277d99d4a7ef1821b017d2362a078afd3f1b25f0cd6b29d4f41a3af29a3e58,2026-07-28T08:53:57.573Z,2026-07-28T08:53:57.573Z
622,7,DP001,"Bayam, kukus","bayam kukus",processed_composite,KZGPI-1990,90.7,30.0,1.3,0.7,5.8,1.2,1.6,239.0,35.0,5.7,15.0,431.0,0.1,0.3,0.0,2699.0,3750.0,0.02,0.1,0.9,32.0,100.0,4.4_sayuran_dan_hasil_olahannya.json,b9965df6b2fa26d9656890a93794163f4c67b9b1b94c8690f810cf4b9d256000,2026-07-28T08:53:57.573Z,2026-07-28T08:53:57.573Z
623,7,DP002,"Bayam ,rebus","bayam rebus",processed_composite,KZGPI-1990,93.5,23.0,1.2,0.6,3.7,1.1,1.0,150.0,35.0,0.5,16.0,308.4,0.2,0.3,0.0,3282.0,2864.0,0.02,0.1,0.9,19.0,100.0,4.4_sayuran_dan_hasil_olahannya.json,3f77dd00c98c0f79da89a54ed2e3a4cf496302eafb8c7996d39197e92a8f82e6,2026-07-28T08:53:57.573Z,2026-07-28T08:53:57.573Z
624,7,DP003,"Buncis, rebus","buncis rebus",processed_composite,KZGPI-1990,90.6,30.0,2.2,0.2,6.4,1.5,0.6,107.0,47.0,0.5,7.0,138.9,0.1,0.3,,1.0,402.0,0.01,0.29,2.0,8.0,100.0,4.4_sayuran_dan_hasil_olahannya.json,a8b6d4b7629e4351e1f7e02fef0ac18bc35f57436f619c7415e0bc498efe0eb3,2026-07-28T08:53:57.573Z,2026-07-28T08:53:57.573Z
625,7,DP004,"Daun kacang panjang, kukus","daun kacang panjang kukus",processed_composite,KZGPI-1990,87.2,40.0,3.7,0.3,8.0,1.8,0.8,111.0,66.0,3.7,6.0,419.5,0.2,0.3,0.0,2645.0,5781.0,0.15,0.2,0.9,11.0,100.0,4.4_sayuran_dan_hasil_olahannya.json,3d00a20eda596be355b4ad71734d33899753b084f827437c31decec661c0acc4,2026-07-28T08:53:57.573Z,2026-07-28T08:53:57.573Z
626,7,DP005,"Daun katuk, rebus","daun katuk rebus",processed_composite,KZGPI-1990,83.3,53.0,5.3,0.9,9.1,1.2,1.4,185.0,102.0,3.1,16.0,291.3,0.3,1.3,0.0,11131.0,9000.0,0.0,0.3,2.2,66.0,100.0,4.4_sayuran_dan_hasil_olahannya.json,8aac6b3532c3796d113dcfafbb90f87c27df76fc6c88c07a7e4339369b5e7997,2026-07-28T08:53:57.573Z,2026-07-28T08:53:57.573Z
627,7,DP006,"Daun kelor, rebus","daun kelor rebus",processed_composite,KZGPI-1990,80.3,61.0,6.1,0.9,10.0,0.9,2.6,255.0,36.0,2.1,45.0,181.2,0.1,0.6,,3972.0,6071.0,0.1,0.1,4.0,13.0,100.0,4.4_sayuran_dan_hasil_olahannya.json,a887cc308509eb5a585eb0a3559d2e7c89696cb1904c21f16d758cddf7927d78,2026-07-28T08:53:57.573Z,2026-07-28T08:53:57.573Z
628,7,DP007,"Daun mengkudu, kukus","daun mengkudu kukus",processed_composite,KZGPI-1990,81.6,63.0,3.8,1.5,11.5,2.4,1.6,300.0,43.0,6.0,,,,,,2.0,4900.0,0.08,0.1,5.2,11.0,100.0,4.4_sayuran_dan_hasil_olahannya.json,b1d39f486a40c9e49e5fc2cb37ae353d5ebf54b6d3432323b17394ca5d2a6e1d,2026-07-28T08:53:57.573Z,2026-07-28T08:53:57.573Z
629,7,DP008,"Daun singkong, rebus","daun singkong rebus",processed_composite,KZGPI-1990,90.5,31.0,3.7,0.6,4.8,1.6,0.4,160.0,50.0,2.6,13.0,14.0,0.1,2.0,,3897.0,4150.0,0.02,0.1,1.7,34.0,100.0,4.4_sayuran_dan_hasil_olahannya.json,757dff9f17dced5a449504c60cb6adf4f12a7f9f650e9915bf4a5f0982c4c559,2026-07-28T08:53:57.573Z,2026-07-28T08:53:57.573Z
630,7,DP009,"Daun talas, rebus","daun talas rebus",processed_composite,KZGPI-1990,91.6,27.0,1.3,0.2,5.9,1.6,1.0,119.0,41.0,1.4,3.0,519.4,0.5,0.5,0.0,4641.0,2682.0,0.0,0.6,1.9,7.0,100.0,4.4_sayuran_dan_hasil_olahannya.json,f4728b95a8c0d056f58848ae00845a41c22e6b2de89676ac3523798b305d5092,2026-07-28T08:53:57.573Z,2026-07-28T08:53:57.573Z
631,7,DP010,"Daun ubi merah, kukus","daun ubi merah kukus",processed_composite,KZGPI-1990,82.5,56.0,3.1,0.3,13.0,1.5,1.1,78.0,52.0,4.3,28.0,472.8,0.1,0.4,,5277.0,5397.0,0.0,0.2,1.1,14.0,100.0,4.4_sayuran_dan_hasil_olahannya.json,585b55e84a9dba5f0e2725989f61f5244cb277c0492b4e32043553c8420944a5,2026-07-28T08:53:57.573Z,2026-07-28T08:53:57.573Z
632,7,DP011,"Kacang panjang ,kukus","kacang panjang kukus",processed_composite,KZGPI-1990,88.2,39.0,3.0,0.6,7.6,1.7,0.6,100.0,91.0,1.2,28.0,199.0,0.11,0.5,0.0,131.0,205.0,0.02,0.1,0.3,20.0,100.0,4.4_sayuran_dan_hasil_olahannya.json,e52d1ec833f3203a79ae5be3978b979641af3cde905693371b01831d5bcb16cc,2026-07-28T08:53:57.573Z,2026-07-28T08:53:57.573Z
633,7,DP012,"Kacang panjang, rebus","kacang panjang rebus",processed_composite,KZGPI-1990,90.9,30.0,2.3,0.4,5.8,1.4,0.6,71.0,68.0,0.8,24.0,114.5,0.1,0.4,0.0,128.0,162.0,0.0,0.07,0.2,15.0,100.0,4.4_sayuran_dan_hasil_olahannya.json,518d1ac35996a1328488ea8316b42e6992d3e2ebb7cfef4185c450a473a981d5,2026-07-28T08:53:57.573Z,2026-07-28T08:53:57.573Z
634,7,DP013,"Kangkung, kukus","kangkung kukus",processed_composite,KZGPI-1990,90.4,30.0,3.2,0.7,4.7,1.8,1.0,70.0,49.0,4.4,45.0,184.9,0.1,0.3,0.0,2370.0,5837.0,0.03,0.28,1.4,11.0,100.0,4.4_sayuran_dan_hasil_olahannya.json,ff29e1921bb9e839f56ea8c1d61a588e1daaa1b4e8e68cd26226629e7250b6c4,2026-07-28T08:53:57.573Z,2026-07-28T08:53:57.573Z
635,7,DP014,"Kangkung, rebus","kangkung rebus",processed_composite,KZGPI-1990,93.0,22.0,2.5,0.6,3.1,1.2,0.8,50.0,51.0,3.5,31.0,98.0,0.1,0.3,0.0,2370.0,4325.0,0.01,0.22,1.2,13.0,100.0,4.4_sayuran_dan_hasil_olahannya.json,08552bbf4a0a45b612921fae2ae44009048d184cccc5e29262c51188a2347d92,2026-07-28T08:53:57.573Z,2026-07-28T08:53:57.573Z
636,7,DP015,"Paria putih, kukus","paria putih kukus",processed_composite,KZGPI-1990,95.0,16.0,0.8,0.2,3.4,1.2,0.6,16.0,33.0,0.5,4.0,236.0,0.0,0.7,,187.0,65.0,0.15,0.04,0.3,35.0,100.0,4.4_sayuran_dan_hasil_olahannya.json,58e9223eff0513c4d99589e591085a022b6c0b864985bcf0225e8b7fb433cfa8,2026-07-28T08:53:57.573Z,2026-07-28T08:53:57.573Z
637,7,DP016,"Selada, rebus","selada rebus",processed_composite,KZGPI-1990,93.5,19.0,2.7,0.2,2.9,0.7,0.7,83.0,74.0,1.4,24.0,160.7,0.05,0.2,,2499.0,3700.0,0.08,0.2,0.6,27.0,100.0,4.4_sayuran_dan_hasil_olahannya.json,57d79dabe785824818db2de59e883b36cf5452518605278fa70e5d539baf25fc,2026-07-28T08:53:57.573Z,2026-07-28T08:53:57.573Z
638,7,DP017,"Taoge, goreng","taoge goreng",processed_composite,KZGPI-1990,79.2,88.0,3.2,2.1,14.0,0.7,1.5,168.0,50.0,5.7,,,,,2.0,,613.0,0.05,,,0.0,100.0,4.4_sayuran_dan_hasil_olahannya.json,d754457bbffa5602ab75d45f61f396d34942f68a048cb5fbbf359c10702abd08,2026-07-28T08:53:57.573Z,2026-07-28T08:53:57.573Z
639,7,DP018,"Taoge, seduh","taoge seduh",processed_composite,KZGPI-1990,91.9,28.0,3.0,0.8,4.0,1.0,0.3,52.0,73.0,0.5,18.0,58.3,0.19,0.4,,46.0,18.0,0.1,0.0,0.9,2.0,87.0,4.4_sayuran_dan_hasil_olahannya.json,58686832cdef488fab4bc1cd8f2bd1a1b5231f4b27f2d153c2924c6dc9886c33,2026-07-28T08:53:57.573Z,2026-07-28T08:53:57.573Z
640,7,DP019,"Terung panjang, kukus","terung panjang kukus",processed_composite,KZGPI-1990,92.7,23.0,1.8,0.1,4.9,0.4,0.5,40.0,13.0,0.5,9.0,57.0,67.1,0.2,0.0,99.0,20.0,0.0,0.07,0.7,1.0,100.0,4.4_sayuran_dan_hasil_olahannya.json,4d80dd7c5b6685e0fde4ab199322e7017615ffef02741412e60c085f8e4a3e54,2026-07-28T08:53:57.573Z,2026-07-28T08:53:57.573Z
641,7,DP020,"Wortel, rebus","wortel rebus",processed_composite,KZGPI-1990,92.1,28.0,0.7,0.5,6.3,0.8,0.4,46.0,28.0,0.6,41.0,117.3,0.1,0.2,0.0,3824.0,5396.0,0.01,0.03,0.7,12.0,100.0,4.4_sayuran_dan_hasil_olahannya.json,a4d117fdb43c7196d3a70d69fff57bc5e1a5cb9f98c73d249b8010fe807f02d4,2026-07-28T08:53:57.573Z,2026-07-28T08:53:57.573Z
642,7,DP021,"Wortel, kukus","wortel kukus",processed_composite,KZGPI-1990,89.5,37.0,1.0,0.6,8.3,1.1,0.6,44.0,30.0,0.6,43.0,122.5,0.11,0.3,0.0,3994.0,7150.0,0.02,0.03,0.8,14.0,100.0,4.4_sayuran_dan_hasil_olahannya.json,7b38dae4f9f2f527dcc726e1663daa35433d24d7d96ce93aa21d8ff9ea05aa35,2026-07-28T08:53:57.573Z,2026-07-28T08:53:57.573Z
643,7,DP022,"Asinan Bogor, sayuran","asinan bogor sayuran",processed_composite,KZGMS-1993,78.0,98.0,3.9,2.6,14.8,0.5,0.7,314.0,17.0,1.2,483.0,,,,10.0,,146.0,0.28,,,5.0,100.0,4.4_sayuran_dan_hasil_olahannya.json,e10bff3fb6704886038813bcf354c4e299cb493a920b530cb44e0297350f10af,2026-07-28T08:53:57.573Z,2026-07-28T08:53:57.573Z
644,7,DP023,"Anyang, sayur","anyang sayur",processed_composite,KZGMI-2001,76.9,126.0,3.4,7.9,10.3,5.4,1.5,180.0,1.0,2.9,290.0,181.0,0.3,1.2,,3263.0,,0.2,,,,100.0,4.4_sayuran_dan_hasil_olahannya.json,bb5e5e40557b0b7c90b8449655e5c875a01e115ddb83bae88f1fae1ab883e38b,2026-07-28T08:53:57.573Z,2026-07-28T08:53:57.573Z
645,7,DP024,"Ares, sayur","ares sayur",processed_composite,KZGMI-2001,77.7,113.0,0.9,7.2,11.2,4.7,3.0,63.0,5.0,1.5,1413.0,1030.0,0.7,3.8,,6.0,,0.1,,0.5,,100.0,4.4_sayuran_dan_hasil_olahannya.json,0ea703aac96f02779ffbba6c17130d7429123ce41551fef1bce39a5d11c77835,2026-07-28T08:53:57.573Z,2026-07-28T08:53:57.573Z
646,7,DP025,"Arwan sirsir","arwan sirsir",processed_composite,KZGMI-2001,59.0,277.0,2.4,25.0,10.7,4.6,2.9,120.0,40.0,2.4,240.0,320.0,0.2,0.9,,1578.0,,0.1,0.2,0.0,11.0,100.0,4.4_sayuran_dan_hasil_olahannya.json,60fc8f1aeb70aca3c9f21bd072b5bb93af5df2caeffed0e06e5324067fbbe9b7,2026-07-28T08:53:57.573Z,2026-07-28T08:53:57.573Z
647,7,DP026,Beberuk,beberuk,processed_composite,KZGMI-2001,89.1,65.0,1.1,5.2,3.5,3.1,1.1,179.0,72.0,8.3,53.0,427.0,0.4,0.2,,44.0,,0.3,,4.4,,100.0,4.4_sayuran_dan_hasil_olahannya.json,fad532e681c0c78f4e702ffdd9dafd2acfa8e738760f8f71da7c320a3ed8dc64,2026-07-28T08:53:57.573Z,2026-07-28T08:53:57.573Z
648,7,DP027,"Botok lamtoro","botok lamtoro",processed_composite,KZGPI-1990,63.9,186.0,11.7,9.7,13.0,2.1,2.2,771.0,322.0,26.0,,,,,18.0,,179.0,0.27,,,2.0,100.0,4.4_sayuran_dan_hasil_olahannya.json,bbc13221c81aa17a9f414a4fe245b6401a8725e1d963b5382598f67392ce977a,2026-07-28T08:53:57.573Z,2026-07-28T08:53:57.573Z
649,7,DP028,"Buntil daun talas","buntil daun talas",processed_composite,KZGPI-1990,74.5,141.0,4.4,10.2,8.0,1.8,3.0,149.0,121.0,14.5,,,,,13.0,,8610.0,0.25,,,1.0,100.0,4.4_sayuran_dan_hasil_olahannya.json,93fbbf407158141bb8548252ce88650192c5f5b699bb079fe0e91006eefb2b56,2026-07-28T08:53:57.573Z,2026-07-28T08:53:57.573Z
650,7,DP029,Cammetutu,cammetutu,processed_composite,KZGMI-2001,79.6,102.0,3.2,6.0,8.7,4.3,2.5,41.0,93.0,0.5,443.0,518.0,0.3,0.7,,1123.0,,0.3,0.4,0.4,19.0,100.0,4.4_sayuran_dan_hasil_olahannya.json,a7ffc71f0fa0b7238a91fff25fcc95064c500acf33cb01b5cf517be49712b9d0,2026-07-28T08:53:57.573Z,2026-07-28T08:53:57.573Z
651,7,DP030,"Cap cai, sayur","cap cai sayur",processed_composite,KZGMS-1993,82.7,97.0,5.8,6.3,4.2,0.6,1.0,287.0,89.0,1.8,405.0,,,,45.0,,1640.0,0.21,,,1.0,100.0,4.4_sayuran_dan_hasil_olahannya.json,a0dbc4222cc8832d1a54b77ca9a77d3812711b4fa5871c832ebca3a689124698,2026-07-28T08:53:57.573Z,2026-07-28T08:53:57.573Z
652,7,DP031,Gado-gado,"gado gado",processed_composite,KZGPI-1990,68.5,137.0,6.1,3.2,21.0,1.1,1.5,301.0,135.0,7.5,,,,,3.0,,5929.0,0.1,,,1.0,100.0,4.4_sayuran_dan_hasil_olahannya.json,18085fd592b47269d18c1e24a0c0c256b7f46465bcc43867e995a45689752845,2026-07-28T08:53:57.573Z,2026-07-28T08:53:57.573Z
653,7,DP032,"Gudeg, sayur","gudeg sayur",processed_composite,KZGPI-1990,69.2,160.0,3.3,9.2,16.0,2.3,2.1,62.0,55.0,12.8,,,,,0.0,,166.0,0.15,,,0.0,100.0,4.4_sayuran_dan_hasil_olahannya.json,94c070278af3cdb9762dde6fc6eda78e2726f5dce04ef74d199ec581fd867c6b,2026-07-28T08:53:57.573Z,2026-07-28T08:53:57.573Z
654,7,DP033,"Gulai pakis","gulai pakis",processed_composite,KZGPI-1990,76.1,143.0,4.0,11.4,6.0,1.4,2.6,548.0,124.0,1.7,,,,,11.0,,9802.0,0.35,,,1.0,100.0,4.4_sayuran_dan_hasil_olahannya.json,7e019e984538989d58ae59ef51696ef3937334ccb91a77e0463dd1c38ae99c08,2026-07-28T08:53:57.573Z,2026-07-28T08:53:57.573Z
655,7,DP034,"Gulai pliek","gulai pliek",processed_composite,KZGMI-2001,71.9,176.0,7.3,14.9,3.2,,2.7,39.0,54.0,1.4,257.0,285.0,0.3,0.6,,,,,,,,100.0,4.4_sayuran_dan_hasil_olahannya.json,aab4e6239208c710563af3e6535b490eec6ce2dcfcedca02c143a97bb59d9ce5,2026-07-28T08:53:57.573Z,2026-07-28T08:53:57.573Z
656,7,DP035,"Kadada katembe","kadada katembe",processed_composite,KZGMI-2001,80.0,110.0,4.5,6.9,7.1,3.9,1.5,26.0,77.0,0.0,178.0,131.0,0.2,0.7,,46.0,,0.1,,3.7,23.0,100.0,4.4_sayuran_dan_hasil_olahannya.json,df5df0f52b1e06c9c324772e85d6b55c54f75a727b4c0eb3908b73b3d5250538,2026-07-28T08:53:57.573Z,2026-07-28T08:53:57.573Z
657,7,DP036,"Kaparende, sayur","kaparende sayur",processed_composite,KZGMI-2001,91.7,38.0,2.4,2.0,2.6,1.5,1.3,126.0,68.0,0.0,170.0,43.0,0.0,0.3,,40.0,,0.1,,3.7,22.0,100.0,4.4_sayuran_dan_hasil_olahannya.json,7610ffe7672b29aa236c638791faadb9f2f29c2c3523ccaed9f71e743c0a9c42,2026-07-28T08:53:57.573Z,2026-07-28T08:53:57.573Z
658,7,DP037,"Karedok, sayur","karedok sayur",processed_composite,KZGPI-1990,79.0,92.0,2.2,3.3,14.1,1.4,1.4,174.0,85.0,2.4,,,,,0.0,,1.0,0.08,,,3.0,100.0,4.4_sayuran_dan_hasil_olahannya.json,601926bbaf04f97340ec029d5e61189dec846ec7e5b5b081f3a33e1abebd4855,2026-07-28T08:53:57.573Z,2026-07-28T08:53:57.573Z
659,7,DP038,"Keripik bayam","keripik bayam",processed_composite,KZGPI-1990,2.3,586.0,4.9,40.6,50.2,0.5,1.9,236.0,117.0,3.6,,,,,0.0,,4544.0,0.16,,,0.0,100.0,4.4_sayuran_dan_hasil_olahannya.json,cee72d2e9bfd48784e7b6411b887bcb8b35eb70c9de2df28a6fdb9a430ac885f,2026-07-28T08:53:57.573Z,2026-07-28T08:53:57.573Z
660,7,DP039,"Kotiu hinela tawang nggole","kotiu hinela tawang nggole",processed_composite,KZGMI-2001,88.4,46.0,2.2,1.5,6.0,3.8,1.9,64.0,44.0,0.0,316.0,103.0,1.6,0.8,,75.0,,0.3,,9.7,7.0,100.0,4.4_sayuran_dan_hasil_olahannya.json,a35d0c91de77eeb9bc28d29dd18d2f867c28500ad071c1493517cbcdc748ab52,2026-07-28T08:53:57.573Z,2026-07-28T08:53:57.573Z
661,7,DP040,"Lema/ Rebung asam","lema rebung asam",processed_composite,KZGMI-2001,96.3,15.0,1.0,0.4,1.9,,0.4,17.0,230.0,2.9,3.0,156.0,0.1,0.7,,,,0.3,0.0,,,100.0,4.4_sayuran_dan_hasil_olahannya.json,7bb8e4c1b3df4f5bd5cacd3b34862f1d2fb0f1c5453c832fa7d84dca3ab8bac2,2026-07-28T08:53:57.573Z,2026-07-28T08:53:57.573Z
662,7,DP041,"Lilin bungkus gedi","lilin bungkus gedi",processed_composite,KZGMI-2001,84.8,79.0,2.3,5.2,5.8,2.5,1.9,170.0,70.0,0.9,170.0,50.0,0.2,0.8,,,,0.2,0.1,0.0,18.0,100.0,4.4_sayuran_dan_hasil_olahannya.json,c98de44c2f6b580ca736b8ae7cec7a09989ff85796c1b61a85997fdfa92140a6,2026-07-28T08:53:57.573Z,2026-07-28T08:53:57.573Z
663,7,DP042,Olah-olah,"olah olah",processed_composite,KZGMI-2001,83.9,9.0,2.1,6.0,7.1,4.4,0.9,26.0,3.0,1.2,289.0,266.0,0.3,0.6,,36.0,,0.2,0.1,0.4,,100.0,4.4_sayuran_dan_hasil_olahannya.json,a02c4755cca4b838c0f1aec993ea3f8de5e072752e11a33b5b632ea8fbc3cb2d,2026-07-28T08:53:57.573Z,2026-07-28T08:53:57.573Z
664,7,DP043,"Paku hinela wulelenggapaya","paku hinela wulelenggapaya",processed_composite,KZGMI-2001,83.4,77.0,3.5,4.6,5.4,3.6,3.1,63.0,85.0,0.0,469.0,37.0,0.3,0.7,,55.0,,0.8,0.1,0.2,4.0,100.0,4.4_sayuran_dan_hasil_olahannya.json,c81d1d0013e0eda6da43f9bf48b665a98be652c1b6f7b32cf6a94852a2833349,2026-07-28T08:53:57.573Z,2026-07-28T08:53:57.573Z
665,7,DP044,"Pelecing kangkung","pelecing kangkung",processed_composite,KZGMI-2001,83.8,75.0,2.5,2.8,10.0,5.4,0.9,36.0,3.0,2.1,408.0,381.0,0.1,0.4,,870.0,,0.7,,0.2,12.0,100.0,4.4_sayuran_dan_hasil_olahannya.json,f6b65533e8411f6ed9e2e0dbcc47520eba6803a2ed2156c81c82bf1e2ba94a37,2026-07-28T08:53:57.573Z,2026-07-28T08:53:57.573Z
666,7,DP045,Purundawa,purundawa,processed_composite,KZGMI-2001,91.8,25.0,1.5,0.5,3.6,1.7,2.6,147.0,39.0,0.0,239.0,201.0,0.1,0.6,,55.0,,0.1,0.1,11.6,2.0,100.0,4.4_sayuran_dan_hasil_olahannya.json,c895f771bb63389bd61e28f927dcf957a9cf052925d8f5c972122ec3cf76ed0f,2026-07-28T08:53:57.573Z,2026-07-28T08:53:57.573Z
667,7,DP046,"Rujak cingur","rujak cingur",processed_composite,KZGPI-1990,70.1,153.0,11.3,8.4,8.0,1.4,1.4,256.0,143.0,4.4,,,,,18.0,,2880.0,0.16,,,2.0,100.0,4.4_sayuran_dan_hasil_olahannya.json,6a33b9f3f33fb15926d1199b775fdc56b979a0af3b27575c30d28773d6bf1832,2026-07-28T08:53:57.573Z,2026-07-28T08:53:57.573Z
668,7,DP047,"Sayur asem","sayur asem",processed_composite,KZGPI-1990,93.2,29.0,0.7,0.6,5.0,0.6,0.8,40.0,61.0,3.1,,,,,14.0,,2075.0,0.1,,,0.0,100.0,4.4_sayuran_dan_hasil_olahannya.json,a5f0464d2888849373333028834e3c3764807e5abc520b8cf408aaeebb5e7c55,2026-07-28T08:53:57.573Z,2026-07-28T08:53:57.573Z
669,7,DP048,"Sayur bunga pepaya","sayur bunga pepaya",processed_composite,KZGMI-2001,83.4,49.0,1.7,0.3,9.8,2.7,2.1,220.0,220.0,1.3,90.0,350.0,0.1,0.1,,372.0,,,0.1,0.0,0.0,100.0,4.4_sayuran_dan_hasil_olahannya.json,29954d7c48722984d15eac0820981b23c7de9dea2f20f44f747845b9a8261119,2026-07-28T08:53:57.573Z,2026-07-28T08:53:57.573Z
670,7,DP049,"Sayur garu","sayur garu",processed_composite,KZGMI-2001,70.8,178.0,2.6,13.9,10.6,8.4,2.1,30.0,130.0,0.9,20.0,120.0,0.1,0.3,,,,0.2,0.1,,9.0,100.0,4.4_sayuran_dan_hasil_olahannya.json,81fa814c153f0d6a74a99ad394e526247956e4493a9d3b31a7ff153f8ed52f18,2026-07-28T08:53:57.573Z,2026-07-28T08:53:57.573Z
671,7,DP050,"Sayur kohu-kohu","sayur kohu kohu",processed_composite,KZGMI-2001,72.8,133.0,7.3,6.6,11.2,1.2,2.1,40.0,120.0,0.2,20.0,50.0,0.1,0.3,,944.0,,0.2,0.2,,9.0,100.0,4.4_sayuran_dan_hasil_olahannya.json,797e08df2802cc8c2d30684125f8453d490e80f504c498f0c1560ca3eae8ca82,2026-07-28T08:53:57.573Z,2026-07-28T08:53:57.573Z
672,7,DP051,"Sayur lilin-terubuk","sayur lilin terubuk",processed_composite,KZGMI-2001,90.4,36.0,2.7,0.7,4.8,1.4,1.4,10.0,90.0,0.1,30.0,44.0,0.2,1.0,,,,0.3,0.2,,18.0,100.0,4.4_sayuran_dan_hasil_olahannya.json,5a2ecf0a60cdbb10cd5d27d251d30d068202b5dbaa76b6aa44f98336774c3811,2026-07-28T08:53:57.573Z,2026-07-28T08:53:57.573Z
673,7,DP052,"Sayur ndusuk","sayur ndusuk",processed_composite,KZGMI-2001,87.5,49.0,3.1,2.5,3.6,,3.1,11.0,6.0,0.5,1011.0,88.0,,0.2,,,,0.2,0.1,,15.0,100.0,4.4_sayuran_dan_hasil_olahannya.json,eeeb371e30bc247a979806d367daa9843b0d8c446c182f6ef2bec7624caa646e,2026-07-28T08:53:57.573Z,2026-07-28T08:53:57.573Z
674,7,DP053,"Sayur sop","sayur sop",processed_composite,KZGPI-1990,92.7,27.0,1.3,2.0,1.0,0.3,2.7,168.0,57.0,1.8,,,,,20.0,,2569.0,0.1,,,0.0,100.0,4.4_sayuran_dan_hasil_olahannya.json,51a722ea9799594125541f6bad3afaa7cb152b7c9c251b0bc0ea8ddb6f2cb194,2026-07-28T08:53:57.573Z,2026-07-28T08:53:57.573Z
675,7,DP054,"Sayur umbut kelapa","sayur umbut kelapa",processed_composite,KZGMI-2001,85.5,67.0,5.2,2.9,5.1,1.4,1.3,48.0,81.0,3.2,313.0,108.0,0.2,1.1,,21.0,,0.2,,,5.0,100.0,4.4_sayuran_dan_hasil_olahannya.json,80051c6b6744bef093d39e1b741756ec961cf814487a4510a7041e0f92401aa8,2026-07-28T08:53:57.573Z,2026-07-28T08:53:57.573Z
676,7,DP055,"Sayur umbut rotan","sayur umbut rotan",processed_composite,KZGMI-2001,87.6,57.0,5.4,2.6,3.1,1.6,1.3,184.0,135.0,1.2,256.0,81.0,0.2,0.9,,18.0,0.0,0.2,,,6.0,100.0,4.4_sayuran_dan_hasil_olahannya.json,928b48a32314afae31fbb47ca21249794c902e02a1e08338b15957e13df16d39,2026-07-28T08:53:57.573Z,2026-07-28T08:53:57.573Z
677,7,DP056,Shabu-shabu,"shabu shabu",processed_composite,KZGMS-1993,87.1,88.0,3.2,8.0,0.8,0.9,0.9,217.0,48.0,2.9,514.0,,,,82.0,,2000.0,0.2,,,0.0,100.0,4.4_sayuran_dan_hasil_olahannya.json,7da438dabdf69624ae8901e6a42a14d94cfb1afdd3e6f98708e06e30f1dcb651,2026-07-28T08:53:57.573Z,2026-07-28T08:53:57.573Z
678,7,DP057,"Semur jengkol","semur jengkol",processed_composite,KZGMS-1993,52.7,212.0,6.0,10.0,29.1,,2.2,77.0,99.0,1.0,,,,,,,81.0,0.14,,,4.0,100.0,4.4_sayuran_dan_hasil_olahannya.json,8a05bad44c357c19b282b4dc128393d0479a8d1ae191b8a82ac2c0f638caa4c5,2026-07-28T08:53:57.573Z,2026-07-28T08:53:57.573Z
679,7,DP058,"Tinira ninahu nggaluku","tinira ninahu nggaluku",processed_composite,KZGMI-2001,91.8,33.0,1.2,1.3,4.1,3.1,1.5,35.0,35.0,0.0,161.0,119.0,0.2,0.7,,6.0,0.0,0.3,0.0,3.5,10.0,100.0,4.4_sayuran_dan_hasil_olahannya.json,0a323cf3eceb6f9691f8cdb7cb25327b31d0ad47963ee3212146855930677525,2026-07-28T08:53:57.573Z,2026-07-28T08:53:57.573Z
680,7,DP059,"Tumis bayam bersantan","tumis bayam bersantan",processed_composite,KZGPI-1990,91.2,48.0,1.4,4.2,2.6,0.5,0.6,129.0,27.0,0.8,,,,,0.0,,2988.0,0.01,,,22.0,100.0,4.4_sayuran_dan_hasil_olahannya.json,fd1c2d4dd98358641260a723c5d73f4adfeafebeeb57e9226f5e77dd710f6215,2026-07-28T08:53:57.573Z,2026-07-28T08:53:57.573Z
681,7,DP060,"Waluh balamak","waluh balamak",processed_composite,KZGMI-2001,89.4,45.0,0.8,0.9,8.1,7.9,1.0,25.0,25.0,0.5,61.0,15.0,,0.2,,1241.0,0.0,0.2,0.0,0.1,2.0,100.0,4.4_sayuran_dan_hasil_olahannya.json,fc8d03826f037b956323df94cfd2c44e01237d6d7e01dbadfa4e8d66b6755ac3,2026-07-28T08:53:57.573Z,2026-07-28T08:53:57.573Z
682,7,DP061,"Woku ubi","woku ubi",processed_composite,KZGMI-2001,73.0,143.0,3.1,7.8,15.0,7.0,1.1,195.0,91.0,2.8,353.0,256.0,0.3,1.0,,1519.0,0.0,0.1,,,15.0,100.0,4.4_sayuran_dan_hasil_olahannya.json,45929375af35c74a5f226e9b1d9a0626f28d7432d610490a5af429ce3215b33b,2026-07-28T08:53:57.573Z,2026-07-28T08:53:57.573Z
683,8,ER001,"Alpukat, segar","alpukat segar",single,DABM-1964,84.3,85.0,0.9,6.5,7.7,,0.6,10.0,20.0,0.9,2.0,278.0,0.2,0.4,,189.0,180.0,0.05,0.08,1.0,13.0,61.0,4.5_buah_dan_hasil_olahannya.json,36c66d70bb49a16e613cb2a009242d3a102bdede461f77648bbdf1956f72fdc5,2026-07-28T08:53:57.574Z,2026-07-28T08:53:57.574Z
684,8,ER002,"Anggur hutan, segar","anggur hutan segar",single,KZGPI-1990,92.3,30.0,0.5,0.2,6.8,1.2,0.2,39.0,12.0,1.1,,,,,0.0,,1.0,0.01,,,3.0,100.0,4.5_buah_dan_hasil_olahannya.json,251124a839274893772ff4f5dcaa1d07911c954e578c837ed23103cb4ae47953,2026-07-28T08:53:57.574Z,2026-07-28T08:53:57.574Z
685,8,ER003,"Apel malang, segar","apel malang segar",single,KZGPI-1990,85.9,57.0,0.5,0.4,12.8,0.8,0.3,9.0,18.0,0.6,3.6,175.4,110.2,0.0,,26.0,2240.0,0.05,0.03,0.1,5.0,88.0,4.5_buah_dan_hasil_olahannya.json,cc39b00c6080a7b8bc6e27428fb5a9a186a7402ec990cd1f255ca38ebab692c4,2026-07-28T08:53:57.574Z,2026-07-28T08:53:57.574Z
686,8,ER004,"Apel, segar","apel segar",single,DABM-1964,84.1,58.0,0.3,0.4,14.9,2.6,0.3,6.0,10.0,0.3,2.0,130.0,124.2,0.3,,30.0,90.0,0.04,0.03,0.1,5.0,88.0,4.5_buah_dan_hasil_olahannya.json,f6a8c94121c426a8db5f988bc74baec134aa58cc97baa2beb9e29e0ba383f65e,2026-07-28T08:53:57.574Z,2026-07-28T08:53:57.574Z
687,8,ER005,"Arbai, segar","arbai segar",single,DABM-1964,89.9,37.0,0.8,0.5,8.3,,0.5,28.0,27.0,0.8,1.95,43.0,63.5,18.9,,2.0,60.0,0.03,0.0,0.1,60.0,96.0,4.5_buah_dan_hasil_olahannya.json,b96d691c2799bde2326536f5dc9c48f28bfd32df86b6c5b1c0450bda3b2c17c3,2026-07-28T08:53:57.574Z,2026-07-28T08:53:57.574Z
688,8,ER006,"Belimbing, segar","belimbing segar",single,DABM-1964,90.0,36.0,0.4,0.4,8.8,3.2,0.4,4.0,12.0,1.1,4.0,130.0,,0.1,,29.0,170.0,0.03,,,35.0,86.0,4.5_buah_dan_hasil_olahannya.json,90d2acf81ffeba7eda85e612981bc570238cfd607c7a973a2e901d4a85582792,2026-07-28T08:53:57.574Z,2026-07-28T08:53:57.574Z
689,8,ER007,"Biwah, segar","biwah segar",single,KZGPI-1990,87.1,51.0,0.3,0.1,12.1,0.7,0.5,220.0,14.0,0.8,1.0,258.6,0.0,0.0,0.0,,12256.0,0.1,0.02,0.0,4.0,66.0,4.5_buah_dan_hasil_olahannya.json,8b8b763a0bece43bd9f28aeea450b0cb36243ad4310959cfa75aeec2b906496b,2026-07-28T08:53:57.574Z,2026-07-28T08:53:57.574Z
690,8,ER008,"Buah atung, segar","buah atung segar",single,DABM-1964,92.0,23.0,0.8,0.2,5.2,,1.8,30.0,50.0,4.6,,,,,,,0.0,0.29,,,38.0,80.0,4.5_buah_dan_hasil_olahannya.json,243e8d36215475d180a056d334a83bcb0844aaf776f9a8015c12c75a28f65df0,2026-07-28T08:53:57.574Z,2026-07-28T08:53:57.574Z
691,8,ER009,"Buah kelenting, segar","buah kelenting segar",single,KZGMI-2001,73.9,110.0,1.4,2.1,21.4,,1.2,8.0,102.0,1.1,2.0,0.0,0.3,0.9,,,,0.2,0.1,,6.0,77.0,4.5_buah_dan_hasil_olahannya.json,36f93990a66fc8e006a100ed3057f98e711685f7227cc478caf8b048fa8d77c9,2026-07-28T08:53:57.574Z,2026-07-28T08:53:57.574Z
692,8,ER010,"Buah kom, segar","buah kom segar",single,KZGPI-1990,33.7,264.0,4.0,1.1,59.6,9.0,1.7,306.0,92.0,0.8,,,,,0.0,,400.0,0.11,,0.0,9.0,100.0,4.5_buah_dan_hasil_olahannya.json,79c83a0d45fa6ee26414cb0c898d6148f41be45b1d19cf8ced78fee6f3382775,2026-07-28T08:53:57.574Z,2026-07-28T08:53:57.574Z
693,8,ER011,"Buah mentega (Bisbul), segar","buah mentega bisbul segar",single,DABM-1964,89.0,39.0,0.7,0.2,9.7,2.0,0.4,43.0,17.0,0.8,1.0,90.0,0.1,0.1,,141.0,55.0,0.02,0.01,0.1,33.0,50.0,4.5_buah_dan_hasil_olahannya.json,279cca07522a4b70dcd424697d686af566ec8aa1cc432b01c8d2d89272177947,2026-07-28T08:53:57.574Z,2026-07-28T08:53:57.574Z
694,8,ER012,"Buah Naga Merah, segar","buah naga merah segar",single,BKP,85.7,71.0,1.7,3.1,9.1,3.2,0.4,13.0,14.0,0.4,10.0,128.0,0.0,0.4,,0.0,0.0,0.5,0.3,0.5,1.0,66.5,4.5_buah_dan_hasil_olahannya.json,7162ea712873cef0965f931da946838162c4af88583a9a31ee9c4501f5435c63,2026-07-28T08:53:57.574Z,2026-07-28T08:53:57.574Z
695,8,ER013,"Buah Naga Putih, segar","buah naga putih segar",single,BKP,86.6,56.0,0.8,1.0,10.9,3.2,0.6,13.0,27.0,0.5,7.0,231.0,0.0,0.4,,0.0,0.0,0.02,0.5,0.9,1.0,73.6,4.5_buah_dan_hasil_olahannya.json,a42621334b8fbaea675154224268b7c2484488a7819e1052646bd8cab7ea0339,2026-07-28T08:53:57.574Z,2026-07-28T08:53:57.574Z
696,8,ER014,"Buah negri, segar","buah negri segar",single,KZGMI-2001,85.7,55.0,1.2,0.1,12.2,5.2,0.8,30.0,40.0,0.2,10.0,0.0,0.1,0.3,,460.0,,0.33,0.03,0.1,9.0,48.0,4.5_buah_dan_hasil_olahannya.json,473440730b683314daf1784852c93cb1c69dff4f50fe87638ace7c632540e0c9,2026-07-28T08:53:57.574Z,2026-07-28T08:53:57.574Z
697,8,ER015,"Buah nona, segar","buah nona segar",single,DABM-1964,71.5,101.0,1.7,0.6,25.2,2.8,1.0,27.0,20.0,0.8,5.0,312.5,325.7,0.1,,49.0,,0.08,0.16,0.9,22.0,58.0,4.5_buah_dan_hasil_olahannya.json,ff341ff7965e52f479853dd29085b2210a50d541d6e1f258acdab136c11f1b40,2026-07-28T08:53:57.574Z,2026-07-28T08:53:57.574Z
698,8,ER016,"Buah rotan, segar","buah rotan segar",single,KZGMI-2001,79.4,78.0,0.6,0.3,18.2,,1.5,1.0,7.0,3.4,7.0,495.0,0.3,0.7,,,,0.12,0.0,,5.0,,4.5_buah_dan_hasil_olahannya.json,16b0dd0a317d3e540f4363e6705303dea77128da8d36dc04d1d2449fcf944f0a,2026-07-28T08:53:57.574Z,2026-07-28T08:53:57.574Z
699,8,ER017,"Buah rukam, segar","buah rukam segar",single,KZGMI-2001,71.3,113.0,0.8,0.3,26.8,7.7,0.8,108.0,52.0,1.2,2.0,219.0,0.3,0.9,,17.0,,0.06,0.01,,20.0,100.0,4.5_buah_dan_hasil_olahannya.json,d2f3d89c92f3583a0b43e1bd18861b438260f3dd1642a275b2357e1897f6e1d9,2026-07-28T08:53:57.574Z,2026-07-28T08:53:57.574Z
700,8,ER018,"Buah ruruhi, segar","buah ruruhi segar",single,KZGMI-2001,93.0,29.0,2.1,0.7,3.6,2.6,0.3,6.0,7.0,0.0,36.0,45.0,0.0,0.1,,7.0,,0.06,0.01,,10.0,82.0,4.5_buah_dan_hasil_olahannya.json,19c9f07e36789db22b711a7096c9a851924e7059201cd6f5b02613b9cd933e9a,2026-07-28T08:53:57.574Z,2026-07-28T08:53:57.574Z
701,8,ER019,"Buah tuppa, segar","buah tuppa segar",single,KZGMI-2001,82.5,67.0,0.4,0.2,15.9,,1.0,12.0,139.0,0.5,2.0,0.0,0.2,0.5,,,,0.04,0.01,,5.0,,4.5_buah_dan_hasil_olahannya.json,af02ad6a08b62c4d3bb050246e93aca6c88765d8c4c371f8d32a3d2a63328f1d,2026-07-28T08:53:57.574Z,2026-07-28T08:53:57.574Z
702,8,ER020,"Carica papaya, segar","carica papaya segar",single,KZGPI-1990,93.4,24.0,1.9,0.2,3.7,1.0,0.9,51.0,33.0,1.8,,,,,0.0,0.0,1000.0,0.32,0.07,0.0,85.0,60.0,4.5_buah_dan_hasil_olahannya.json,0c67919a28fcd823d1fdefd7ab0cee5fd2f06f1018d82832d1033d6e45c3398c,2026-07-28T08:53:57.574Z,2026-07-28T08:53:57.574Z
703,8,ER021,"Cempedak, segar","cempedak segar",single,DABM-1964,67.0,116.0,3.0,0.4,28.6,3.4,1.0,20.0,30.0,1.5,25.0,243.7,,,,79.0,200.0,0.0,,0.5,15.0,30.0,4.5_buah_dan_hasil_olahannya.json,fdef2e019bfb0092fa43cc2b5eb1317c2e615024619947f3348d95a2e69352e2,2026-07-28T08:53:57.574Z,2026-07-28T08:53:57.574Z
704,8,ER022,"Duku, segar","duku segar",single,DABM-1964,82.0,63.0,1.0,0.2,16.1,4.3,0.7,18.0,9.0,0.9,2.0,149.0,0.1,0.2,,0.0,0.0,0.05,0.15,1.5,9.0,64.0,4.5_buah_dan_hasil_olahannya.json,52fff055e5581c6fc0106428287a4b8f6a00f47185ad62360ab434c9b370e22b,2026-07-28T08:53:57.574Z,2026-07-28T08:53:57.574Z
705,8,ER023,"Durian, segar","durian segar",single,DABM-1964,65.0,134.0,2.5,3.0,28.0,3.5,8.0,7.0,44.0,1.3,1.0,601.0,0.1,0.3,,146.0,175.0,0.1,0.19,136.5,53.0,22.0,4.5_buah_dan_hasil_olahannya.json,7a62beb052c9ce11a5230b1d10659d44c27322d083a3be0fbaeac94cb7e9f24e,2026-07-28T08:53:57.574Z,2026-07-28T08:53:57.574Z
706,8,ER024,"Duwet, segar","duwet segar",single,KZGPI-1990,80.2,80.0,0.5,0.6,18.2,0.9,0.5,33.0,138.0,1.3,16.0,92.7,191.3,0.3,0.0,329.0,0.0,0.02,0.01,2.5,130.0,67.0,4.5_buah_dan_hasil_olahannya.json,1a3d3f82ee9a1d244fcc2ed59f20e88fe27dd91b670b6f0287f9f505ea12fbf0,2026-07-28T08:53:57.574Z,2026-07-28T08:53:57.574Z
707,8,ER025,"Embacang, segar","embacang segar",single,DABM-1964,72.5,98.0,1.4,0.2,25.4,1.9,0.5,21.0,15.0,0.5,3.0,250.9,0.1,0.1,,2533.0,1218.0,0.03,0.09,0.7,56.0,65.0,4.5_buah_dan_hasil_olahannya.json,b5bfa5ed77a54ba459d455ebfff2e8caa823131dfe6138d892184d62142cf5a5,2026-07-28T08:53:57.574Z,2026-07-28T08:53:57.574Z
708,8,ER026,"Encung asam, segar","encung asam segar",single,KZGPI-1990,73.0,122.0,3.5,4.5,17.5,9.3,1.5,63.0,69.0,3.2,,,,,0.0,,2357.0,0.02,,,0.0,98.0,4.5_buah_dan_hasil_olahannya.json,20b28c5ec6efc8b6afd597a1f0a9a0104565d25ab3c2dbb77e2d130bb35e50e1,2026-07-28T08:53:57.574Z,2026-07-28T08:53:57.574Z
709,8,ER027,"Erbis, segar","erbis segar",single,DABM-1964,80.0,70.0,0.6,0.0,18.9,7.7,0.5,11.0,50.0,1.1,21.0,257.1,0.1,0.1,,549.0,10.0,0.0,0.1,1.1,16.0,33.0,4.5_buah_dan_hasil_olahannya.json,cf4050b5391f14a9193bd9dbf7dd46c493878558a85a3bb1ca64955626836846,2026-07-28T08:53:57.574Z,2026-07-28T08:53:57.574Z
710,8,ER028,"Gandaria masak","gandaria masak",single,DABM-1964,80.8,68.0,0.7,0.1,18.0,2.2,0.4,9.0,20.0,1.0,3.0,129.0,,,,329.0,1020.0,0.03,0.07,0.7,111.0,70.0,4.5_buah_dan_hasil_olahannya.json,83ff076dcb4b506ee2588a45be37b5222515000a45772d2ca241491dbaa4fba7,2026-07-28T08:53:57.574Z,2026-07-28T08:53:57.574Z
711,8,ER029,"Gatep, segar","gatep segar",single,KZGPI-1990,52.7,191.0,4.5,1.5,39.7,13.4,1.6,186.0,69.0,3.2,17.0,403.3,0.7,1.3,,51.0,,0.05,0.2,1.8,,100.0,4.5_buah_dan_hasil_olahannya.json,23a872544c14761e79fa8eda8b21731cdffc78c34d95d4e0a6859f9c33bc8974,2026-07-28T08:53:57.574Z,2026-07-28T08:53:57.574Z
712,8,ER030,"Jambu air, segar","jambu air segar",single,DABM-1964,87.0,46.0,0.6,0.2,11.8,2.1,0.8,8.0,9.0,1.1,11.0,321.2,,0.1,,92.0,,0.02,0.38,4.6,5.0,90.0,4.5_buah_dan_hasil_olahannya.json,64ae2bee67ca66c68b704c2d24985bf90dc48053d4b7f29a7c0ae54abf1d1cc1,2026-07-28T08:53:57.574Z,2026-07-28T08:53:57.574Z
713,8,ER031,"Jambu biji","jambu biji",single,DABM-1964,86.0,49.0,0.9,0.3,12.2,2.4,0.6,14.0,28.0,1.1,10.0,52.8,0.0,0.3,,27.0,25.0,0.02,0.03,0.8,87.0,82.0,4.5_buah_dan_hasil_olahannya.json,eb5ff81579d1714897d65a77405c0fcec22acb390e74cd86a4944b7c351d1478,2026-07-28T08:53:57.574Z,2026-07-28T08:53:57.574Z
714,8,ER032,"Jambu bj putih tdk brbj","jambu bj putih tdk brbj",single,KZGPI-1990,82.8,61.0,0.9,0.3,15.4,4.5,0.6,31.0,41.0,0.2,20.0,103.0,0.0,0.5,,53.0,18.0,1.02,0.06,1.3,116.0,82.0,4.5_buah_dan_hasil_olahannya.json,c6f64636dda4a246133cc5252ed50c712eff6613644984f6d6431ff224f9eb00,2026-07-28T08:53:57.574Z,2026-07-28T08:53:57.574Z
715,8,ER033,"Jambu bol, segar","jambu bol segar",single,KZGMI-2001,87.1,49.0,2.3,0.2,9.6,3.5,0.8,8.0,8.0,0.3,1.0,14.0,0.0,0.0,,92.0,,0.13,0.01,0.5,22.0,67.0,4.5_buah_dan_hasil_olahannya.json,e85d4f34c5a4b9730415f1571149cd101cde6ec337671f7fe4a7ce078dbd6223,2026-07-28T08:53:57.574Z,2026-07-28T08:53:57.574Z
716,8,ER034,"Jambu monyet, segar","jambu monyet segar",single,DABM-1964,82.6,64.0,0.7,0.6,15.8,1.2,0.3,4.0,13.0,0.5,12.0,107.8,,,,1604.0,25.0,0.02,0.0,2.0,197.0,90.0,4.5_buah_dan_hasil_olahannya.json,2a7f14eea03a0f18ac5bd559fb81fef7e910657d7e6df2a873328c0440cdaa3d,2026-07-28T08:53:57.574Z,2026-07-28T08:53:57.574Z
717,8,ER035,"Jeruk bali, segar","jeruk bali segar",single,DABM-1964,86.3,48.0,0.6,0.2,12.4,0.8,0.5,23.0,27.0,0.5,21.0,366.1,171.3,0.1,,33.0,20.0,0.04,0.0,0.4,43.0,62.0,4.5_buah_dan_hasil_olahannya.json,0795db76549b270f1014285789a09767e3c6aa0f265f360ce149c510217c7d01,2026-07-28T08:53:57.574Z,2026-07-28T08:53:57.574Z
718,8,ER036,"Jeruk banjar, segar","jeruk banjar segar",single,KZGMI-2001,84.5,61.0,0.8,0.2,14.1,5.4,0.4,9.0,13.0,0.2,3.0,79.0,0.1,0.1,,9.0,,0.12,0.03,0.3,31.0,72.0,4.5_buah_dan_hasil_olahannya.json,1c0a01cd12e0b31d1fa5e2d6c6e36d2e5b104420cae682bcbf5ed713106db3f9,2026-07-28T08:53:57.574Z,2026-07-28T08:53:57.574Z
719,8,ER037,"Jeruk garut-keprok","jeruk garut keprok",single,DABM-1964,87.3,44.0,0.8,0.3,10.9,1.6,0.7,33.0,23.0,0.4,5.0,518.1,169.3,0.2,,0.0,420.0,0.07,0.03,0.2,31.0,71.0,4.5_buah_dan_hasil_olahannya.json,024c4f7cad401f75ee9ac859e13a22c6a9096e971017b1b3dd1f47819e2ea1f4,2026-07-28T08:53:57.574Z,2026-07-28T08:53:57.574Z
720,8,ER038,"Jeruk Kalamansi, segar","jeruk kalamansi segar",single,BKP,90.2,39.0,0.3,0.3,8.9,2.3,0.4,42.0,85.0,0.5,3.0,82.0,0.3,0.1,,1.0,0.3,0.02,0.1,0.0,30.0,100.0,4.5_buah_dan_hasil_olahannya.json,11bec294ac1a605a03a1dfe02f0403f653e77ac4d6f33b03f5d17764d9ee0edc,2026-07-28T08:53:57.574Z,2026-07-28T08:53:57.574Z
721,8,ER039,"Jeruk manis, segar","jeruk manis segar",single,DABM-1964,87.2,45.0,0.9,0.2,11.2,1.4,0.5,33.0,23.0,0.4,4.0,472.1,160.0,0.2,,0.0,190.0,0.08,0.03,0.2,49.0,72.0,4.5_buah_dan_hasil_olahannya.json,a198757ccd61f91932b15ceb2e095fe331cb7046f7774ec126312096c317148d,2026-07-28T08:53:57.574Z,2026-07-28T08:53:57.574Z
722,8,ER040,"Jeruk nipis, segar","jeruk nipis segar",single,KZGPI-1990,88.9,44.0,0.5,0.2,10.0,0.4,0.4,18.0,22.0,0.2,3.0,108.9,0.1,0.1,,23.0,4.0,0.01,0.03,0.2,20.0,76.0,4.5_buah_dan_hasil_olahannya.json,cd89a6f3ee76aedc9deb950418a9cf0cc3de10b0c88e3312ac377cd2761757a2,2026-07-28T08:53:57.574Z,2026-07-28T08:53:57.574Z
723,8,ER041,"Jeruk ragi, segar","jeruk ragi segar",single,KZGPI-1990,87.6,49.0,0.7,0.2,11.1,0.5,0.4,36.0,67.0,0.7,4.0,457.3,155.0,0.2,,0.0,68.0,0.03,0.03,0.2,30.0,59.0,4.5_buah_dan_hasil_olahannya.json,eac65ea56dc343bcd903d817de540e9d70d822c4bac4ca9dfc663dce9faeac9a,2026-07-28T08:53:57.574Z,2026-07-28T08:53:57.574Z
724,8,ER042,"Kawista, segar","kawista segar",single,KZGPI-1990,71.8,120.0,3.5,2.5,20.8,4.6,1.4,190.0,230.0,1.6,9.0,1015.6,308.4,0.4,,99.0,,0.07,0.07,0.4,3.0,72.0,4.5_buah_dan_hasil_olahannya.json,4d67b2c531bac85e4064d1fc1ad65e058c02b0e8b0f269252103b4e0f06213d7,2026-07-28T08:53:57.574Z,2026-07-28T08:53:57.574Z
725,8,ER043,"Kedondong masak, segar","kedondong masak segar",single,DABM-1964,88.0,46.0,1.0,0.1,10.3,2.6,0.6,15.0,22.0,2.8,2.0,216.2,0.0,0.1,,164.0,233.0,0.08,0.23,0.3,30.0,58.0,4.5_buah_dan_hasil_olahannya.json,34b94364632cbb852cf46445ed442e7cfc0f422fe1a9eaf309d524c2fe4478f7,2026-07-28T08:53:57.574Z,2026-07-28T08:53:57.574Z
726,8,ER044,"Kedondong, segar","kedondong segar",single,KZGMI-2001,87.8,47.0,0.5,0.2,10.4,2.7,0.6,7.0,58.0,0.8,2.0,0.0,,0.2,,167.0,,0.07,0.04,0.4,32.0,58.0,4.5_buah_dan_hasil_olahannya.json,e8f7c0812044c99162b1d153d508b7d26340312d0b5efaa27fdfd6a81703449c,2026-07-28T08:53:57.574Z,2026-07-28T08:53:57.574Z
727,8,ER045,"Kelapa hutan, kering","kelapa hutan kering",single,KZGMI-2001,6.0,623.0,2.0,52.1,36.5,15.3,3.4,120.0,280.0,3.8,100.0,460.0,1.7,1.9,,,,,,0.2,,,4.5_buah_dan_hasil_olahannya.json,5536b7877e8c3d8d433fc599b79c25c033cc58bb61e7268d89bc4684802b9a7b,2026-07-28T08:53:57.574Z,2026-07-28T08:53:57.574Z
728,8,ER046,"Kelapa muda, daging, segar","kelapa muda daging segar",single,DABM-1964,83.3,68.0,1.0,0.9,14.0,0.0,0.8,7.0,30.0,1.0,17.9,564.6,0.1,0.3,0.0,0.0,,0.06,0.02,0.6,4.0,53.0,4.5_buah_dan_hasil_olahannya.json,6a91408a500b30bb11996269f09ea2a8d0b63dbaf5f82f5f727862ab1b6f7cfd,2026-07-28T08:53:57.574Z,2026-07-28T08:53:57.574Z
729,8,ER047,"Kemang, segar","kemang segar",single,DABM-1964,86.5,48.0,1.0,0.2,11.9,1.7,0.4,10.0,24.0,0.1,2.0,88.6,0.0,0.1,,318.0,6.0,0.08,0.01,0.3,58.0,65.0,4.5_buah_dan_hasil_olahannya.json,847366213a88179dd647af9d5906a644a0adbe4c4fe40e23209a39aaf4dfb8c9,2026-07-28T08:53:57.574Z,2026-07-28T08:53:57.574Z
730,8,ER048,"Kesemek, segar","kesemek segar",single,DABM-1964,78.2,78.0,0.8,0.4,20.0,0.6,0.6,6.0,26.0,0.3,0.0,34.5,0.1,0.1,,109.0,2710.0,0.05,0.0,0.1,11.0,97.0,4.5_buah_dan_hasil_olahannya.json,64be8089c0937f36fddc4ece2c8d3667d4f54d0dad7a793207e506121b02e088,2026-07-28T08:53:57.574Z,2026-07-28T08:53:57.574Z
731,8,ER049,"Kokosan, segar","kokosan segar",single,DABM-1964,85.0,86.0,1.6,0.2,13.0,1.4,0.2,22.0,38.0,1.3,2.0,118.3,0.1,0.2,,0.0,20.0,0.04,0.04,1.5,3.0,64.0,4.5_buah_dan_hasil_olahannya.json,ac6a78f74e83a1b5100637462e6d91ca9a99a086bdd03313ff5c637aee48abd4,2026-07-28T08:53:57.574Z,2026-07-28T08:53:57.574Z
732,8,ER050,"Kranji, segar","kranji segar",single,KZGPI-1990,20.1,315.0,2.1,1.4,73.5,3.6,2.9,160.0,120.0,3.7,,,,,,,,0.02,,,,31.0,4.5_buah_dan_hasil_olahannya.json,0b8c4e96f324fe61e96187732349a57826573f0fc44ea73c4da73aa9042e51a2,2026-07-28T08:53:57.574Z,2026-07-28T08:53:57.574Z
733,8,ER051,"Langsat, segar","langsat segar",single,DABM-1964,84.1,56.0,0.9,0.2,14.3,1.4,0.5,17.0,24.0,1.1,1.0,232.0,0.1,0.2,,,0.0,0.07,0.0,0.8,9.0,64.0,4.5_buah_dan_hasil_olahannya.json,8d1b6d3cb96a0df698b814bccbfc86ea35a4aa1ec190659537ba6460bc4e86b6,2026-07-28T08:53:57.574Z,2026-07-28T08:53:57.574Z
734,8,ER052,"Lemon, segar","lemon segar",single,KZGMI-2001,92.2,34.0,0.5,0.8,6.2,0.1,0.3,23.0,20.0,0.3,31.0,140.0,0.1,0.2,,0.0,,0.09,0.12,0.3,50.0,100.0,4.5_buah_dan_hasil_olahannya.json,4e7e330c85327ea413dc577efd739579a0ac7bafdcaa2977395c16a8a0d0ff13,2026-07-28T08:53:57.574Z,2026-07-28T08:53:57.574Z
735,8,ER053,"Lontar, segar","lontar segar",single,KZGPI-1990,93.0,27.0,0.4,0.2,6.0,1.6,0.4,91.0,243.0,0.5,,,,,,,,0.03,,,,79.0,4.5_buah_dan_hasil_olahannya.json,bf00d087c4db7fc9f9a6f9088006451f9bf4450aa1c765ddbe4f36ecd81610a9,2026-07-28T08:53:57.574Z,2026-07-28T08:53:57.574Z
736,8,ER054,"Mangga, segar","mangga segar",single,KZGMI-2001,86.6,52.0,0.7,0.0,12.3,1.6,0.2,20.0,16.0,1.0,3.0,140.0,0.3,0.0,,316.0,,0.03,0.01,0.3,12.0,65.0,4.5_buah_dan_hasil_olahannya.json,3f28f789a2cb14ba6aa1b582f7cd2ac29e80a1ecea35c5f5a94f8f25e9fa3180,2026-07-28T08:53:57.574Z,2026-07-28T08:53:57.574Z
737,8,ER055,"Mangga benggala, segar","mangga benggala segar",single,KZGMI-2001,84.4,63.0,2.4,0.4,12.4,5.8,0.4,9.0,13.0,0.2,3.0,79.0,0.1,0.1,,10.0,,0.18,0.01,0.4,43.0,65.0,4.5_buah_dan_hasil_olahannya.json,1e8af6a2e7105bbe89dc20f7f96de1113e3b0fb268e993cc236ba534b7dfb2ca,2026-07-28T08:53:57.574Z,2026-07-28T08:53:57.574Z
738,8,ER056,"Mangga gedung, segar","mangga gedung segar",single,DABM-1964,87.4,44.0,0.7,0.2,11.2,1.6,0.5,13.0,10.0,0.2,2.0,83.6,0.0,0.1,,113.0,16400.0,0.08,0.01,0.3,30.0,65.0,4.5_buah_dan_hasil_olahannya.json,2efdf4418fa6237222d4883f7108889584e3f431be7055fb6a8edf6eb8521b68,2026-07-28T08:53:57.574Z,2026-07-28T08:53:57.574Z
739,8,ER057,"Mangga golek, segar","mangga golek segar",single,DABM-1964,82.2,63.0,0.5,0.2,16.7,2.3,0.4,14.0,10.0,0.7,3.0,118.1,0.1,0.1,,160.0,3715.0,0.08,0.02,0.4,65.0,65.0,4.5_buah_dan_hasil_olahannya.json,c813336e07d2107ccf991057dc982847d4a59d08a63213e09b0405535dbd35e2,2026-07-28T08:53:57.574Z,2026-07-28T08:53:57.574Z
740,8,ER058,"Mangga harumanis, segar","mangga harumanis segar",single,DABM-1964,86.6,46.0,0.4,0.2,11.9,1.7,0.8,15.0,9.0,0.2,2.0,88.9,0.0,0.1,,120.0,1200.0,0.08,0.01,0.3,6.0,65.0,4.5_buah_dan_hasil_olahannya.json,0650471e4b270a90ec0b49da06b686c265e89b2134168ed43367aeddf1cc57be,2026-07-28T08:53:57.574Z,2026-07-28T08:53:57.574Z
741,8,ER059,"Mangga indramayu, segar","mangga indramayu segar",single,DABM-1964,80.2,72.0,0.8,0.2,18.7,2.5,0.1,13.0,10.0,1.9,3.0,131.4,0.1,0.1,,178.0,2900.0,0.06,0.02,0.5,16.0,65.0,4.5_buah_dan_hasil_olahannya.json,5a970c2f7ab1ad81e0e712f00433fd212c73265ec6ae69710b1fae32c0a4e88c,2026-07-28T08:53:57.574Z,2026-07-28T08:53:57.574Z
742,8,ER060,"Mangga kopek, segar","mangga kopek segar",single,DABM-1964,84.5,56.0,0.4,0.2,14.6,2.0,0.3,16.0,10.0,1.7,2.0,102.9,0.0,0.1,,139.0,6520.0,0.03,0.01,0.4,27.0,65.0,4.5_buah_dan_hasil_olahannya.json,0f0b8b2422aca395e552893df43d009da800b2c5214ec4498fd7e4dd522d81a6,2026-07-28T08:53:57.574Z,2026-07-28T08:53:57.574Z
743,8,ER061,"Mangga kwini, segar","mangga kwini segar",single,KZGMI-2001,78.6,86.0,0.7,0.5,19.8,6.5,0.4,11.0,11.0,0.2,1.0,16.0,0.1,0.1,,932.0,,0.15,0.02,0.5,18.0,65.0,4.5_buah_dan_hasil_olahannya.json,3c727586808038b5eb3c0b627465ead4b8b90777a17398789f1efc625358694d,2026-07-28T08:53:57.574Z,2026-07-28T08:53:57.574Z
744,8,ER062,"Mangga manalagi, segar","mangga manalagi segar",single,KZGMI-2001,66.5,133.0,1.0,0.1,32.1,11.8,0.3,20.0,23.0,1.0,70.0,161.0,0.0,0.0,0.0,4.0,,0.07,0.0,0.6,61.0,65.0,4.5_buah_dan_hasil_olahannya.json,a9ce61626a562d0b19c458f0be1044ca26f9bee875f0508e08e1256334273614,2026-07-28T08:53:57.574Z,2026-07-28T08:53:57.574Z
745,8,ER063,"Mangga muda, segar","mangga muda segar",single,DABM-1964,83.7,59.0,0.5,0.4,15.1,,0.3,12.0,11.0,0.4,2.0,108.2,0.1,0.1,,146.0,85.0,0.06,0.02,0.4,2.0,73.0,4.5_buah_dan_hasil_olahannya.json,e5b3258a94da83696dcfb6470c58ef049cffa76affd29d6e23ea22297e1936c9,2026-07-28T08:53:57.574Z,2026-07-28T08:53:57.574Z
746,8,ER064,"Manggis, segar","manggis segar",single,DABM-1964,83.0,63.0,0.6,0.6,15.6,1.5,0.2,8.0,12.0,0.8,10.0,61.9,0.1,0.1,,0.0,0.0,0.03,0.03,0.3,5.0,29.0,4.5_buah_dan_hasil_olahannya.json,17b3cc71b81f766bea5bcc5047c02881ba3acc2920c82e3dd48f0aaeb522747d,2026-07-28T08:53:57.574Z,2026-07-28T08:53:57.574Z
747,8,ER065,"Markisa, segar","markisa segar",single,KZGPI-1990,64.7,144.0,3.5,1.2,29.8,11.4,0.8,27.0,203.0,1.4,37.0,453.8,0.1,0.1,0.0,969.0,691.0,0.02,0.17,2.0,10.0,48.0,4.5_buah_dan_hasil_olahannya.json,5357ccaaba3ac36533f555d409264ea2c37f7c366a69a28df5ec09c6d5be8809,2026-07-28T08:53:57.574Z,2026-07-28T08:53:57.574Z
748,8,ER066,"Matoa, segar","matoa segar",single,KZGMI-2001,76.5,90.0,1.2,0.1,21.1,0.5,1.1,20.0,40.0,0.6,10.0,190.0,0.3,0.6,,2.0,,0.18,0.09,0.5,54.0,40.0,4.5_buah_dan_hasil_olahannya.json,8e9fb277827d154f92945819afdddbdc0d4fa60c9b72eea22a79d3a541db46f5,2026-07-28T08:53:57.574Z,2026-07-28T08:53:57.574Z
749,8,ER067,"Melon, segar","melon segar",single,BKP,90.8,37.0,0.6,0.4,7.8,1.0,0.5,12.0,14.0,0.4,27.0,167.0,0.3,0.1,,1.0,0.0,0.02,0.1,0.0,0.0,58.1,4.5_buah_dan_hasil_olahannya.json,8d34ff3ba72e5b8a04cb1b1aff3635a6ae90aec5a0c4e71d91d46c03963edc81,2026-07-28T08:53:57.574Z,2026-07-28T08:53:57.574Z
750,8,ER068,"Menteng, segar","menteng segar",single,DABM-1964,79.0,65.0,1.7,0.3,16.1,,2.9,13.0,20.0,0.8,,,,,,,0.0,0.0,,,,64.0,4.5_buah_dan_hasil_olahannya.json,196f793704262293aba28d0152f195f459b2e63b11b68bc2bb3ae72a90f3ecac,2026-07-28T08:53:57.574Z,2026-07-28T08:53:57.574Z
751,8,ER069,"Nanas palembang, segar","nanas palembang segar",single,KZGMI-2001,85.5,58.0,0.7,0.2,13.3,1.6,0.3,29.0,15.0,0.6,7.0,117.0,0.0,0.1,,17.0,,0.26,0.03,0.2,11.0,53.0,4.5_buah_dan_hasil_olahannya.json,5c9a7fc7ae298cd82853570d9bb4799f054e6465814a393dc00650d99592a70d,2026-07-28T08:53:57.575Z,2026-07-28T08:53:57.575Z
752,8,ER070,"Nanas, segar","nanas segar",single,KZGPI-1990,88.9,40.0,0.6,0.3,9.9,0.6,0.3,22.0,14.0,0.9,18.0,111.0,0.0,0.1,0.0,17.0,90.0,0.02,0.04,0.2,22.0,53.0,4.5_buah_dan_hasil_olahannya.json,1f593a51280e9c02a18e590d4264681560c99d928d679798d9641c5cb0deb15f,2026-07-28T08:53:57.575Z,2026-07-28T08:53:57.575Z
753,8,ER071,"Nangka masak pohon, segar","nangka masak pohon segar",single,DABM-1964,70.0,106.0,1.2,0.3,27.6,3.7,2.7,20.0,19.0,0.9,2.0,407.0,246.6,1.4,,149.0,330.0,0.07,0.1,1.0,7.0,28.0,4.5_buah_dan_hasil_olahannya.json,da042ea3f9fd5618259bf34156541511c773a95a94838485af5e7e5e30dab554,2026-07-28T08:53:57.575Z,2026-07-28T08:53:57.575Z
754,8,ER072,"Pala, daging, segar","pala daging segar",single,DABM-1964,88.1,42.0,0.3,0.2,10.9,0.5,0.5,32.0,24.0,1.5,,,,,,,29.0,,,,22.0,30.0,4.5_buah_dan_hasil_olahannya.json,88d7947045257747f74d955b990a7cd59e1e32d0356861ad8403b8c70921e553,2026-07-28T08:53:57.575Z,2026-07-28T08:53:57.575Z
755,8,ER073,"Pepaya, segar","pepaya segar",single,DABM-1964,86.7,46.0,0.5,12.0,12.2,1.6,0.6,23.0,12.0,1.7,4.0,221.0,0.0,0.3,,1038.0,365.0,0.04,0.06,0.4,78.0,75.0,4.5_buah_dan_hasil_olahannya.json,24fe9d6cd5371695e438004a096d3f08028d586633c32b6608c2e78c99db79da,2026-07-28T08:53:57.575Z,2026-07-28T08:53:57.575Z
756,8,ER074,"Pisang ambon, segar","pisang ambon segar",single,KZGMI-2001,72.9,108.0,1.0,0.8,24.3,1.9,1.0,20.0,30.0,0.2,10.0,0.0,0.2,0.2,,37.0,,0.05,0.11,0.1,9.0,75.0,4.5_buah_dan_hasil_olahannya.json,32c330df75faa9246d501e8b9ce689243381d444feae1f681b9c19bb9b370e9c,2026-07-28T08:53:57.575Z,2026-07-28T08:53:57.575Z
757,8,ER075,"Pisang angleng (pisang ampyang), segar","pisang angleng pisang ampyang segar",single,DABM-1964,80.3,68.0,1.3,0.2,17.2,0.8,1.0,10.0,26.0,0.6,23.0,215.7,0.0,0.0,,9.0,76.0,0.08,0.05,2.5,6.0,75.0,4.5_buah_dan_hasil_olahannya.json,7ceaef47e411efb1ddbe95de5a1019cf466f2e6b55ab5c63e932055841f0c794,2026-07-28T08:53:57.575Z,2026-07-28T08:53:57.575Z
758,8,ER076,"Pisang ayam, segar","pisang ayam segar",single,KZGMI-2001,71.2,120.0,1.1,0.2,26.8,4.1,0.7,20.0,61.0,0.4,6.0,392.0,0.1,0.3,,24.0,,0.1,0.02,1.0,26.0,75.0,4.5_buah_dan_hasil_olahannya.json,e1ec47f7eb57c23694265439e5e404b6e48958fdee17705f9798518fa1b658e3,2026-07-28T08:53:57.575Z,2026-07-28T08:53:57.575Z
759,8,ER077,"Pisang gapi, segar","pisang gapi segar",single,KZGMI-2001,66.3,131.0,1.6,0.1,31.1,11.7,1.0,58.0,40.0,0.3,6.0,392.0,0.1,0.3,,13.0,,0.18,0.02,0.3,13.0,75.0,4.5_buah_dan_hasil_olahannya.json,b1e03f8f9c15944c3585baba43d5a6db3250ac9f3e17cc48aa9fafc5daa61ad9,2026-07-28T08:53:57.575Z,2026-07-28T08:53:57.575Z
760,8,ER078,"Pisang goroho, segar","pisang goroho segar",single,KZGMI-2001,69.4,119.0,1.5,0.2,27.9,4.6,1.0,2.0,30.0,0.2,36.0,359.0,0.1,0.3,,11.0,,0.15,0.02,1.1,10.0,75.0,4.5_buah_dan_hasil_olahannya.json,b2e764db515fb0b2763c035e371f0c004b086a166879c1acd3a69b63a6ce880b,2026-07-28T08:53:57.575Z,2026-07-28T08:53:57.575Z
761,8,ER079,"Pisang hijau, segar","pisang hijau segar",single,KZGPI-1990,68.9,121.0,1.0,0.1,28.9,0.4,1.1,9.0,37.0,0.9,31.0,529.4,0.3,0.6,,48.0,1000.0,0.13,0.06,0.0,13.0,72.0,4.5_buah_dan_hasil_olahannya.json,cfe4a21db52686349232dc25f231275f1a91f6e9348ca091ade12d9a55ddbd6a,2026-07-28T08:53:57.575Z,2026-07-28T08:53:57.575Z
762,8,ER080,"Pisang kayu, segar","pisang kayu segar",single,KZGMI-2001,74.4,100.0,1.4,0.5,23.6,2.6,0.6,15.0,0.0,0.1,1.0,493.0,0.1,0.3,,3.0,,0.1,0.0,0.6,11.0,75.0,4.5_buah_dan_hasil_olahannya.json,23464d0d2ebc025fa3b18f54e45e88c4ae695978c6bbfde505f5b16d96763910,2026-07-28T08:53:57.575Z,2026-07-28T08:53:57.575Z
763,8,ER081,"Pisang kepok, segar","pisang kepok segar",single,KZGMI-2001,71.9,109.0,0.8,0.5,26.3,5.7,1.0,10.0,30.0,0.5,10.0,300.0,0.1,0.2,,0.0,,0.1,0.0,0.1,9.0,75.0,4.5_buah_dan_hasil_olahannya.json,9157bce462c622d6ffc906e14a8980ae559888e243c2da5d3ba939b7b0ca3e5f,2026-07-28T08:53:57.575Z,2026-07-28T08:53:57.575Z
764,8,ER082,"Pisang ketip, segar","pisang ketip segar",single,KZGMI-2001,63.4,145.0,1.1,0.3,34.5,6.6,0.7,5.0,54.0,0.1,4.0,726.0,0.2,0.5,,3.0,,0.13,0.02,0.8,95.0,75.0,4.5_buah_dan_hasil_olahannya.json,bc7f6ea05a7bc1a2750cc1cbe3d5f67b03750c337518f03f294f9554575b26f2,2026-07-28T08:53:57.575Z,2026-07-28T08:53:57.575Z
765,8,ER083,"Pisang kidang, segar","pisang kidang segar",single,KZGPI-1990,75.4,96.0,1.0,0.2,22.5,0.6,0.9,87.0,173.0,0.6,6.0,418.8,0.2,0.5,,38.0,58.0,0.04,0.1,0.9,2.0,70.0,4.5_buah_dan_hasil_olahannya.json,e67893177019c4bf2f759196c1f7b2d7aa5e92db896ae589d2f9d8e5cbad2bb4,2026-07-28T08:53:57.575Z,2026-07-28T08:53:57.575Z
766,8,ER084,"Pisang lampung, segar","pisang lampung segar",single,DABM-1964,72.1,99.0,1.3,0.2,25.6,4.3,0.8,10.0,19.0,0.9,28.0,475.0,0.3,0.5,,43.0,618.0,0.07,0.12,1.0,4.0,75.0,4.5_buah_dan_hasil_olahannya.json,8758df64a188bf6f0d3af76c7add4a88e61ef298e658aa1900d6ac74db273d79,2026-07-28T08:53:57.575Z,2026-07-28T08:53:57.575Z
767,8,ER085,"Pisang mas bali ampenan, segar","pisang mas bali ampenan segar",single,KZGMI-2001,76.8,92.0,1.4,0.2,21.0,3.7,0.5,7.0,29.0,1.2,32.0,272.0,0.2,0.4,,14.0,,0.09,0.03,0.6,11.0,75.0,4.5_buah_dan_hasil_olahannya.json,9db0d84790df641bc5a296fa26043e60ddc421e7a26ce73f314ad6ddfeebc07d,2026-07-28T08:53:57.575Z,2026-07-28T08:53:57.575Z
768,8,ER086,"Pisang mas bali kopang, segar","pisang mas bali kopang segar",single,KZGMI-2001,64.2,127.0,1.4,0.2,31.8,3.7,2.4,10.0,0.0,0.1,43.0,616.0,0.1,0.4,,21.0,,0.21,0.05,0.9,17.0,75.0,4.5_buah_dan_hasil_olahannya.json,b9cfc4703b706d3733a4ea0adae30c54ac40fc2ce277562c41eab7c819aa4df5,2026-07-28T08:53:57.575Z,2026-07-28T08:53:57.575Z
769,8,ER087,"Pisang mas, segar","pisang mas segar",single,DABM-1964,64.2,127.0,1.4,0.2,33.6,1.4,0.6,7.0,25.0,0.8,42.0,392.0,195.8,0.5,,17.0,79.0,0.09,0.08,4.5,2.0,85.0,4.5_buah_dan_hasil_olahannya.json,6268b55c31b1e56732d077dc27c228f85b69c42aaab78b65edb383783c8989d8,2026-07-28T08:53:57.575Z,2026-07-28T08:53:57.575Z
770,8,ER088,"Pisang raja sereh, segar","pisang raja sereh segar",single,KZGPI-1990,69.3,108.0,1.3,0.3,28.2,0.7,1.0,16.0,38.0,0.1,31.0,522.6,0.3,0.6,,48.0,480.0,0.02,0.08,1.1,2.0,86.0,4.5_buah_dan_hasil_olahannya.json,9eaae5b7044343b5d8082d1160ddd205a20043d9031f45baa4a7d18679fce3a2,2026-07-28T08:53:57.575Z,2026-07-28T08:53:57.575Z
771,8,ER089,"Pisang raja, segar","pisang raja segar",single,DABM-1964,65.8,120.0,1.2,0.2,31.8,5.3,1.0,10.0,22.0,0.8,35.0,582.2,0.3,0.7,,53.0,950.0,0.06,0.14,1.2,10.0,70.0,4.5_buah_dan_hasil_olahannya.json,f3ac2ee8854642d1e1b94b14a11c70b56f335dd0a83d9131e938790757adfa4f,2026-07-28T08:53:57.575Z,2026-07-28T08:53:57.575Z
772,8,ER090,"Pisang rotan, segar","pisang rotan segar",single,KZGPI-1990,76.1,98.0,1.3,1.2,20.5,1.0,0.9,17.0,51.0,1.1,24.0,406.9,0.2,0.5,,37.0,697.0,0.01,0.1,0.9,2.0,56.0,4.5_buah_dan_hasil_olahannya.json,2c189e9a56558ce98baa7e050b8fadfe386beb315237fc3d80840816d28a27c3,2026-07-28T08:53:57.575Z,2026-07-28T08:53:57.575Z
773,8,ER091,"Pisang talas, segar","pisang talas segar",single,KZGMI-2001,71.0,113.0,1.2,0.2,26.7,4.4,0.9,22.0,22.0,0.6,29.0,48.0,0.3,0.1,,159.0,,0.12,0.03,1.0,9.0,75.0,4.5_buah_dan_hasil_olahannya.json,bdb16d81ca06b9a99bc76ff62b9ef13527776ac2fd5f7eb423ca22dc288cfbe2,2026-07-28T08:53:57.575Z,2026-07-28T08:53:57.575Z
774,8,ER092,"Pisang tujuh bulan","pisang tujuh bulan",single,KZGMI-2001,75.9,94.0,0.6,0.2,22.5,3.7,0.8,50.0,20.0,0.2,0.0,4.0,0.1,0.4,0.0,72.0,,0.03,0.03,0.3,6.0,75.0,4.5_buah_dan_hasil_olahannya.json,c80705886111ebae10a133a1ee2f892ba6ade202332069c832a9e67e511554ec,2026-07-28T08:53:57.575Z,2026-07-28T08:53:57.575Z
775,8,ER093,"Pisang ua, segar","pisang ua segar",single,KZGMI-2001,67.8,128.0,0.8,0.5,30.2,8.1,0.7,12.0,28.0,0.7,33.0,382.0,0.2,0.3,,5.0,,0.09,0.01,1.2,4.0,75.0,4.5_buah_dan_hasil_olahannya.json,e1319c758875ad4f560b17e9d13cfc96e2debf8b5155956af640324ec582c505,2026-07-28T08:53:57.575Z,2026-07-28T08:53:57.575Z
776,8,ER094,"Pisang uli, segar","pisang uli segar",single,KZGPI-1990,61.8,134.0,1.1,0.5,35.5,1.4,1.1,31.0,53.0,0.9,39.0,650.3,0.3,0.7,,59.0,113.0,0.11,0.16,1.4,3.0,77.0,4.5_buah_dan_hasil_olahannya.json,a4238c6b4d77c2c6c47125ee71bd410f24c490e3820b1f39351c7eeed4634a72,2026-07-28T08:53:57.575Z,2026-07-28T08:53:57.575Z
777,8,ER095,"Purut, segar","purut segar",single,KZGPI-1990,81.1,76.0,4.1,1.1,15.2,1.7,1.4,30.0,76.0,0.6,10.0,285.2,,,,27.0,93.0,0.01,0.11,0.0,0.0,34.0,4.5_buah_dan_hasil_olahannya.json,77b4236db0b77638c45098fc2aec3c1733c200dbfd700538323ee8d4a45281db,2026-07-28T08:53:57.575Z,2026-07-28T08:53:57.575Z
778,8,ER096,"Rambutan binjai, segar","rambutan binjai segar",single,KZGMI-2001,81.0,76.0,0.5,0.2,18.0,3.8,0.3,15.0,22.0,1.2,22.0,120.0,0.2,0.2,,0.0,,0.19,0.01,0.4,13.0,40.0,4.5_buah_dan_hasil_olahannya.json,377b3c5a646667b31e71d5b0b3fbf1a7107172622829b6057d800295ca1de2bf,2026-07-28T08:53:57.575Z,2026-07-28T08:53:57.575Z
779,8,ER097,"Rambutan, segar","rambutan segar",single,DABM-1964,80.5,69.0,0.9,0.1,18.1,0.8,0.4,16.0,16.0,0.5,16.0,104.2,0.2,0.1,,0.0,0.0,0.0,0.07,0.5,58.0,40.0,4.5_buah_dan_hasil_olahannya.json,90008e99a964514061a854f2fc2b4d055e2cb76f775d9e91f9044cd987dfd263,2026-07-28T08:53:57.575Z,2026-07-28T08:53:57.575Z
780,8,ER098,"Salak bali, segar","salak bali segar",single,KZGPI-1990,85.1,57.0,0.5,0.1,13.6,1.3,0.7,94.0,25.0,2.1,,,0.1,0.2,0.0,3.0,37.0,0.0,,,0.0,93.0,4.5_buah_dan_hasil_olahannya.json,f77e2ce939c866a5e67b70921e1c3a4bd27b2ebdd32f544ef425eb9988bde47a,2026-07-28T08:53:57.575Z,2026-07-28T08:53:57.575Z
781,8,ER099,"Salak medan, segar","salak medan segar",single,KZGMI-2001,78.1,55.0,0.4,0.2,12.8,3.2,8.5,6.0,46.0,0.5,39.0,113.0,0.2,0.3,0.0,4.0,,0.04,0.03,,58.0,93.0,4.5_buah_dan_hasil_olahannya.json,1cc5eae2c4c8bdba0f10c90629a76311d95313ac7aa15624d03f0260dd879331,2026-07-28T08:53:57.575Z,2026-07-28T08:53:57.575Z
782,8,ER100,"Salak pondoh, segar","salak pondoh segar",single,KZGPI-1990,77.9,87.0,0.8,0.4,20.1,0.0,0.8,38.0,31.0,3.9,,,0.1,0.2,0.0,,40.0,0.0,0.12,0.1,8.0,59.0,4.5_buah_dan_hasil_olahannya.json,ccdb1aa4d2a173038c8717cbeb31c590023c2eadc0e50ceb8f5335b01d5abf71,2026-07-28T08:53:57.575Z,2026-07-28T08:53:57.575Z
783,8,ER101,"Salak, segar","salak segar",single,DABM-1964,78.0,77.0,0.4,,20.9,,0.7,28.0,18.0,4.2,,,0.1,0.2,,4.0,0.0,0.04,,,2.0,93.0,4.5_buah_dan_hasil_olahannya.json,bb9b2272108ee8ffc331ae89df3396429d4a02beb1a16225acdaa7344ff2c51c,2026-07-28T08:53:57.575Z,2026-07-28T08:53:57.575Z
784,8,ER102,"Sawo duren, segar","sawo duren segar",single,KZGPI-1990,87.3,64.0,1.0,3.1,8.0,0.8,0.6,18.0,45.0,0.8,13.0,111.4,0.0,0.1,0.0,0.0,0.0,0.01,0.02,0.1,1.0,64.0,4.5_buah_dan_hasil_olahannya.json,e4000269106acdc559cf9f3628d3c7257fcdd20d3bff5d443976c2b1ac95409c,2026-07-28T08:53:57.575Z,2026-07-28T08:53:57.575Z
785,8,ER103,"Sawo kecik, segar","sawo kecik segar",single,KZGPI-1990,73.8,111.0,0.9,2.3,21.6,1.0,1.4,20.0,185.0,0.7,28.0,117.8,0.0,0.1,0.0,119.0,12.0,0.0,0.04,1.5,19.0,83.0,4.5_buah_dan_hasil_olahannya.json,9ebb9989e151208ddf6b846ac129a438993b73f847ac11b23b871f0beb5db21b,2026-07-28T08:53:57.575Z,2026-07-28T08:53:57.575Z
786,8,ER104,"Sawo Manila, segar","sawo manila segar",single,DABM-1964,75.5,92.0,0.5,1.1,22.4,9.5,0.5,25.0,12.0,1.0,26.0,110.2,0.0,0.1,0.0,111.0,60.0,0.01,0.04,1.4,21.0,79.0,4.5_buah_dan_hasil_olahannya.json,4ecfabe1b6aeae41efbff54402083eb9963beb1bda8c2404d380d8cf9bcfd3cf,2026-07-28T08:53:57.575Z,2026-07-28T08:53:57.575Z
787,8,ER105,"Semangka, segar","semangka segar",single,DABM-1964,92.1,28.0,0.5,0.2,6.9,0.4,0.3,7.0,12.0,0.2,7.0,93.8,0.0,0.1,,315.0,590.0,0.05,0.05,0.3,6.0,46.0,4.5_buah_dan_hasil_olahannya.json,986552ae5fb6fc474dc4eab12e954a2bfd1b9754d02053ee8c0238e55fed319f,2026-07-28T08:53:57.575Z,2026-07-28T08:53:57.575Z
788,8,ER106,"Sirsak, segar","sirsak segar",single,DABM-1964,81.7,65.0,1.0,0.3,16.3,3.2,0.7,14.0,27.0,0.6,2.0,298.9,0.1,1.0,,8.0,10.0,0.07,0.08,0.7,20.0,68.0,4.5_buah_dan_hasil_olahannya.json,1e99e2eadf0f62568c0c458b1ed42edb9bab687177dc37ffecca78aaebf3d8f1,2026-07-28T08:53:57.575Z,2026-07-28T08:53:57.575Z
789,8,ER107,"Sowa, segar","sowa segar",single,KZGMI-2001,87.7,48.0,1.6,0.6,9.1,45.0,10.0,50.0,40.0,0.3,9.0,0.0,0.1,1.5,0.0,364.0,,0.15,0.23,0.2,4.0,,4.5_buah_dan_hasil_olahannya.json,5a252a05eb14c03b0efeb1f740f2a7c6690578aa607f3f22a632a6b6ae5990f1,2026-07-28T08:53:57.575Z,2026-07-28T08:53:57.575Z
790,8,ER108,"Srikaya, segar","srikaya segar",single,KZGPI-1990,83.4,63.0,1.1,0.5,13.9,2.1,1.1,127.0,30.0,2.7,,,,,0.0,,31.0,0.08,,,28.0,48.0,4.5_buah_dan_hasil_olahannya.json,3da3deb282fdbcd721ab5b86ebf4f78d4593b2d284ea52b894349017b7ee1c27,2026-07-28T08:53:57.575Z,2026-07-28T08:53:57.575Z
791,8,ER109,"Sukun muda, segar","sukun muda segar",single,KZGPI-1990,69.4,119.0,1.4,0.2,28.1,1.4,1.0,24.0,44.0,1.4,24.0,414.4,0.1,0.1,,28.0,4896.0,0.17,0.17,3.7,52.0,84.0,4.5_buah_dan_hasil_olahannya.json,fa502aad1afde2f4051a68870f36c8687d2d13bcee6e00c0666908f2c5709eb5,2026-07-28T08:53:57.575Z,2026-07-28T08:53:57.575Z
792,8,ER110,"Sukun tua, segar","sukun tua segar",single,KZGPI-1990,67.8,126.0,1.6,0.2,24.5,1.5,1.0,37.0,47.0,1.6,25.0,436.0,0.1,0.1,,30.0,2000.0,0.18,0.17,3.9,58.0,88.0,4.5_buah_dan_hasil_olahannya.json,d1b9598833aee0efc965a04948ab170209021e4cab3bad6db0001b292f9cb4b2,2026-07-28T08:53:57.575Z,2026-07-28T08:53:57.575Z
793,8,ER111,"Vigus, segar","vigus segar",single,KZGMI-2001,88.0,44.0,2.4,0.1,8.3,,1.2,30.0,20.0,0.3,2.0,180.0,0.1,0.2,,,,0.26,0.01,,43.0,,4.5_buah_dan_hasil_olahannya.json,68a6eb1c9d50150b3c9edd7819bc20129f8281da0436eed4a1cca85385bfe854,2026-07-28T08:53:57.575Z,2026-07-28T08:53:57.575Z
794,8,ER112,"Wani, segar","wani segar",single,KZGPI-1990,81.2,74.0,0.8,0.3,17.1,3.1,0.6,66.0,29.0,1.2,,,,,,,32.0,0.08,,,80.0,77.0,4.5_buah_dan_hasil_olahannya.json,d5dfd12fc3732ab8227aa84df4ffe1a30419076b4a20bf787a863ca1e20ca5df,2026-07-28T08:53:57.575Z,2026-07-28T08:53:57.575Z
795,8,EP001,Barongko,barongko,processed_composite,KZGMI-2001,66.7,159.0,3.1,5.8,23.5,,0.7,35.0,65.0,1.2,46.0,78.0,0.3,0.6,,,,,,,,100.0,4.5_buah_dan_hasil_olahannya.json,ff91383f1613ba4ede2ce91103a6ce58b95d5068f1afd12efb7e490528591b28,2026-07-28T08:53:57.575Z,2026-07-28T08:53:57.575Z
796,8,EP002,"Dodol nanas","dodol nanas",processed_composite,KZGMI-2001,16.1,338.0,1.5,1.2,80.3,,0.9,,,,,,,,,,,0.3,,,8.0,100.0,4.5_buah_dan_hasil_olahannya.json,b38e76c34fd2f69105163becd580c0b73dbf7cf45e94cc2d8cd3d9ec00c87ea9,2026-07-28T08:53:57.575Z,2026-07-28T08:53:57.575Z
797,8,EP003,"Getuk pisang","getuk pisang",processed_composite,KZGPI-1990,63.7,144.0,1.1,0.4,34.1,0.4,0.7,48.0,32.0,1.0,,,,,,,1240.0,0.55,,,0.0,100.0,4.5_buah_dan_hasil_olahannya.json,4fd4412122a9d6054a65c65ddbf54046081cf3b4f82e1ee98992a50e70b0a617,2026-07-28T08:53:57.575Z,2026-07-28T08:53:57.575Z
798,8,EP004,"Keripik lampung","keripik lampung",processed_composite,KZGPI-1990,5.0,485.0,1.7,22.2,69.7,0.6,1.5,43.0,65.0,0.8,,,,,,,1464.0,0.34,,,0.0,100.0,4.5_buah_dan_hasil_olahannya.json,acffd4f2de10a24f05d9fe3cb1b0fd67a6551231248a521a4886cd1b416c87d5,2026-07-28T08:53:57.575Z,2026-07-28T08:53:57.575Z
799,8,EP005,"Ledre pisang","ledre pisang",processed_composite,KZGPI-1990,3.6,405.0,4.8,5.1,84.9,0.4,1.6,59.0,124.0,2.6,,,,,,4.0,7330.0,0.41,,,0.0,100.0,4.5_buah_dan_hasil_olahannya.json,769084a45e197db66072eb93df7059fa14622ff6593fa980d0aa291c8d3d60a3,2026-07-28T08:53:57.575Z,2026-07-28T08:53:57.575Z
800,8,EP006,"Lempog durian","lempog durian",processed_composite,KZGPI-1990,25.2,320.0,3.5,5.7,63.7,4.9,1.9,190.0,93.0,2.5,,,,,,,,0.05,0.04,,,100.0,4.5_buah_dan_hasil_olahannya.json,777625eac392a29e1b1b21ff39fcf1949d24e50213504ba322c15d6afc90968b,2026-07-28T08:53:57.575Z,2026-07-28T08:53:57.575Z
801,8,EP007,"Loka anjoro","loka anjoro",processed_composite,KZGMI-2001,63.3,163.0,1.1,4.3,30.0,,1.3,,,,,,,,,,,,,,,100.0,4.5_buah_dan_hasil_olahannya.json,e3e5bae1921533338edeb92eb24196a04cb2004302196e854007b6ebefd0d988,2026-07-28T08:53:57.575Z,2026-07-28T08:53:57.575Z
802,8,EP008,"Rica-rica taipa","rica rica taipa",processed_composite,KZGMI-2001,86.7,49.0,1.6,0.3,10.0,,1.4,11.0,48.0,3.0,426.0,42.0,0.5,0.5,,13.0,,0.18,,,15.0,100.0,4.5_buah_dan_hasil_olahannya.json,9e38b77ff99b866676f84ddcbf194a1975f03fbf40501dcf9ca7cf1ba666156b,2026-07-28T08:53:57.575Z,2026-07-28T08:53:57.575Z
803,8,EP009,"Rujak aceh","rujak aceh",processed_composite,KZGMI-2001,78.7,82.0,0.4,0.3,19.7,2.4,0.9,,,,,,,,,10.0,,0.22,0.03,,42.0,100.0,4.5_buah_dan_hasil_olahannya.json,3ac620d16cea8e37196d9625ce396af06c0dca35cc71580eb5d9fa53401adc89,2026-07-28T08:53:57.575Z,2026-07-28T08:53:57.575Z
804,8,EP010,"Sale kesemek","sale kesemek",processed_composite,KZGMI-2001,25.0,296.0,1.1,0.6,71.4,,1.8,,,,,,,,,,,,,,3.0,100.0,4.5_buah_dan_hasil_olahannya.json,5731eb726eb1ddb297a287e2fccd116d909a8fe835e25d40d5a11e39baa4e5ec,2026-07-28T08:53:57.575Z,2026-07-28T08:53:57.575Z
805,8,EP011,"Sale pisang siam","sale pisang siam",processed_composite,KZGPI-1990,28.9,281.0,2.4,0.7,66.1,1.0,2.0,41.0,64.0,1.2,,,,,,,272.0,0.1,,,0.0,100.0,4.5_buah_dan_hasil_olahannya.json,814cc7700c4c76e6172c62e18db78e6f051da2f9fb5fe8e16e068796450f5a1d,2026-07-28T08:53:57.575Z,2026-07-28T08:53:57.575Z
806,8,EP012,"Sale pisang, cilacap","sale pisang cilacap",processed_composite,KZGPI-1990,27.1,295.0,2.3,2.1,66.9,1.3,1.7,47.0,97.0,2.8,,,,,,,296.0,0.14,,,,100.0,4.5_buah_dan_hasil_olahannya.json,2ab7bea8b4cbb05c8fd925f2c522f3fedae02224d0e35db0f32e5e1b97c3626c,2026-07-28T08:53:57.575Z,2026-07-28T08:53:57.575Z
807,8,EP013,"Sanggara belanda","sanggara belanda",processed_composite,KZGMI-2001,47.1,242.0,6.4,7.1,38.2,,1.2,,,,,,,,,,,,,,,100.0,4.5_buah_dan_hasil_olahannya.json,e1ff74f9999414ccb5fc9937471892f0ef35565b16396f155caa70033940f4fc,2026-07-28T08:53:57.575Z,2026-07-28T08:53:57.575Z
808,8,EP014,"Tepung Pisang","tepung pisang",processed_composite,BKP,13.8,338.0,2.9,0.4,80.6,5.3,2.1,23.0,62.0,4.0,18.0,734.0,0.1,0.5,,13.0,1.0,0.02,0.02,1.0,2.0,100.0,4.5_buah_dan_hasil_olahannya.json,cfc2e4aacf6eb54c7f910041bf840d40a5bb84cd53d86dec67fe9a19b83549fd,2026-07-28T08:53:57.575Z,2026-07-28T08:53:57.575Z
809,8,EP015,"Tepung Sukun","tepung sukun",processed_composite,BKP,10.1,353.0,2.9,0.5,84.4,3.7,2.1,100.0,85.0,4.6,9.0,2008.0,0.1,0.6,,0.0,0.0,0.4,0.02,0.1,3.0,100.0,4.5_buah_dan_hasil_olahannya.json,a2fbc7146217be2867628a5a6d9432e08341b7effb9df70be791d7aa3f4e4ed7,2026-07-28T08:53:57.575Z,2026-07-28T08:53:57.575Z
810,9,FR001,"Anak sapi, daging, gemuk, segar","anak sapi daging gemuk segar",single,DABM-1964,62.0,184.0,18.8,14.0,0.0,0.0,5.2,10.0,200.0,2.2,118.0,490.1,0.17,3.3,12.0,37.0,,0.13,0.17,7.0,,100.0,4.6_daging_unggas_dan_hasil_olahannya.json,995941db56ecfd0fad6f04c5cead873040722afa5e1d83169410718e7829dcb7,2026-07-28T08:53:57.576Z,2026-07-28T08:53:57.576Z
811,9,FR002,"Anak sapi, daging, kurus, segar","anak sapi daging kurus segar",single,DABM-1964,69.0,174.0,19.6,10.0,0.0,0.0,1.4,11.0,201.0,2.9,96.0,399.8,0.14,2.7,6.0,30.0,,0.08,0.14,5.7,0.0,100.0,4.6_daging_unggas_dan_hasil_olahannya.json,9916b3a531ca40abf2ab1fb31bf86c21af79501dce570ed5e64f9419bcbebfad,2026-07-28T08:53:57.576Z,2026-07-28T08:53:57.576Z
812,9,FR003,"Anak sapi, daging, sedang, segar","anak sapi daging sedang segar",single,DABM-1964,68.0,190.0,19.1,12.0,0.0,0.0,0.9,11.0,193.0,2.9,99.0,412.7,0.14,2.8,12.0,83.0,,0.14,0.15,5.9,0.0,100.0,4.6_daging_unggas_dan_hasil_olahannya.json,ef20090a8eefc8f0d7d1faed62d4e61ca854df1b195b2040335821b65639158b,2026-07-28T08:53:57.576Z,2026-07-28T08:53:57.576Z
813,9,FR004,"Angsa, daging, segar","angsa daging segar",single,DABM-1964,51.1,349.0,16.4,31.5,0.0,0.0,1.0,15.0,188.0,1.8,71.0,299.2,0.26,1.7,273.0,0.0,,0.1,0.24,7.11,0.0,60.0,4.6_daging_unggas_dan_hasil_olahannya.json,2bd93678d1d62705536e5359c04a6696f2c76727e872d2e719e94bdb3c22948a,2026-07-28T08:53:57.576Z,2026-07-28T08:53:57.576Z
814,9,FR005,"Ayam, daging, segar","ayam daging segar",single,DABM-1964,55.9,298.0,18.2,25.0,0.0,0.0,0.9,14.0,200.0,1.5,109.0,385.9,0.11,0.6,245.0,0.0,,0.08,0.14,10.4,0.0,58.0,4.6_daging_unggas_dan_hasil_olahannya.json,9b5e47e444bbcc98022b38fc3a31fcfad9836deb7f624a889d647c454f3334e6,2026-07-28T08:53:57.576Z,2026-07-28T08:53:57.576Z
815,9,FR006,"Ayam, dideh/darah, segar","ayam dideh darah segar",single,DABM-1964,82.0,75.0,13.8,1.9,0.7,0.0,1.6,15.0,9.0,1.3,337.0,234.0,,,15.0,,,0.02,,0.6,0.0,100.0,4.6_daging_unggas_dan_hasil_olahannya.json,036e39de6e1fe95a2831352a74a82b254d1a2451218bddaaa5adce9f7208e3bd,2026-07-28T08:53:57.576Z,2026-07-28T08:53:57.576Z
816,9,FR007,"Ayam, hati, segar","ayam hati segar",single,KZGMS-1993,53.4,261.0,27.4,16.1,1.6,0.0,1.5,118.0,373.0,15.8,1068.0,22.9,0.84,0.0,4957.0,169.0,28000.0,0.64,4.38,4.11,0.0,100.0,4.6_daging_unggas_dan_hasil_olahannya.json,2cb4458b72dfdd32e0c3a7760be3598345529542f1331f43d94f750738910375,2026-07-28T08:53:57.576Z,2026-07-28T08:53:57.576Z
817,9,FR008,"Babi, daging, gemuk,segar","babi daging gemuk segar",single,DABM-1964,42.0,453.0,11.9,45.0,0.0,0.0,1.1,7.0,117.0,1.8,112.0,819.3,0.22,0.4,0.0,0.0,,0.58,0.59,5.9,0.0,100.0,4.6_daging_unggas_dan_hasil_olahannya.json,8deb2cd85b1224ba5f5a32fcdb73381512477aa2e630cc78edfee296e00bc5e9,2026-07-28T08:53:57.576Z,2026-07-28T08:53:57.576Z
818,9,FR009,"Babi, daging, kurus, segar","babi daging kurus segar",single,DABM-1964,50.0,371.0,14.1,35.0,0.0,0.0,0.9,8.0,151.0,2.1,97.0,706.3,0.19,0.4,0.0,0.0,,0.67,0.33,5.4,0.0,100.0,4.6_daging_unggas_dan_hasil_olahannya.json,59a9f3c9dae81b7c72f74b8ca2f5ffab958cbf66188523743b425ed8d51301f4,2026-07-28T08:53:57.576Z,2026-07-28T08:53:57.576Z
819,9,FR010,"Babi, ginjal, segar","babi ginjal segar",single,DABM-1964,77.1,110.0,16.3,4.6,0.8,0.0,1.2,11.0,246.0,8.0,139.0,390.0,0.71,3.2,39.0,10.0,,0.58,1.59,9.1,13.0,100.0,4.6_daging_unggas_dan_hasil_olahannya.json,ef075889499eab91cf1abbc612738bf1731ba3240cdf21396dbce4c49e65d8c4,2026-07-28T08:53:57.576Z,2026-07-28T08:53:57.576Z
820,9,FR011,"Babi, hati, segar","babi hati segar",single,DABM-1964,72.3,129.0,19.7,4.8,1.7,0.0,1.5,10.0,362.0,18.0,110.0,447.0,0.58,0.1,4303.0,6.0,,0.4,1.16,5.7,23.0,100.0,4.6_daging_unggas_dan_hasil_olahannya.json,b58cd889757479042fa02d973060f83a2244fda38737bbf1ad0f163a9db91ba7,2026-07-28T08:53:57.576Z,2026-07-28T08:53:57.576Z
821,9,FR012,"Bebek (itik), daging, segar","bebek itik daging segar",single,DABM-1964,54.3,321.0,16.0,28.6,0.0,0.0,1.1,15.0,188.0,1.8,54.0,199.0,0.21,1.2,273.0,0.0,,0.1,0.28,4.3,0.0,60.0,4.6_daging_unggas_dan_hasil_olahannya.json,37e48ebefe7dc0dad9dd1f9a061285764b7f300ab95b98979b87413f049c9018,2026-07-28T08:53:57.576Z,2026-07-28T08:53:57.576Z
822,9,FR013,"Bebek alabio, daging, segar","bebek alabio daging segar",single,KZGMI-2001,57.0,303.0,11.3,27.0,3.7,0.0,1.0,20.0,293.0,4.8,50.0,260.0,0.7,2.0,,0.0,,0.36,0.04,4.1,,100.0,4.6_daging_unggas_dan_hasil_olahannya.json,529da90d5598d6fcc974654fdc038bc1e36d9bdb0e4cf65db3662602c2ae247a,2026-07-28T08:53:57.576Z,2026-07-28T08:53:57.576Z
823,9,FR014,"Belibis, daging, segar","belibis daging segar",single,KZGMI-2001,71.3,131.0,20.2,4.3,2.8,0.0,1.4,8.0,192.0,9.6,46.0,104.0,1.2,1.6,,0.0,,0.37,0.08,2.7,,100.0,4.6_daging_unggas_dan_hasil_olahannya.json,ca3f485ed83b4f90f90f2adbcad3204e525a83b334e927be10d76f26afcfe3f6,2026-07-28T08:53:57.576Z,2026-07-28T08:53:57.576Z
824,9,FR015,"Burung, sarang, segar","burung sarang segar",single,DABM-1964,24.8,281.0,37.5,0.3,32.1,,5.3,485.0,18.0,3.0,,,,,0.0,,,,,,0.0,100.0,4.6_daging_unggas_dan_hasil_olahannya.json,2ab60114565b618699acccb0089cf42b15a05bcea8a4fe44a8da270dce798c43,2026-07-28T08:53:57.576Z,2026-07-28T08:53:57.576Z
825,9,FR016,"Domba, daging, gemuk, segar","domba daging gemuk segar",single,DABM-1964,55.8,317.0,15.7,27.7,0.0,0.0,0.8,9.0,157.0,2.4,64.0,242.1,0.11,3.7,0.0,0.0,,0.14,0.23,6.5,0.0,100.0,4.6_daging_unggas_dan_hasil_olahannya.json,e9622fbf089ab9ba56bffc6bf6eb717b9f91d36ca2446b2e211523735a53512d,2026-07-28T08:53:57.576Z,2026-07-28T08:53:57.576Z
826,9,FR017,"Domba, daging, kurus, segar","domba daging kurus segar",single,DABM-1964,66.3,202.0,17.1,14.8,0.0,0.0,1.8,10.0,191.0,2.6,90.0,355.0,0.08,2.8,0.0,0.0,,0.15,0.26,5.7,0.0,100.0,4.6_daging_unggas_dan_hasil_olahannya.json,9973419e1dfdae73a0b52b6b5a8254e426e5d2cbce5046e96efbbb5f62708223,2026-07-28T08:53:57.576Z,2026-07-28T08:53:57.576Z
827,9,FR018,"Domba, ginjal, segar","domba ginjal segar",single,DABM-1964,77.8,100.0,16.6,3.3,1.0,0.0,1.3,13.0,237.0,9.2,155.0,276.0,0.48,2.4,348.0,515.0,,0.51,2.35,7.5,13.0,100.0,4.6_daging_unggas_dan_hasil_olahannya.json,1d2ed6c5a1c0f50a627494b824c95cb23dab26ac8eee6920e717c12ce586615a,2026-07-28T08:53:57.576Z,2026-07-28T08:53:57.576Z
828,9,FR019,"Kambing, daging, segar","kambing daging segar",single,DABM-1964,70.3,149.0,16.6,9.2,0.0,0.0,3.9,11.0,124.0,1.0,96.0,268.7,0.31,4.9,0.0,0.0,,0.09,0.23,5.0,0.0,100.0,4.6_daging_unggas_dan_hasil_olahannya.json,4ea210f245df2deb72cc72ba9e3c3cb95a6997298765c5dfa6c26251e8b1eabc,2026-07-28T08:53:57.576Z,2026-07-28T08:53:57.576Z
829,9,FR020,"Kelinci, daging, segar","kelinci daging segar",single,FCTEA-1972,74.3,142.0,16.9,7.8,0.0,0.0,1.0,7.0,350.0,1.0,49.0,371.1,,,0.0,0.0,0.0,0.11,0.11,6.8,,100.0,4.6_daging_unggas_dan_hasil_olahannya.json,823530d56b2f7784268ba4f12b5e57ff51f1032bc5c006a97d64093f5cb6837d,2026-07-28T08:53:57.576Z,2026-07-28T08:53:57.576Z
830,9,FR021,"Kerbau, daging, segar","kerbau daging segar",single,DABM-1964,80.0,79.0,18.7,0.5,0.0,0.0,0.8,14.0,221.0,3.3,91.0,273.0,0.13,1.6,,,,0.06,0.17,5.0,0.0,100.0,4.6_daging_unggas_dan_hasil_olahannya.json,82710a4766ba40fbfbf16bdd3e17d04fa639da924e43e99ee6199602577190e2,2026-07-28T08:53:57.576Z,2026-07-28T08:53:57.576Z
831,9,FR022,"Kuda, daging, segar","kuda daging segar",single,DABM-1964,76.0,113.0,18.1,4.1,0.9,0.0,0.9,10.0,150.0,2.7,46.0,315.7,0.13,2.5,0.0,,,0.07,0.07,3.0,0.0,100.0,4.6_daging_unggas_dan_hasil_olahannya.json,fadb9f8f91e8c260d106cfe64c74360687751cfea49e1d8b5785af7be722234e,2026-07-28T08:53:57.576Z,2026-07-28T08:53:57.576Z
832,9,FR023,"Sapi, babat, segar","sapi babat segar",single,DABM-1964,76.7,108.0,17.6,4.2,0.0,0.0,1.5,12.0,144.0,1.0,147.0,101.4,0.11,2.2,0.0,49.0,,0.15,0.17,1.7,0.0,100.0,4.6_daging_unggas_dan_hasil_olahannya.json,fb6cc2b318f24d4cd8f48607bbf13b5dc10a7cfcc4e215f25967199655374785,2026-07-28T08:53:57.576Z,2026-07-28T08:53:57.576Z
833,9,FR024,"Sapi, daging, gemuk, segar","sapi daging gemuk segar",single,DABM-1964,60.0,273.0,17.5,22.0,0.0,0.0,0.5,10.0,150.0,2.6,93.0,267.0,0.17,6.4,12.0,0.0,,0.08,0.18,7.3,0.0,100.0,4.6_daging_unggas_dan_hasil_olahannya.json,b4f80beab5a53da55115725454589838fede4dfd92a9d0496db39cb0192043ce,2026-07-28T08:53:57.576Z,2026-07-28T08:53:57.576Z
834,9,FR025,"Sapi, daging, kurus, segar","sapi daging kurus segar",single,DABM-1964,69.0,174.0,19.6,10.0,0.0,0.0,1.4,11.0,181.0,2.9,83.0,489.0,0.07,4.9,6.0,181.0,,0.07,0.51,1.2,0.0,100.0,4.6_daging_unggas_dan_hasil_olahannya.json,6f6fa1ed3f5c149f670946a657a6fa741c81189e5c2f8ce5e8eab58e34c3b1dc,2026-07-28T08:53:57.576Z,2026-07-28T08:53:57.576Z
835,9,FR026,"Sapi, daging, lemak sedang, segar","sapi daging lemak sedang segar",single,DABM-1964,66.0,201.0,18.8,14.0,0.0,0.0,1.2,11.0,170.0,2.8,105.0,378.0,4.58,5.2,9.0,198.0,,0.08,0.56,1.3,0.0,100.0,4.6_daging_unggas_dan_hasil_olahannya.json,308bbffd8d4ac0f238ebf4bafb05d5c26a55bf9890feda996bcf6c04b8007ca3,2026-07-28T08:53:57.576Z,2026-07-28T08:53:57.576Z
836,9,FR027,"Sapi, daleman, segar","sapi daleman segar",single,KZGMI-2001,70.1,183.0,12.0,14.4,1.4,0.0,2.1,43.0,319.0,1.8,277.0,160.0,0.1,0.8,,104.0,,0.31,0.22,8.4,,100.0,4.6_daging_unggas_dan_hasil_olahannya.json,2a776cc1018d4053bb339d4787d74566f169ec7c135dec2e9064f1ee0016d2bc,2026-07-28T08:53:57.576Z,2026-07-28T08:53:57.576Z
837,9,FR028,"Sapi, dideh/darah","sapi dideh darah",single,DABM-1964,75.6,98.0,21.9,1.1,0.0,0.0,1.4,7.0,24.0,1.3,150.0,170.0,,0.2,15.0,214.0,,0.01,0.03,0.9,0.0,100.0,4.6_daging_unggas_dan_hasil_olahannya.json,624e4ffce1e4e3ee318338e1efecd494430fa87fca31da23a3f4c7bed5013f91,2026-07-28T08:53:57.576Z,2026-07-28T08:53:57.576Z
838,9,FR029,"Sapi, ginjal, segar","sapi ginjal segar",single,DABM-1964,74.9,137.0,15.0,8.1,0.9,0.0,1.1,9.0,221.0,7.9,200.0,230.2,,,348.0,583.0,,0.37,1.22,6.1,13.0,100.0,4.6_daging_unggas_dan_hasil_olahannya.json,cec0045d1ca7020ff823eaeee667f194ee39731f6433ded27bb3b748d95f3713,2026-07-28T08:53:57.576Z,2026-07-28T08:53:57.576Z
839,9,FR030,"Sapi, keleponan, segar","sapi keleponan segar",single,KZGMI-2001,83.8,84.0,10.5,4.6,0.2,0.0,0.9,20.0,13.0,2.1,73.0,318.0,0.2,1.7,857.0,34.0,,0.1,0.14,0.3,,100.0,4.6_daging_unggas_dan_hasil_olahannya.json,e74672a49eff008f40f3b417fe958996b0646441bacb031eeaf7a941e07d8ee9,2026-07-28T08:53:57.576Z,2026-07-28T08:53:57.576Z
840,9,FR031,"Sapi, liver, segar","sapi liver segar",single,DABM-1964,69.7,132.0,19.7,3.2,6.0,0.0,1.4,7.0,358.0,6.6,110.0,213.0,0.51,2.3,13303.0,355.0,,0.26,1.52,11.4,31.0,100.0,4.6_daging_unggas_dan_hasil_olahannya.json,95a4362ac7ec1c6b5ed9c15dd4895d57fd986aa21e0a044ff4da216d1718ad89,2026-07-28T08:53:57.576Z,2026-07-28T08:53:57.576Z
841,9,FR032,"Sapi, otak, segar","sapi otak segar",single,DABM-1964,78.9,123.0,10.4,8.6,0.8,0.0,1.3,16.0,330.0,3.6,112.0,243.8,0.26,0.9,0.0,0.0,,0.23,0.19,3.9,18.0,100.0,4.6_daging_unggas_dan_hasil_olahannya.json,d039d8a7c7288314ae704d2c62e3dc5f1f3e02db00cf35ad455ff0c3e7a49b20,2026-07-28T08:53:57.576Z,2026-07-28T08:53:57.576Z
842,9,FR033,"Sapi, usus, segar","sapi usus segar",single,DABM-1964,76.7,126.0,14.0,7.2,1.5,0.0,0.6,14.0,115.0,4.0,,,,,61.0,0.0,,0.08,0.33,0.2,0.0,100.0,4.6_daging_unggas_dan_hasil_olahannya.json,8de7a81f2ce27b331d7b86376c966ccc9ae84236df7525345f676c5575feb1f9,2026-07-28T08:53:57.576Z,2026-07-28T08:53:57.576Z
843,9,FR034,"Ulat sagu segar","ulat sagu segar",single,KZGMI-2001,65.9,241.0,5.8,21.6,5.8,2.8,0.9,20.0,70.0,0.5,210.0,210.0,1.0,7.7,,0.0,,0.17,1.45,0.1,,100.0,4.6_daging_unggas_dan_hasil_olahannya.json,07441ac7f0905a73e098a0c5efb14a961a740787581f8559551b2af302e2093d,2026-07-28T08:53:57.576Z,2026-07-28T08:53:57.576Z
844,9,FP001,"Ayam, ampela, goreng","ayam ampela goreng",processed_composite,KZGMS-1993,4.8,270.0,32.3,11.2,9.9,0.0,1.8,129.0,314.0,4.9,980.0,,0.12,3.3,56.0,,0.0,0.21,,4.72,0.0,100.0,4.6_daging_unggas_dan_hasil_olahannya.json,8258491d934104eb862c6cc4eaf3bce5ca02919293694d14396633bf3572246a,2026-07-28T08:53:57.576Z,2026-07-28T08:53:57.576Z
845,9,FP002,"Ayam, usus, goreng","ayam usus goreng",processed_composite,KZGPI-1990,4.6,473.0,45.2,26.3,13.9,0.0,10.1,1407.0,458.0,8.4,,,,,6.0,,224.0,0.57,,0.0,,100.0,4.6_daging_unggas_dan_hasil_olahannya.json,2c6840b8351c1a6ab9fe63d60e52af14f39b4139ace814441c2786037ef94bb0,2026-07-28T08:53:57.576Z,2026-07-28T08:53:57.576Z
846,9,FP003,"Bebek, daging, goreng","bebek daging goreng",processed_composite,KZGMI-2001,48.8,300.0,24.0,20.7,4.5,0.0,2.0,170.0,170.0,4.1,34.0,6.0,0.4,3.0,,0.0,,0.1,0.4,10.6,,100.0,4.6_daging_unggas_dan_hasil_olahannya.json,53549f72c5311802c52224bf2be664960478494bb384a8d033adc0a89aecea87,2026-07-28T08:53:57.576Z,2026-07-28T08:53:57.576Z
847,9,FP004,"Buaya, daging, dendeng, mentah","buaya daging dendeng mentah",processed_composite,KZGMI-2001,12.3,365.0,49.6,4.8,30.8,,2.5,60.0,130.0,4.3,500.0,680.0,0.2,11.6,,0.0,,,,0.2,,100.0,4.6_daging_unggas_dan_hasil_olahannya.json,b7328a0f85d6e7d9a436d160c37f62c9216dee3d83ee248310d19d0d8262782b,2026-07-28T08:53:57.576Z,2026-07-28T08:53:57.576Z
848,9,FP005,Ham,ham,processed_composite,DABM-1964,42.0,384.0,16.9,35.0,0.3,0.0,5.8,10.0,136.0,2.5,112.0,819.3,0.11,0.4,0.0,,,0.7,0.95,9.7,0.0,100.0,4.6_daging_unggas_dan_hasil_olahannya.json,57adc95429fa48bfc6fbabfaa971810fa153053929d1059c9e398216d3391481,2026-07-28T08:53:57.576Z,2026-07-28T08:53:57.576Z
849,9,FP006,"Itik alabio, daging, dendeng, mentah","itik alabio daging dendeng mentah",processed_composite,KZGMI-2001,12.7,496.0,30.3,33.5,18.4,,5.1,135.0,370.0,12.5,1081.0,478.0,0.7,0.3,,0.0,,,,,,100.0,4.6_daging_unggas_dan_hasil_olahannya.json,8cf3b30b166b5711e3b007da7f0afeacc5b3423c69bfe0b98c381ed6451c6e10,2026-07-28T08:53:57.576Z,2026-07-28T08:53:57.576Z
850,9,FP007,"Kerupuk urat","kerupuk urat",processed_composite,KZGMI-2001,3.6,588.0,53.7,40.9,1.2,,0.6,36.0,15.0,1.3,1024.0,37.0,0.1,0.2,2802.0,,,,,,,100.0,4.6_daging_unggas_dan_hasil_olahannya.json,557c667894a1c65d0662c082eaf31ab1d40efa097d818c4543b5007e21e81705,2026-07-28T08:53:57.576Z,2026-07-28T08:53:57.576Z
851,9,FP008,"Menjangan, daging, dendeng, mentah","menjangan daging dendeng mentah",processed_composite,KZGMI-2001,14.3,322.0,55.8,2.0,22.7,,5.3,55.0,310.0,2.1,765.0,1282.0,1.7,3.2,3391.0,26.0,,,,,,100.0,4.6_daging_unggas_dan_hasil_olahannya.json,1871b3e19c0c37398a1048152177df4ff4cc2806c84e31e239782964986fd99c,2026-07-28T08:53:57.576Z,2026-07-28T08:53:57.576Z
852,9,FP009,"Punai, daging, goreng","punai daging goreng",processed_composite,KZGMI-2001,54.5,224.0,26.2,11.3,4.4,,3.6,362.0,362.0,3.1,2.0,19.0,0.3,1.6,,,,,,,,100.0,4.6_daging_unggas_dan_hasil_olahannya.json,2a51428a6aec33bbaffeadacfc8769bd05dcb3472d180df8931628e6a895621b,2026-07-28T08:53:57.576Z,2026-07-28T08:53:57.576Z
853,9,FP010,"Rusa, daging, dendeng, mentah","rusa daging dendeng mentah",processed_composite,KZGMI-2001,18.3,536.0,40.5,41.5,0.0,,2.5,90.0,420.0,13.4,130.0,690.0,0.3,10.7,285.0,,,,,0.2,,100.0,4.6_daging_unggas_dan_hasil_olahannya.json,a32954aefaf1b6f00d15b8c7cb79d4f7981d6d59acfedadc9cb710c98b9d6627,2026-07-28T08:53:57.576Z,2026-07-28T08:53:57.576Z
854,9,FP011,"Sapi, abon","sapi abon",processed_composite,KZGPI-1990,7.1,212.0,18.0,10.6,59.3,7.5,4.7,150.0,209.0,12.3,,,,,0.0,240.0,138.0,0.17,,,0.0,100.0,4.6_daging_unggas_dan_hasil_olahannya.json,3ec337517c22c3b9ca4e0808c808ae4bd9b95d6d3e8cddad8e0460e8810a6ea6,2026-07-28T08:53:57.576Z,2026-07-28T08:53:57.576Z
855,9,FP012,"Sapi, abon, asli","sapi abon asli",processed_composite,KZGPI-1990,24.8,358.0,14.6,16.1,38.6,2.5,5.8,165.0,136.0,14.6,,,,,3.0,194.0,144.0,0.13,,,0.0,100.0,4.6_daging_unggas_dan_hasil_olahannya.json,45bb532d8e1f012fb9c470e2faea9e999953e2316c5a5251e5d2e2a0aee0bb03,2026-07-28T08:53:57.576Z,2026-07-28T08:53:57.576Z
856,9,FP013,"Sapi, daging, asap","sapi daging asap",processed_composite,DABM-1964,60.0,182.0,32.0,6.0,0.0,0.0,2.0,15.0,300.0,5.0,1620.0,485.4,0.03,5.1,6.0,,,0.12,0.23,5.9,0.0,100.0,4.6_daging_unggas_dan_hasil_olahannya.json,fb52b3919a91ad0943150df700a84dd3920c4d0dc902a825a403ffa948f2a853,2026-07-28T08:53:57.576Z,2026-07-28T08:53:57.576Z
857,9,FP014,"Sapi, daging, dendeng, mentah","sapi daging dendeng mentah",processed_composite,DABM-1964,25.0,301.0,55.0,9.0,0.0,,11.0,30.0,370.0,5.1,,,,,0.0,,,0.1,,,0.0,100.0,4.6_daging_unggas_dan_hasil_olahannya.json,2086140d84bcea598f67e0fe65bbbd32fa09365b2bbbf63485f0958db9b67555,2026-07-28T08:53:57.576Z,2026-07-28T08:53:57.576Z
858,9,FP015,"Sapi, daging, kornet","sapi daging kornet",processed_composite,DABM-1964,53.0,289.0,16.0,25.0,0.0,0.0,6.0,10.0,170.0,4.0,794.0,94.4,0.07,4.0,0.0,52.0,,0.01,0.16,2.7,0.0,100.0,4.6_daging_unggas_dan_hasil_olahannya.json,262cd12f1248fc4ff72cd064b3908853e39a07c22d5cce1eec0371dadaa7720a,2026-07-28T08:53:57.576Z,2026-07-28T08:53:57.576Z
859,9,FP016,"Sapi, daging, sosis (Worst)","sapi daging sosis worst",processed_composite,DABM-1964,37.6,448.0,14.5,42.3,2.3,,3.3,28.0,61.0,1.1,765.0,284.5,0.06,1.7,0.0,,,0.1,0.18,4.9,0.0,100.0,4.6_daging_unggas_dan_hasil_olahannya.json,d73bb824809f58c09722115f23b034d83c56e4f28e161ca3e9d83dde5df8b405,2026-07-28T08:53:57.576Z,2026-07-28T08:53:57.576Z
860,9,FP017,"Sapi, hati, sosis (liverworst)","sapi hati sosis liverworst",processed_composite,DABM-1964,56.6,274.0,16.0,22.0,3.0,2.3,2.4,20.0,150.0,4.0,654.0,158.8,0.22,2.2,1201.0,,,0.2,0.96,4.0,0.0,100.0,4.6_daging_unggas_dan_hasil_olahannya.json,740b430f461b4996034f02e1fca60c952f42bc965a0eaba706d9711ea7603700,2026-07-28T08:53:57.576Z,2026-07-28T08:53:57.576Z
861,9,FP018,"Sapi, paru, dendeng, mentah","sapi paru dendeng mentah",processed_composite,KZGMI-2001,9.7,360.0,57.3,6.0,19.2,,7.8,126.0,903.0,21.1,1483.0,864.0,1.2,6.1,2827.0,,,,,,,100.0,4.6_daging_unggas_dan_hasil_olahannya.json,2406ec8da8668f4e1425ca40dfc3836a3d969084bcf360cf6c4bb5d9757bc57d,2026-07-28T08:53:57.576Z,2026-07-28T08:53:57.576Z
862,9,FP019,"Sapi, paru, goreng","sapi paru goreng",processed_composite,KZGMS-1993,45.5,268.0,23.9,12.7,14.5,,3.1,102.0,315.0,8.8,923.0,299.0,0.0,1.5,790.0,,,,,,,100.0,4.6_daging_unggas_dan_hasil_olahannya.json,c174761603abc66fb61c9240b0582387ea684b8f868aa5f72ddb0e9e1827c0da,2026-07-28T08:53:57.576Z,2026-07-28T08:53:57.576Z
863,9,FP020,"Ulat sagu, panggang","ulat sagu panggang",processed_composite,KZGMI-2001,41.3,380.0,11.9,30.3,14.9,4.8,1.6,30.0,120.0,1.5,260.0,550.0,3.1,14.2,,0.0,,0.5,2.5,0.1,,100.0,4.6_daging_unggas_dan_hasil_olahannya.json,730f001eec1f4f2280bbfef4462f231b85651313c3685fc0d585e522bd98f93c,2026-07-28T08:53:57.576Z,2026-07-28T08:53:57.576Z
864,9,FP021,"Ayam goreng church texas, dada","ayam goreng church texas dada",processed_composite,KZGPI-1990,42.2,338.0,35.2,20.6,0.4,0.0,1.5,79.0,221.0,5.6,800.0,369.5,0.16,1.1,16.0,,80.0,0.52,0.16,12.1,0.0,100.0,4.6_daging_unggas_dan_hasil_olahannya.json,ad278cbcca4e8b05e8057feda1cfe699e996178c0c33b2678f563f60fc085c78,2026-07-28T08:53:57.576Z,2026-07-28T08:53:57.576Z
865,9,FP022,"Ayam goreng church,texas paha","ayam goreng church texas paha",processed_composite,KZGPI-1990,50.3,287.0,31.0,15.7,1.7,0.0,1.3,99.0,176.0,4.1,723.0,257.0,0.17,1.5,22.0,,30.0,0.66,0.2,5.3,0.0,100.0,4.6_daging_unggas_dan_hasil_olahannya.json,7bf8e377d436ef711a28b0c00809362c18ee6dedd63d5d0ac63869534db4b0b7,2026-07-28T08:53:57.576Z,2026-07-28T08:53:57.576Z
866,9,FP023,"Ayam goreng church texas, sayap","ayam goreng church texas sayap",processed_composite,KZGPI-1990,47.2,295.0,34.0,16.0,1.5,0.0,1.3,81.0,179.0,3.0,771.0,237.2,0.16,1.2,13.0,,50.0,0.44,0.13,6.2,0.0,100.0,4.6_daging_unggas_dan_hasil_olahannya.json,d977e6a78f2e90561a66002810cc171af27fd4a2a33b482470cca42b2ec27bde,2026-07-28T08:53:57.576Z,2026-07-28T08:53:57.576Z
867,9,FP024,"Ayam goreng kalasan, paha","ayam goreng kalasan paha",processed_composite,KZGPI-1990,46.2,275.0,37.4,12.2,1.3,0.0,2.9,116.0,237.0,5.8,176.0,321.9,0.16,1.5,10.0,0.0,50.0,0.1,,,0.0,100.0,4.6_daging_unggas_dan_hasil_olahannya.json,10ebdddf557a80e9daec0755fe117929f2c98374da5212d61b696496ea5fe1a7,2026-07-28T08:53:57.576Z,2026-07-28T08:53:57.576Z
868,9,FP025,"Ayam goreng kentucky, dada","ayam goreng kentucky dada",processed_composite,KZGPI-1990,46.5,298.0,34.2,16.8,0.1,0.0,2.5,90.0,284.0,5.5,741.0,342.0,0.07,1.0,36.0,,50.0,0.19,0.0,0.0,0.0,100.0,4.6_daging_unggas_dan_hasil_olahannya.json,3b704233739d364c447001049440af671b63754020458bfc9e6aebe5f370865d,2026-07-28T08:53:57.576Z,2026-07-28T08:53:57.576Z
869,9,FP026,"Ayam goreng Kentucky, paha","ayam goreng kentucky paha",processed_composite,KZGPI-1990,48.7,286.0,32.1,16.1,1.1,0.0,2.0,89.0,248.0,6.9,746.0,265.2,0.09,2.3,31.0,,20.0,0.5,0.21,5.5,0.0,100.0,4.6_daging_unggas_dan_hasil_olahannya.json,4f561215d705b9a54500cc15318b3120de77004dfcf5c49476a9383b83fd2901,2026-07-28T08:53:57.576Z,2026-07-28T08:53:57.576Z
870,9,FP027,"Ayam goreng Kentucky,sayap","ayam goreng kentucky sayap",processed_composite,KZGPI-1990,44.7,297.0,35.9,15.2,1.6,0.0,2.6,103.0,227.0,4.4,807.0,248.4,0.06,1.4,22.0,,70.0,0.73,0.14,6.5,0.0,100.0,4.6_daging_unggas_dan_hasil_olahannya.json,c8295700d5d14ca788e4ea5667108f8701c59624ceb51e8ae555f86b3e0d5182,2026-07-28T08:53:57.576Z,2026-07-28T08:53:57.576Z
871,9,FP028,"Ayam goreng mbok berek dada","ayam goreng mbok berek dada",processed_composite,KZGPI-1990,43.4,295.0,39.2,13.6,1.0,0.0,2.8,114.0,278.0,5.4,,,,,8.0,,50.0,0.19,,,0.0,100.0,4.6_daging_unggas_dan_hasil_olahannya.json,64c43c7fe8e8c6ad4cfe79cb223d79d2973a8c299dd7e0f21d33b850a4ef6754,2026-07-28T08:53:57.576Z,2026-07-28T08:53:57.576Z
872,9,FP029,"Ayam goreng pasundan, dada","ayam goreng pasundan dada",processed_composite,KZGPI-1990,50.1,246.0,37.9,9.0,0.7,0.0,2.3,90.0,260.0,7.5,,,,,6.0,,70.0,0.16,,0.0,,100.0,4.6_daging_unggas_dan_hasil_olahannya.json,434748d90de7a02a138be42aa4d4547b9047173ae5da613cc2b62443c7bfab23,2026-07-28T08:53:57.576Z,2026-07-28T08:53:57.576Z
873,9,FP030,"Ayam goreng pasundan, paha","ayam goreng pasundan paha",processed_composite,KZGPI-1990,52.8,245.0,33.1,11.4,0.3,0.0,2.5,90.0,283.0,7.3,,,,,8.0,,40.0,0.37,,0.0,,100.0,4.6_daging_unggas_dan_hasil_olahannya.json,37e28687f3c8366317db543452db1b32ba20c47d8810f621d91e89a184079620,2026-07-28T08:53:57.576Z,2026-07-28T08:53:57.576Z
874,9,FP031,"Ayam goreng pioneer, dada","ayam goreng pioneer dada",processed_composite,KZGPI-1990,44.5,295.0,37.4,14.7,0.6,0.0,2.7,108.0,236.0,6.8,,,,,16.0,,80.0,0.1,,0.0,,100.0,4.6_daging_unggas_dan_hasil_olahannya.json,a7cfb70022a060b2fe26bfc66f12c30c6fe36629692cc72c4249e46390027ebf,2026-07-28T08:53:57.576Z,2026-07-28T08:53:57.576Z
875,9,FP032,"Ayam goreng sukabumi, dada","ayam goreng sukabumi dada",processed_composite,KZGPI-1990,49.8,244.0,36.7,9.2,1.0,0.0,3.4,81.0,154.0,6.1,,,,,20.0,,80.0,0.66,,0.0,,100.0,4.6_daging_unggas_dan_hasil_olahannya.json,a1f3e73acad41b91a66d8a7afeb2f28977018450eee1417cc1c73aab4293e7f0,2026-07-28T08:53:57.576Z,2026-07-28T08:53:57.576Z
876,9,FP033,"Ayam goreng sukabumi, paha","ayam goreng sukabumi paha",processed_composite,KZGPI-1990,46.0,283.0,35.7,14.3,0.5,0.0,3.6,68.0,106.0,5.4,,,,,11.0,,60.0,0.36,,0.0,,100.0,4.6_daging_unggas_dan_hasil_olahannya.json,f7f423064d03af4bddd129e6a6c74f09c8707d4628b788202df975c84d9a59d8,2026-07-28T08:53:57.576Z,2026-07-28T08:53:57.576Z
877,9,FP034,"Ayam taliwang, masakan","ayam taliwang masakan",processed_composite,KZGMI-2001,57.5,264.0,18.2,20.1,2.7,,1.5,94.0,164.0,2.0,507.0,408.0,0.4,12.3,1067.0,,,,,,,100.0,4.6_daging_unggas_dan_hasil_olahannya.json,ba4851981a80d2f6425ad14919872dd213f51042e7fe5c43d06e63aafffc3c50,2026-07-28T08:53:57.576Z,2026-07-28T08:53:57.576Z
878,9,FP035,"Babi hutan masak rica, masakan","babi hutan masak rica masakan",processed_composite,KZGMI-2001,56.2,491.0,24.6,16.3,0.2,,2.7,18.0,144.0,1.2,1415.0,327.0,0.2,2.6,2193.0,,,0.61,0.47,,0.0,100.0,4.6_daging_unggas_dan_hasil_olahannya.json,eb3bf221e51a52be17195c32c9d40b2e40823d8e8f568a7ddda3a7cdd599b39b,2026-07-28T08:53:57.576Z,2026-07-28T08:53:57.576Z
879,9,FP036,"Beef burger","beef burger",processed_composite,KZGMS-1993,45.5,258.0,10.6,9.5,32.5,0.4,2.2,210.0,157.0,2.6,572.0,189.1,,,218.0,,7580.0,0.95,,,0.0,100.0,4.6_daging_unggas_dan_hasil_olahannya.json,cf6dd09fb019bbdce08f6468c7e5d7abde68046935041ec99bbda7a26cb4a6fe,2026-07-28T08:53:57.576Z,2026-07-28T08:53:57.576Z
880,9,FP037,"Beef teriyaki, masakan","beef teriyaki masakan",processed_composite,KZGMS-1993,65.1,151.0,8.6,3.1,22.3,0.3,0.9,142.0,62.0,2.3,377.0,,,,22.0,,400.0,0.53,,,0.0,100.0,4.6_daging_unggas_dan_hasil_olahannya.json,e45ba9a9d93720716c64a549fc8861134780297ea2330d79744c1f404aa7c2b6,2026-07-28T08:53:57.576Z,2026-07-28T08:53:57.576Z
881,9,FP038,"Beef yakiniku, masakan","beef yakiniku masakan",processed_composite,KZGMS-1993,67.7,132.0,9.8,1.1,20.7,0.3,0.8,302.0,67.0,2.0,409.0,,,,78.0,,700.0,0.62,,,0.0,100.0,4.6_daging_unggas_dan_hasil_olahannya.json,2feab8de06739f75561dda8301d9b06b26574c26f60cc5202df701ec664d103e,2026-07-28T08:53:57.576Z,2026-07-28T08:53:57.576Z
882,9,FP039,Brongkos,brongkos,processed_composite,KZGPI-1990,76.4,141.0,15.3,3.3,12.6,1.0,2.4,87.0,97.0,5.1,,,,,4.0,,356.0,0.4,,,0.0,100.0,4.6_daging_unggas_dan_hasil_olahannya.json,c9881d412dc278bb45c07a2283823d0b4696737bf319b2f6b83cb01b095ac4a5,2026-07-28T08:53:57.576Z,2026-07-28T08:53:57.576Z
883,9,FP040,"Bulgogi, masakan","bulgogi masakan",processed_composite,KZGMS-1993,84.2,72.0,11.4,4.9,1.4,1.7,0.7,214.0,86.0,2.5,509.0,,,,17.0,,,1.08,,,0.0,100.0,4.6_daging_unggas_dan_hasil_olahannya.json,4a394ae1f450f90030aa847da61a3e99bc04dd263daf5ac60490e168a349a8e7,2026-07-28T08:53:57.577Z,2026-07-28T08:53:57.577Z
884,9,FP041,"Chicken teriyaki, masakan","chicken teriyaki masakan",processed_composite,KZGMS-1993,68.2,168.0,13.0,9.6,7.5,0.8,1.7,137.0,106.0,3.1,959.0,,,,68.0,,2200.0,0.65,,,0.0,100.0,4.6_daging_unggas_dan_hasil_olahannya.json,38022c303f5e586d52022f98f383b330f8b791d91e926a767fab79cfab646a7e,2026-07-28T08:53:57.577Z,2026-07-28T08:53:57.577Z
885,9,FP042,"Chikiniku, masakan","chikiniku masakan",processed_composite,KZGMS-1993,65.4,143.0,9.8,1.4,22.8,0.4,0.6,301.0,63.0,2.0,531.0,,,,27.0,,1280.0,0.73,,,0.0,100.0,4.6_daging_unggas_dan_hasil_olahannya.json,ccaeb2b5f154b8df5caf014d428cd70d2f2a2678c234b46a4bde63f81ef3705d,2026-07-28T08:53:57.577Z,2026-07-28T08:53:57.577Z
886,9,FP043,"Coto mangkasara, kuda, masakan","coto mangkasara kuda masakan",processed_composite,KZGMI-2001,83.5,96.0,6.8,5.9,3.8,,0.9,11.0,106.0,2.3,96.0,31.0,0.1,1.0,,,,0.23,0.14,4.2,,100.0,4.6_daging_unggas_dan_hasil_olahannya.json,639d06ca1c8659500895051efc9891d1c2de616358a83c68c33280bcd9039848,2026-07-28T08:53:57.577Z,2026-07-28T08:53:57.577Z
887,9,FP044,"Coto mangkasara, sapi, masakan","coto mangkasara sapi masakan",processed_composite,KZGMI-2001,85.9,84.0,6.0,6.0,1.4,,0.7,8.0,104.0,4.0,90.0,25.0,0.3,0.6,,,,0.16,0.14,10.3,,100.0,4.6_daging_unggas_dan_hasil_olahannya.json,7530cb3c9fbadfd447b94aa195f881f09622114c5498b0453974d6e5380a6122,2026-07-28T08:53:57.577Z,2026-07-28T08:53:57.577Z
888,9,FP045,"Djibokum, masakan","djibokum masakan",processed_composite,KZGMS-1993,43.4,248.0,10.0,2.3,40.9,0.1,3.4,116.0,110.0,2.8,401.0,,,,52.0,,1920.0,0.75,,,0.0,100.0,4.6_daging_unggas_dan_hasil_olahannya.json,244ba83fa0d628b989c591a1fdce2c53e23e893b33e9b4111fc4d777193002d5,2026-07-28T08:53:57.577Z,2026-07-28T08:53:57.577Z
889,9,FP046,"Empal (daging) Goreng, masakan","empal daging goreng masakan",processed_composite,KZGMS-1993,43.9,248.0,36.2,6.9,10.1,,2.0,131.0,235.0,6.4,848.0,,,,112.0,,620.0,0.55,,,0.0,100.0,4.6_daging_unggas_dan_hasil_olahannya.json,2c722c1f8810af286fb4d8b869872d4cccd6c7f0598089ac31998aceba869782,2026-07-28T08:53:57.577Z,2026-07-28T08:53:57.577Z
890,9,FP047,"Gulai kambing","gulai kambing",processed_composite,KZGMI-2001,78.4,126.0,4.2,9.4,6.2,,1.8,45.0,73.0,1.3,302.0,138.0,0.2,1.1,151.0,,,0.13,0.01,,,100.0,4.6_daging_unggas_dan_hasil_olahannya.json,a91e63413fb7d94dc83c78d1c836d89f211408d02ed996519c0af28512d951b6,2026-07-28T08:53:57.577Z,2026-07-28T08:53:57.577Z
891,9,FP048,"Jangang bintatoeng, masakan","jangang bintatoeng masakan",processed_composite,KZGMI-2001,73.6,107.0,5.3,2.2,16.5,,2.4,64.0,61.0,2.5,482.0,406.0,0.2,0.8,,,,0.18,0.02,3.4,,100.0,4.6_daging_unggas_dan_hasil_olahannya.json,7e217115bc78f7d516074f88bb72265632fab2c3b467289e914cf70192dfdaea,2026-07-28T08:53:57.577Z,2026-07-28T08:53:57.577Z
892,9,FP049,"Kalio ayam, masakan","kalio ayam masakan",processed_composite,KZGMS-1993,64.7,203.0,16.0,13.5,4.4,,1.4,278.0,177.0,4.2,534.0,,,,105.0,,3780.0,0.35,,,0.0,100.0,4.6_daging_unggas_dan_hasil_olahannya.json,c2b741efcad76f4a1eafdc6818707a81643744215ef81f4b50f2c1be2e72eb4a,2026-07-28T08:53:57.577Z,2026-07-28T08:53:57.577Z
893,9,FP050,"Kalio jeroan, masakan","kalio jeroan masakan",processed_composite,KZGMS-1993,68.9,163.0,16.5,9.0,4.1,,1.5,102.0,268.0,7.1,570.0,,,,298.0,,1960.0,0.7,,,0.0,100.0,4.6_daging_unggas_dan_hasil_olahannya.json,5f24e368ac91267ba595f0e267a16321aa7f46e800bbd8b8c41f43cb5ad41d28,2026-07-28T08:53:57.577Z,2026-07-28T08:53:57.577Z
894,9,FP051,"Kalio kikil (tunjang), masakan","kalio kikil tunjang masakan",processed_composite,KZGMS-1993,75.3,122.0,13.8,5.7,3.9,,1.3,154.0,59.0,3.4,519.0,,,,36.0,,1440.0,0.38,,,0.0,100.0,4.6_daging_unggas_dan_hasil_olahannya.json,f3a37c1aef6d114a86442e36cc11609861b3cf6e1c49df48cdbd5252cafa04df,2026-07-28T08:53:57.577Z,2026-07-28T08:53:57.577Z
895,9,FP052,"Kalio otak, masakan","kalio otak masakan",processed_composite,KZGMS-1993,70.3,157.0,8.1,8.8,11.4,,1.4,212.0,69.0,3.3,604.0,,,,32.0,,1040.0,0.45,,,0.0,100.0,4.6_daging_unggas_dan_hasil_olahannya.json,ff499a54a7123575e3b505dddf0d88369f042e9500dd578c6ad6ce772cf7f902,2026-07-28T08:53:57.577Z,2026-07-28T08:53:57.577Z
896,9,FP053,"Lawar babi, masakan","lawar babi masakan",processed_composite,KZGPI-1990,68.8,174.0,17.0,10.0,3.0,0.0,1.2,61.0,141.0,3.0,,,,0.0,,0.0,,0.1,,0.0,,100.0,4.6_daging_unggas_dan_hasil_olahannya.json,2ad97e943a5a7712cbb1ce79241ce235cf6fe415e46765157b2314fa46a95c93,2026-07-28T08:53:57.577Z,2026-07-28T08:53:57.577Z
897,9,FP054,"Lawar penyu, masakan","lawar penyu masakan",processed_composite,KZGPI-1990,66.3,141.0,23.0,1.5,7.6,0.0,1.6,69.0,141.0,6.0,,,,0.0,,0.0,,0.1,,0.0,,100.0,4.6_daging_unggas_dan_hasil_olahannya.json,7327ef00b15ef695c6d3f79e60f13aa2d7a170d32032d66793f72ef4ced73a9b,2026-07-28T08:53:57.577Z,2026-07-28T08:53:57.577Z
898,9,FP055,"Lawara jangang, masakan","lawara jangang masakan",processed_composite,KZGMI-2001,72.4,159.0,5.0,10.9,10.1,,1.6,57.0,107.0,1.5,400.0,2368.0,0.1,1.0,14.0,,,0.25,0.16,,,100.0,4.6_daging_unggas_dan_hasil_olahannya.json,728827fc2570a3f6d4c3691c47550122a2b23d703e55dcd854aa2f57535db9c2,2026-07-28T08:53:57.577Z,2026-07-28T08:53:57.577Z
899,9,FP056,"Naan maran sapi, masakan","naan maran sapi masakan",processed_composite,KZGMI-2001,14.8,478.0,38.3,33.9,5.1,,7.9,30.0,390.0,11.8,220.0,320.0,0.6,3.9,33.0,,,,,0.2,,100.0,4.6_daging_unggas_dan_hasil_olahannya.json,3e183a100f5a7f507d71126dacbcaf1df55147ed3792ef74c78ea97245465267,2026-07-28T08:53:57.577Z,2026-07-28T08:53:57.577Z
900,9,FP057,"Nasu likku, masakan","nasu likku masakan",processed_composite,KZGMI-2001,59.0,196.0,14.5,8.3,15.9,,2.3,69.0,157.0,1.0,386.0,470.0,0.3,2.0,,,,0.2,0.24,1.5,,100.0,4.6_daging_unggas_dan_hasil_olahannya.json,a062fce7a994da2986e1f4ecfeab759a91462e85cfbfe84b6556d3608a2f6c25,2026-07-28T08:53:57.577Z,2026-07-28T08:53:57.577Z
901,9,FP058,"Oramu ninahu ndawa olaho, masakan","oramu ninahu ndawa olaho masakan",processed_composite,KZGMI-2001,74.9,117.0,13.7,5.0,4.3,,0.1,964.0,804.0,2.0,,727.0,0.3,1.5,4095.0,,,0.77,0.04,1.7,,100.0,4.6_daging_unggas_dan_hasil_olahannya.json,b3cac5165871effc5ca9a7730e44e8beeb8e57085e16218410c2fad7f30b0f91,2026-07-28T08:53:57.577Z,2026-07-28T08:53:57.577Z
902,9,FP059,"Paniki masak santan, masakan","paniki masak santan masakan",processed_composite,KZGMI-2001,25.4,460.0,28.5,35.2,7.2,,3.7,188.0,357.0,5.5,2002.0,532.0,0.4,2.5,954.0,,,0.27,0.19,,,100.0,4.6_daging_unggas_dan_hasil_olahannya.json,5816b142383f01645c1a670d9ebd8a565850cc321d47065153d282c3ef598fc1,2026-07-28T08:53:57.577Z,2026-07-28T08:53:57.577Z
903,9,FP060,"Pelolah manuk, masakan","pelolah manuk masakan",processed_composite,KZGMI-2001,60.0,219.0,19.7,13.6,4.4,,2.3,33.0,160.0,1.6,577.0,,,,137.0,,1940.0,0.42,,,0.0,100.0,4.6_daging_unggas_dan_hasil_olahannya.json,5724337b1a750dee7a659f3b4df8aeaba33dc1da53af571eaeb0e4f23b73bc9f,2026-07-28T08:53:57.577Z,2026-07-28T08:53:57.577Z
904,9,FP061,"Rawon, masakan","rawon masakan",processed_composite,KZGPI-1990,86.0,60.0,5.4,2.5,4.0,,2.1,272.0,153.0,3.3,,,,,10.0,,1235.0,0.09,,,0.0,100.0,4.6_daging_unggas_dan_hasil_olahannya.json,a2619b08e15400386d907e3ae4b31303b4a2c62c0e7d9686811fd11835efbabd,2026-07-28T08:53:57.577Z,2026-07-28T08:53:57.577Z
905,9,FP062,"Rendang sapi, masakan","rendang sapi masakan",processed_composite,KZGPI-1990,57.9,193.0,22.6,7.9,7.8,0.0,3.8,474.0,211.0,14.9,,,,,21.0,,534.0,0.12,,0.0,,100.0,4.6_daging_unggas_dan_hasil_olahannya.json,f4a4a7efc75bb4fbc56e63900cd09b7e0ba4b447cff7d003fbb468cb50d4fbf3,2026-07-28T08:53:57.577Z,2026-07-28T08:53:57.577Z
906,9,FP063,"RW, anjing, masakan","rw anjing masakan",processed_composite,KZGMI-2001,60.8,198.0,24.6,10.7,0.9,,3.0,1071.0,876.0,4.0,1604.0,226.0,0.1,2.8,256.0,,,0.35,0.2,,,100.0,4.6_daging_unggas_dan_hasil_olahannya.json,b1903ecbb38ff88fbb02a500c9fb9894585e0c84e8d3b594325685d427edc9c7,2026-07-28T08:53:57.577Z,2026-07-28T08:53:57.577Z
907,9,FP064,"Sate, penyu, masakan","sate penyu masakan",processed_composite,KZGPI-1990,57.4,179.0,22.5,3.5,13.3,0.0,3.3,187.0,238.0,14.4,,,,0.0,,0.0,,0.1,,0.0,,100.0,4.6_daging_unggas_dan_hasil_olahannya.json,957b4123ac1001863b9ba0ac834f34ae21ba2966ce6089e054937908cd3d2132,2026-07-28T08:53:57.577Z,2026-07-28T08:53:57.577Z
908,9,FP065,"Sate pusut, masakan","sate pusut masakan",processed_composite,KZGMI-2001,52.1,274.0,12.9,18.6,13.6,,2.8,63.0,190.0,2.7,609.0,,,,133.0,0.0,,0.06,,0.0,,100.0,4.6_daging_unggas_dan_hasil_olahannya.json,8fdf211ce877583955327e25e97ccf1320e48d152aab09e4dd4d36272cbf5f9e,2026-07-28T08:53:57.577Z,2026-07-28T08:53:57.577Z
909,9,FP066,"Penyu, serapah, masakan","penyu serapah masakan",processed_composite,KZGPI-1990,71.3,174.0,13.1,12.2,2.2,0.0,1.2,72.0,186.0,9.5,,507.0,0.8,2.4,1302.0,,,,,,,100.0,4.6_daging_unggas_dan_hasil_olahannya.json,70db276d61c6eec72aa387fc13922c184f31211a27285f44c98c8f563b820b27,2026-07-28T08:53:57.577Z,2026-07-28T08:53:57.577Z
910,9,FP067,"Sie reuboh, masakan","sie reuboh masakan",processed_composite,KZGMI-2001,32.4,474.0,11.2,42.5,11.7,,2.2,26.0,62.0,1.3,677.0,176.0,2.4,3.2,141.0,9.0,,0.46,0.26,,,100.0,4.6_daging_unggas_dan_hasil_olahannya.json,0a5d4d6bd5b3455f1b863697ac679e0aba6e62d1c633e1e7e60a14f666803331,2026-07-28T08:53:57.577Z,2026-07-28T08:53:57.577Z
911,9,FP068,"Sop buntut, masakan","sop buntut masakan",processed_composite,KZGMS-1993,86.1,71.0,7.5,3.6,2.2,,0.6,286.0,38.0,3.2,490.0,,,,119.0,,2900.0,0.14,,,0.0,100.0,4.6_daging_unggas_dan_hasil_olahannya.json,b2dd0fe151a37ae774c9d2f4ecae51f501aaa16f3473e51c79da4cc0541be517,2026-07-28T08:53:57.577Z,2026-07-28T08:53:57.577Z
912,9,FP069,"Sop daging sapi, masakan","sop daging sapi masakan",processed_composite,KZGMS-1993,87.5,49.0,5.8,0.5,5.3,,0.9,158.0,48.0,2.2,391.0,,,,101.0,,3320.0,0.37,,,0.0,100.0,4.6_daging_unggas_dan_hasil_olahannya.json,5f23e50d5085466cde5eec0792f2dbce6c245185156804375d8a9610ba045f76,2026-07-28T08:53:57.577Z,2026-07-28T08:53:57.577Z
913,9,FP070,"Sop kaki sapi, masakan","sop kaki sapi masakan",processed_composite,KZGMS-1993,84.5,68.0,9.0,1.9,3.7,,0.9,302.0,15.0,2.2,435.0,,,,48.0,,150.0,0.46,,,0.0,100.0,4.6_daging_unggas_dan_hasil_olahannya.json,d2f089523cc9eb85f2aa9d016ca73560bcb9aacc61ed2fac5c9bad19b93825f9,2026-07-28T08:53:57.577Z,2026-07-28T08:53:57.577Z
914,9,FP071,"Sop kambing, masakan","sop kambing masakan",processed_composite,KZGMS-1993,91.6,34.0,5.5,0.8,1.1,,1.0,145.0,37.0,1.6,348.0,,,,48.0,,80.0,0.57,,,0.0,100.0,4.6_daging_unggas_dan_hasil_olahannya.json,1ee5b18bcd2f3c8a49a9997e64632477f4901e4f1c4d2f5fe3408c83560f665e,2026-07-28T08:53:57.577Z,2026-07-28T08:53:57.577Z
915,9,FP072,"Sop konro, masakan","sop konro masakan",processed_composite,KZGMI-2001,85.0,71.0,7.4,2.6,4.5,,0.5,17.0,60.0,4.6,184.0,25.0,0.3,1.3,,,,0.12,0.02,10.9,0.0,100.0,4.6_daging_unggas_dan_hasil_olahannya.json,01942424a1b2aabb4c838b86c9fd7a6fc78b28d8802408e57b8538f116823f93,2026-07-28T08:53:57.577Z,2026-07-28T08:53:57.577Z
916,9,FP073,"Sop saudara, masakan","sop saudara masakan",processed_composite,KZGMI-2001,82.4,89.0,7.2,5.0,3.9,,1.5,10.0,174.0,9.0,274.0,50.0,0.2,1.1,,,,0.09,0.12,2.0,0.0,100.0,4.6_daging_unggas_dan_hasil_olahannya.json,1f9441afab79ab582180735dd486cb2e1e12a6283e0ae09b8c1f73c643b1f67b,2026-07-28T08:53:57.577Z,2026-07-28T08:53:57.577Z
917,9,FP074,"Soto bandung, masakan","soto bandung masakan",processed_composite,KZGPI-1990,89.9,42.0,3.9,1.7,2.8,0.4,1.8,74.0,75.0,1.8,,,,,6.0,20.0,0.0,,,0.0,0.0,100.0,4.6_daging_unggas_dan_hasil_olahannya.json,9a33619a6218ee9898bdfaffc52a6680b9c9e3628c0fde782136efb36e01c5fe,2026-07-28T08:53:57.577Z,2026-07-28T08:53:57.577Z
918,9,FP075,"Soto banjar, masakan","soto banjar masakan",processed_composite,KZGMI-2001,83.7,110.0,2.9,9.5,3.2,,0.7,28.0,28.0,0.3,36.0,6.0,0.0,0.2,12.0,,770.0,0.05,,,0.0,100.0,4.6_daging_unggas_dan_hasil_olahannya.json,c304778935ff799e06e0752bcce4bf9938fc2c05a187f96c08f23389913c11c7,2026-07-28T08:53:57.577Z,2026-07-28T08:53:57.577Z
919,9,FP076,"Soto betawi, masakan","soto betawi masakan",processed_composite,KZGPI-1990,75.9,135.0,2.5,8.8,11.5,0.5,1.3,222.0,72.0,1.9,,,,,6.0,,336.0,0.04,,0.0,0.0,100.0,4.6_daging_unggas_dan_hasil_olahannya.json,b269ca52b22cfbe91058421660f0d3fb11b11a48d0f387d6e4fe67b4e02ecfc1,2026-07-28T08:53:57.577Z,2026-07-28T08:53:57.577Z
920,9,FP077,"Soto jeroan, masakan","soto jeroan masakan",processed_composite,KZGMS-1993,81.4,92.0,11.8,4.3,1.4,,1.1,218.0,48.0,1.9,363.0,,,,85.0,,440.0,0.36,,,0.0,100.0,4.6_daging_unggas_dan_hasil_olahannya.json,f5db617812e970c3b35f47b2446f6729ef328ac9792dc59be6efe0b054061b69,2026-07-28T08:53:57.577Z,2026-07-28T08:53:57.577Z
921,9,FP078,"Soto kudus, masakan","soto kudus masakan",processed_composite,KZGPI-1990,91.6,38.0,2.6,2.3,1.8,0.2,1.7,237.0,67.0,1.7,,,,,23.0,,128.0,0.06,,0.5,0.0,100.0,4.6_daging_unggas_dan_hasil_olahannya.json,107487a9927f9bfb2489b9821e9e316ac74c3d2f143c077c7f699adc2c16a407,2026-07-28T08:53:57.577Z,2026-07-28T08:53:57.577Z
922,9,FP079,"Soto madura, masakan","soto madura masakan",processed_composite,KZGPI-1990,89.8,60.0,3.5,4.5,1.3,0.0,0.9,361.0,126.0,3.8,,,,,26.0,,121.0,0.06,,0.0,0.0,100.0,4.6_daging_unggas_dan_hasil_olahannya.json,5dd5f159edca8d17fe038d38f731b4cfaa663b4762893d0fdcc237903b623b35,2026-07-28T08:53:57.577Z,2026-07-28T08:53:57.577Z
923,9,FP080,"Soto padang, masakan","soto padang masakan",processed_composite,KZGPI-1990,75.0,127.0,5.9,6.6,11.0,0.7,2.0,298.0,94.0,1.5,,,,,12.0,,204.0,0.22,,0.0,0.0,100.0,4.6_daging_unggas_dan_hasil_olahannya.json,7ec9086766b12ba34042666408ffaee1c5c2e0470b71e30f7021dad03a76bf03,2026-07-28T08:53:57.577Z,2026-07-28T08:53:57.577Z
924,9,FP081,"Soto pekalongan, masakan","soto pekalongan masakan",processed_composite,KZGPI-1990,83.8,94.0,3.0,6.8,5.1,0.3,1.3,322.0,79.0,2.0,,,,,14.0,,119.0,0.29,,0.0,0.0,100.0,4.6_daging_unggas_dan_hasil_olahannya.json,aa873fe0b80f73ede0ad93c8365461fe45c9b178e1b3b8851441b2fc6f578786,2026-07-28T08:53:57.577Z,2026-07-28T08:53:57.577Z
925,9,FP082,"Soto pemalang, masakan","soto pemalang masakan",processed_composite,KZGPI-1990,86.0,75.0,3.6,5.2,3.5,0.0,1.7,170.0,80.0,2.1,,,,,16.0,,30.0,0.13,,0.0,0.0,100.0,4.6_daging_unggas_dan_hasil_olahannya.json,953ac366ffa8009a2afce77d0c95f7585ff39ae547296276a99a20f3442bccd2,2026-07-28T08:53:57.577Z,2026-07-28T08:53:57.577Z
926,9,FP083,"Soto sukaraja, masakan","soto sukaraja masakan",processed_composite,KZGPI-1990,75.9,80.0,3.2,3.5,9.0,0.3,1.1,347.0,77.0,2.3,,,,,12.0,,89.0,0.04,,0.0,0.0,100.0,4.6_daging_unggas_dan_hasil_olahannya.json,a79c57520bcf9663a47935d48765962ff488bf564fa0e2d7aacbdb72b2add67e,2026-07-28T08:53:57.577Z,2026-07-28T08:53:57.577Z
927,9,FP084,"Soto sulung, masakan","soto sulung masakan",processed_composite,KZGPI-1990,88.1,86.0,2.3,8.5,0.0,0.0,1.1,200.0,120.0,2.9,,,,,20.0,,105.0,0.08,,0.0,0.0,100.0,4.6_daging_unggas_dan_hasil_olahannya.json,34bcdb94497e22f4026a87e85699ff3af13539fe3925306050a99d0b2d79a662,2026-07-28T08:53:57.577Z,2026-07-28T08:53:57.577Z
928,9,FP085,"Sukiyaki, masakan","sukiyaki masakan",processed_composite,KZGMS-1993,81.0,75.0,5.6,0.4,12.2,0.2,0.8,109.0,59.0,0.5,426.0,,,,41.0,,1200.0,0.37,,,0.0,100.0,4.6_daging_unggas_dan_hasil_olahannya.json,20a0a1472590a0b5a19654c0b6ff1841d944962d692595a826f83b6d9def2537,2026-07-28T08:53:57.577Z,2026-07-28T08:53:57.577Z
929,9,FP086,"Tedong pallu basa, masakan","tedong pallu basa masakan",processed_composite,KZGMI-2001,81.7,83.0,10.4,3.4,2.8,,1.7,10.0,139.0,2.6,397.0,34.0,0.6,1.3,,,,0.09,0.53,9.0,0.0,100.0,4.6_daging_unggas_dan_hasil_olahannya.json,b5eccf10edac54d8f7d8a00e272f145e5cb35ca698cdad278fdb4f180efc1f17,2026-07-28T08:53:57.577Z,2026-07-28T08:53:57.577Z
930,9,FP087,"Tikus rica, masakan","tikus rica masakan",processed_composite,KZGMI-2001,54.9,257.0,18.8,18.5,3.8,,4.0,232.0,293.0,6.5,1724.0,308.0,0.5,2.3,674.0,,,0.28,0.38,,,100.0,4.6_daging_unggas_dan_hasil_olahannya.json,ca245e4e47d82def169b12010e34bca8500befc3bf9d12d44a4f6f477e28556f,2026-07-28T08:53:57.577Z,2026-07-28T08:53:57.577Z
931,9,FP088,"Tinoransa, masakan","tinoransa masakan",processed_composite,KZGMI-2001,31.6,516.0,17.7,49.5,0.0,,1.2,698.0,648.0,3.5,1307.0,320.0,0.1,1.8,710.0,,,0.29,0.17,,,100.0,4.6_daging_unggas_dan_hasil_olahannya.json,0f37b778787174bd1c041903382df2b5586e739416176da037fd9b27f497e83a,2026-07-28T08:53:57.577Z,2026-07-28T08:53:57.577Z
932,10,GR001,"Belut, segar","belut segar",single,KZGMI-2001,81.5,70.0,14.6,0.8,1.0,0.0,2.1,49.0,155.0,1.5,55.0,169.0,0.2,1.2,,0.0,,0.22,0.12,7.7,,,4.7_ikan_kerang_udang_dan_hasil_olahannya.json,1345e0de940695d1cd6c13da395e1488b258a67651d9c85e734d23f5ebf39107,2026-07-28T08:53:57.577Z,2026-07-28T08:53:57.577Z
933,10,GR002,"Belut,laut, segar","belut laut segar",single,KZGPI-1990,79.5,93.0,12.8,1.5,6.1,0.0,4.1,60.0,199.0,3.0,33.0,175.9,0.1,1.0,51.0,3.0,71.0,0.06,0.0,2.7,,,4.7_ikan_kerang_udang_dan_hasil_olahannya.json,f90be9855dfd0b1b06bdab2dc7b86a345b0e3e71f4a8be0697db6348f61b203f,2026-07-28T08:53:57.577Z,2026-07-28T08:53:57.577Z
934,10,GR003,"Cumi-cumi, segar","cumi cumi segar",single,KZGPI-1990,82.2,75.0,16.1,0.7,0.1,0.0,0.9,32.0,200.0,1.8,37.0,204.1,1.6,1.3,0.0,20.0,0.0,0.08,0.0,2.5,0.0,,4.7_ikan_kerang_udang_dan_hasil_olahannya.json,ce6b273e321f31fa60fe8890995a68edb6553d64a15d152d64f0070bc1d8e341,2026-07-28T08:53:57.577Z,2026-07-28T08:53:57.577Z
935,10,GR004,"Ikan bader, segar","ikan bader segar",single,DABM-1964,66.0,193.0,19.0,13.0,0.0,0.0,2.0,48.0,150.0,0.4,118.0,264.9,0.1,0.2,45.0,0.0,,0.01,0.1,4.1,0.0,,4.7_ikan_kerang_udang_dan_hasil_olahannya.json,ef085131338d08f9680e5a5dcc9725dca04b0b61958da2a4f3cf96330c2fe3c2,2026-07-28T08:53:57.577Z,2026-07-28T08:53:57.577Z
936,10,GR005,"Ikan balong, segar","ikan balong segar",single,KZGPI-1990,76.5,107.0,16.5,3.9,1.5,0.0,1.5,54.0,202.0,2.0,86.0,253.4,0.5,1.0,25.0,0.0,0.0,0.05,0.1,2.5,0.0,,4.7_ikan_kerang_udang_dan_hasil_olahannya.json,2e7f7de152950b293ed0a0c5323fce8b8f42c989c57c2aa6499ca8dc89bc6d1f,2026-07-28T08:53:57.577Z,2026-07-28T08:53:57.577Z
937,10,GR006,"Ikan bambangan, segar","ikan bambangan segar",single,KZGPI-1990,73.7,112.0,20.0,1.3,3.7,0.0,1.3,98.0,120.0,3.0,148.0,258.7,0.0,0.1,0.0,0.0,0.0,0.07,0.0,0.3,0.0,,4.7_ikan_kerang_udang_dan_hasil_olahannya.json,8d460ea4e4d840cd1e42d71312929eed4bfeff8bc1ff39951a99c243d0357b0a,2026-07-28T08:53:57.577Z,2026-07-28T08:53:57.577Z
938,10,GR007,"Ikan bandeng, segar","ikan bandeng segar",single,DABM-1964,74.0,123.0,20.0,4.8,0.0,0.0,1.2,20.0,150.0,2.0,67.0,271.1,0.0,0.9,45.0,21.0,,0.05,0.1,6.0,0.0,,4.7_ikan_kerang_udang_dan_hasil_olahannya.json,69f751041713492542c6f4cf6e1fc6d395bf1b5dfce6754d12085da90f8f5f14,2026-07-28T08:53:57.577Z,2026-07-28T08:53:57.577Z
939,10,GR008,"Ikan banjar, segar","ikan banjar segar",single,KZGPI-1990,73.5,111.0,19.4,0.9,4.8,0.0,1.4,68.0,278.0,7.3,99.0,338.7,0.2,0.6,0.0,62.0,0.0,0.03,0.2,7.3,0.0,,4.7_ikan_kerang_udang_dan_hasil_olahannya.json,7350538de622ad9eec20a567c936bbf448a395d1b61d85deb63dbf9387e2846c,2026-07-28T08:53:57.577Z,2026-07-28T08:53:57.577Z
940,10,GR009,"Ikan baronang, segar","ikan baronang segar",single,KZGMI-2001,80.0,78.0,14.5,0.6,3.7,0.0,1.2,26.0,521.0,3.8,26.0,692.0,4.7,4.1,732.0,0.0,,0.2,0.04,3.0,0.0,,4.7_ikan_kerang_udang_dan_hasil_olahannya.json,ed177c7dcf39dc7b3488d7e2ebe5060888312200dbf30f4e6d61203224532bb9,2026-07-28T08:53:57.577Z,2026-07-28T08:53:57.577Z
941,10,GR010,"Ikan batung, segar","ikan batung segar",single,KZGMI-2001,75.7,115.0,14.5,4.6,4.2,0.0,1.1,,207.0,0.0,42.0,361.0,0.2,0.9,,0.0,,1.2,0.04,1.1,,,4.7_ikan_kerang_udang_dan_hasil_olahannya.json,fee46a2c569576198b56f54ca1f5ad5a0a15b59096983126f2a9cb85e266ba2a,2026-07-28T08:53:57.577Z,2026-07-28T08:53:57.577Z
942,10,GR011,"Ikan baung, segar","ikan baung segar",single,KZGMI-2001,74.9,123.0,15.1,5.5,3.3,0.0,1.2,5.0,146.0,1.3,32.0,349.0,0.1,0.7,,0.0,,0.2,0.03,1.2,,,4.7_ikan_kerang_udang_dan_hasil_olahannya.json,38f0aa9a9786cb741e2c8d62883b3f9606e73290e977b07644ce14d1bb6cab6b,2026-07-28T08:53:57.577Z,2026-07-28T08:53:57.577Z
943,10,GR012,"Ikan bawal, segar","ikan bawal segar",single,DABM-1964,78.0,91.0,19.0,1.7,0.0,0.0,1.3,20.0,150.0,2.0,129.0,233.3,0.1,0.3,45.0,0.0,,0.05,0.1,1.8,0.0,,4.7_ikan_kerang_udang_dan_hasil_olahannya.json,3edb6f906722e5d2e74b617ab6a7eca4c08cb943d2154711ecab16fc1b163c08,2026-07-28T08:53:57.577Z,2026-07-28T08:53:57.577Z
944,10,GR013,"Ikan Belida, segar","ikan belida segar",single,KZGMI-2001,79.2,80.0,14.7,1.4,2.2,0.0,2.3,303.0,315.0,1.3,41.0,356.0,0.0,0.8,,0.0,,1.2,0.14,1.4,,,4.7_ikan_kerang_udang_dan_hasil_olahannya.json,ff6ee74f777f4a825c98c59880c0363b95d771ae1f8771062a370ccdf0ac7a90,2026-07-28T08:53:57.577Z,2026-07-28T08:53:57.577Z
945,10,GR014,"Ikan beunteur, segar","ikan beunteur segar",single,DABM-1964,70.0,109.0,17.0,4.0,0.0,0.0,9.0,500.0,500.0,1.0,109.0,323.5,0.6,1.3,45.0,,,0.05,0.1,2.6,0.0,,4.7_ikan_kerang_udang_dan_hasil_olahannya.json,58016ed3aa6a9e42189632d211a650e2055f122cb17c84555b05283636df6874,2026-07-28T08:53:57.577Z,2026-07-28T08:53:57.577Z
946,10,GR015,"Ikan biawan, segar","ikan biawan segar",single,KZGMI-2001,79.1,90.0,14.9,2.5,2.1,0.0,1.4,125.0,265.0,1.0,35.0,207.0,0.4,0.6,,,,0.36,0.03,2.9,,,4.7_ikan_kerang_udang_dan_hasil_olahannya.json,817c50e1e5fad90c48b8bf33fff1cd7783c54ad45a538f512fe776825857f2c4,2026-07-28T08:53:57.577Z,2026-07-28T08:53:57.577Z
947,10,GR016,"Ikan bili, segar","ikan bili segar",single,KZGMI-2001,68.3,88.0,14.2,0.7,6.2,0.0,10.6,27.0,1760.0,1.5,217.0,202.0,0.0,4.1,,0.0,,0.72,0.09,2.7,,,4.7_ikan_kerang_udang_dan_hasil_olahannya.json,e5c55b90d7aa10ca85a59ccecb738cc27c9e9d3616b0b05b1214f8809d6c2e12,2026-07-28T08:53:57.577Z,2026-07-28T08:53:57.577Z
948,10,GR017,"Ikan bubara, segar","ikan bubara segar",single,KZGMI-2001,75.5,100.0,14.7,2.4,4.9,,1.6,90.0,90.0,0.4,390.0,390.0,0.7,0.8,,,,,,,,,4.7_ikan_kerang_udang_dan_hasil_olahannya.json,2ff73691ed0caca8fb571e9554e3ecdeaa6e6122a872f8c4d9963d432dab8f4a,2026-07-28T08:53:57.577Z,2026-07-28T08:53:57.577Z
949,10,GR018,"Ikan bulan-bulan, segar","ikan bulan bulan segar",single,KZGMI-2001,66.7,134.0,25.5,1.3,5.0,,1.5,29.0,29.0,0.5,197.0,489.0,0.1,0.5,,,,0.3,0.02,0.8,,,4.7_ikan_kerang_udang_dan_hasil_olahannya.json,47d4d1428e0ab0cb35d82a3575d56f3a0e781d60fe0df251e038cb66536a061e,2026-07-28T08:53:57.577Z,2026-07-28T08:53:57.577Z
950,10,GR019,"Ikan cakalang, segar","ikan cakalang segar",single,KZGMI-2001,73.0,107.0,19.6,0.7,5.5,0.0,1.2,23.0,242.0,2.9,66.0,239.0,0.2,0.6,386.0,0.0,,0.17,0.05,21.7,0.0,,4.7_ikan_kerang_udang_dan_hasil_olahannya.json,b0ea130a86b958d90177441c73a0d8e7934c624ccb0002d86848a9e68b408816,2026-07-28T08:53:57.577Z,2026-07-28T08:53:57.577Z
951,10,GR020,"Ikan cakalang, hati, segar","ikan cakalang hati segar",single,KZGMI-2001,73.4,120.0,11.3,3.9,10.0,,1.4,30.0,30.0,0.9,420.0,280.0,1.6,4.3,,,,,,0.2,,,4.7_ikan_kerang_udang_dan_hasil_olahannya.json,af086ec2493a2e83d8c4550361c9a7cd5f9fb37472fc94f3bfc24034c417165a,2026-07-28T08:53:57.577Z,2026-07-28T08:53:57.577Z
952,10,GR021,"Ikan cakalang, jantung, segar","ikan cakalang jantung segar",single,KZGMI-2001,76.3,116.0,11.2,1.2,10.2,,1.1,10.0,40.0,3.4,360.0,250.0,0.5,1.9,908.0,,,,,0.1,0.0,,4.7_ikan_kerang_udang_dan_hasil_olahannya.json,ebe74b5c08ee50c170b9511545da6dfe4b858191519940ee35e8b582a4193511,2026-07-28T08:53:57.577Z,2026-07-28T08:53:57.577Z
953,10,GR022,"Ikan cakalang, perut, segar","ikan cakalang perut segar",single,KZGMI-2001,79.1,86.0,10.2,1.1,8.7,,0.9,20.0,110.0,2.1,230.0,210.0,0.3,9.3,,,,0.24,,0.3,,,4.7_ikan_kerang_udang_dan_hasil_olahannya.json,22ccb2422df33f6489c687046c0f007fa790e69213dc1757c47a467de0889856,2026-07-28T08:53:57.577Z,2026-07-28T08:53:57.577Z
954,10,GR023,"Ikan daun, segar","ikan daun segar",single,KZGMI-2001,78.6,101.0,11.5,4.1,4.6,0.0,1.2,80.0,210.0,0.8,120.0,270.0,0.1,0.9,0.0,,,0.08,0.07,0.1,0.0,,4.7_ikan_kerang_udang_dan_hasil_olahannya.json,54c835d5dbac399ff61e96d14ac99e1108fb48e53f41928b5334581ca2f7348a,2026-07-28T08:53:57.577Z,2026-07-28T08:53:57.577Z
955,10,GR024,"Ikan ekor kuning, segar","ikan ekor kuning segar",single,KZGMI-2001,74.1,108.0,22.3,1.2,2.1,0.0,0.3,30.0,220.0,0.5,50.0,230.0,0.1,0.6,40.0,29.0,,0.0,0.1,0.2,,,4.7_ikan_kerang_udang_dan_hasil_olahannya.json,8241da62b6d67f3ba983946fec72b5e30a4bdbdd144cca39e72906f90eb0cec0,2026-07-28T08:53:57.577Z,2026-07-28T08:53:57.577Z
956,10,GR025,"Ikan gabus, segar","ikan gabus segar",single,KZGMI-2001,79.6,80.0,16.2,0.5,2.6,0.0,1.1,170.0,139.0,0.1,65.0,254.0,0.3,0.4,335.0,,,0.4,0.2,0.1,,,4.7_ikan_kerang_udang_dan_hasil_olahannya.json,b131b1ac9d4a76d64b316482b69de24c8afb0c67ed4de974128695b75588eb7e,2026-07-28T08:53:57.578Z,2026-07-28T08:53:57.578Z
957,10,GR026,"Ikan heu, segar","ikan heu segar",single,KZGMI-2001,75.6,81.0,10.0,1.6,6.6,,6.2,1910.0,990.0,2.1,240.0,210.0,0.1,2.7,,,,0.87,,0.2,,,4.7_ikan_kerang_udang_dan_hasil_olahannya.json,3910b51a7c4a1c6a1cfe0c11688cfd3a9da381ddb7180982748df832f692c9b4,2026-07-28T08:53:57.578Z,2026-07-28T08:53:57.578Z
958,10,GR027,"Ikan hitam, segar","ikan hitam segar",single,KZGMI-2001,78.2,101.0,10.3,3.7,6.7,0.0,1.1,50.0,140.0,0.4,70.0,210.0,,0.4,67.0,,,0.0,0.1,0.1,,,4.7_ikan_kerang_udang_dan_hasil_olahannya.json,a7ad66079c6690a13cc4d730ab9fd1f3c93250bc97b3897e47b5751c8e9833fd,2026-07-28T08:53:57.578Z,2026-07-28T08:53:57.578Z
959,10,GR028,"Ikan hiu, segar","ikan hiu segar",single,KZGPI-1990,85.7,57.0,10.7,0.3,2.2,0.0,1.1,75.0,206.0,2.0,,,0.02,,,,0.0,0.05,,,0.0,,4.7_ikan_kerang_udang_dan_hasil_olahannya.json,0f4b662b8e36f6185049f319813aed3ea08ad2b249e5675860424961ecc45540,2026-07-28T08:53:57.578Z,2026-07-28T08:53:57.578Z
960,10,GR029,"Ikan kacangan, segar","ikan kacangan segar",single,KZGPI-1990,80.7,77.0,15.6,0.9,1.6,0.0,1.2,94.0,170.0,1.7,,,,,18.0,,0.0,0.07,,,0.0,,4.7_ikan_kerang_udang_dan_hasil_olahannya.json,a5aa9a0fe81620104c6a6bcceb6809a9610bfd68b6622f0f26b18d0ab5338a57,2026-07-28T08:53:57.578Z,2026-07-28T08:53:57.578Z
961,10,GR030,"Ikan kakap, segar","ikan kakap segar",single,DABM-1964,77.0,92.0,20.0,0.7,0.0,0.0,2.3,20.0,200.0,1.0,,,,,9.0,,,0.05,,,0.0,,4.7_ikan_kerang_udang_dan_hasil_olahannya.json,04252a0aa9102f892493370a1a158edeb0bd98e1b0b80f98653613bd3e7c925a,2026-07-28T08:53:57.578Z,2026-07-28T08:53:57.578Z
962,10,GR031,"Ikan kakatua, segar","ikan kakatua segar",single,KZGMI-2001,79.7,82.0,11.4,1.2,6.4,,1.3,20.0,160.0,0.4,90.0,300.0,0.1,0.3,18.0,,,,,0.2,,,4.7_ikan_kerang_udang_dan_hasil_olahannya.json,77c3b00b3408bb2db265d77c35b16cb24cc27fb9d4d0db1da74a352e69b59064,2026-07-28T08:53:57.578Z,2026-07-28T08:53:57.578Z
963,10,GR032,"Ikan kalaban, segar","ikan kalaban segar",single,KZGMI-2001,80.3,77.0,16.4,0.7,1.3,0.0,1.3,182.0,248.0,0.9,40.0,334.0,0.7,0.8,,,,0.16,0.15,1.9,,,4.7_ikan_kerang_udang_dan_hasil_olahannya.json,b546ac35017965117a83f2e37c81bb92ce4900a71a4b1057097dea3276ec1e84,2026-07-28T08:53:57.578Z,2026-07-28T08:53:57.578Z
964,10,GR033,"Ikan kamera (kakap merah), segar","ikan kamera kakap merah segar",single,KZGMI-2001,78.5,86.0,19.7,0.8,0.0,0.0,1.3,50.0,170.0,0.3,90.0,290.0,0.3,0.1,26.0,,,,0.08,0.1,,,4.7_ikan_kerang_udang_dan_hasil_olahannya.json,36e05273a4fd329017487582d9375a115e52ce9e79a455c85eaca23da22f7053,2026-07-28T08:53:57.578Z,2026-07-28T08:53:57.578Z
965,10,GR034,"Ikan kapar, segar","ikan kapar segar",single,KZGMI-2001,74.2,132.0,17.0,6.7,0.8,0.0,1.3,151.0,272.0,1.2,78.0,229.0,0.9,0.7,,,,0.07,0.03,,,,4.7_ikan_kerang_udang_dan_hasil_olahannya.json,5eb85bda8c188e44930e88a0a6181f1828cd19318fefe798302f6c1b63734e7b,2026-07-28T08:53:57.578Z,2026-07-28T08:53:57.578Z
966,10,GR035,"Ikan kawalinya, segar","ikan kawalinya segar",single,KZGMI-2001,76.1,110.0,12.6,4.2,5.4,,1.7,80.0,300.0,1.5,340.0,300.0,0.2,1.4,146.0,,,,,0.2,,,4.7_ikan_kerang_udang_dan_hasil_olahannya.json,7f568a537a458be6597eaca50bdf314078d588c0c2ea549b42c5d6b1331ed322,2026-07-28T08:53:57.578Z,2026-07-28T08:53:57.578Z
967,10,GR036,"Ikan keru-keru, segar","ikan keru keru segar",single,KZGPI-1990,77.2,93.0,16.5,2.1,0.8,0.0,3.4,65.0,217.0,2.4,137.0,255.3,0.34,0.7,0.0,,0.0,0.01,0.09,1.6,0.0,55.0,4.7_ikan_kerang_udang_dan_hasil_olahannya.json,46d9ea94ec55fe759f535edda2774fe379650bab40f3fda6c445d5afe2650dc7,2026-07-28T08:53:57.578Z,2026-07-28T08:53:57.578Z
968,10,GR037,"Ikan kima, segar","ikan kima segar",single,KZGMI-2001,82.1,70.0,10.8,0.7,5.2,,1.2,53.0,72.0,2.0,342.0,101.0,0.5,0.5,401.0,,,0.22,0.05,5.8,,,4.7_ikan_kerang_udang_dan_hasil_olahannya.json,a8642b0b173128a8bc12b7fb04217937243276a68a567ad61a0ea5569ffd4a52,2026-07-28T08:53:57.578Z,2026-07-28T08:53:57.578Z
969,10,GR038,"Ikan lais, segar","ikan lais segar",single,KZGPI-1990,65.0,161.0,11.9,11.5,2.4,0.0,9.2,70.0,237.0,0.0,,,,,0.0,,0.0,0.05,,,0.0,62.0,4.7_ikan_kerang_udang_dan_hasil_olahannya.json,d3727411bfbf264c7fe69e2e446747f2cef3d8aa6a931696010f20bd1b0114ae,2026-07-28T08:53:57.578Z,2026-07-28T08:53:57.578Z
970,10,GR039,"Ikan layang, segar","ikan layang segar",single,DABM-1964,74.0,109.0,22.0,1.7,0.0,0.0,2.3,50.0,150.0,2.0,,,,,45.0,0.0,,0.05,,,0.0,80.0,4.7_ikan_kerang_udang_dan_hasil_olahannya.json,440a74a46e34013d1b994f64d045566c688a6b97c475b6e3a7007818afbddab9,2026-07-28T08:53:57.578Z,2026-07-28T08:53:57.578Z
971,10,GR040,"Ikan layur, segar","ikan layur segar",single,KZGPI-1990,80.1,82.0,18.0,1.0,0.4,0.0,0.5,48.0,229.0,2.2,,,,,4.0,,0.0,0.04,,,0.0,49.0,4.7_ikan_kerang_udang_dan_hasil_olahannya.json,b2921fcb29bf82b69be3cfaf72a665f62f54a1392b22704e2e1b1d01f0fc747f,2026-07-28T08:53:57.578Z,2026-07-28T08:53:57.578Z
972,10,GR041,"Ikan lehoma, segar","ikan lehoma segar",single,KZGMI-2001,77.6,90.0,20.4,0.9,0.0,,1.1,88.0,270.0,0.7,56.0,281.0,0.3,0.9,1047.0,,,0.32,0.03,0.2,,,4.7_ikan_kerang_udang_dan_hasil_olahannya.json,015c333a9777b8da9a51e53f6b1fb703bd2ada4fd866f07b20bc38720a3d5bb8,2026-07-28T08:53:57.578Z,2026-07-28T08:53:57.578Z
973,10,GR042,"Ikan lemuru, segar","ikan lemuru segar",single,DABM-1964,76.0,112.0,20.0,3.0,0.0,0.0,1.0,20.0,100.0,1.0,,,,,30.0,0.0,,0.05,,,0.0,80.0,4.7_ikan_kerang_udang_dan_hasil_olahannya.json,f0ee7653c72b7a07126bd7fc5338f053027740631c463373730fc648df612465,2026-07-28T08:53:57.578Z,2026-07-28T08:53:57.578Z
974,10,GR043,"Ikan lidah, segar","ikan lidah segar",single,KZGPI-1990,78.3,104.0,15.6,3.2,2.0,0.0,0.9,30.0,143.0,2.0,,,,,33.0,,0.0,0.03,,,0.0,,4.7_ikan_kerang_udang_dan_hasil_olahannya.json,404bdaaaee0ddfb410d1042bd74fbba9933db703b8ffec9860aae60ec3bb55c2,2026-07-28T08:53:57.578Z,2026-07-28T08:53:57.578Z
975,10,GR044,"Ikan malalugis, segar","ikan malalugis segar",single,KZGMI-2001,75.6,99.0,20.6,1.4,0.9,,1.5,164.0,330.0,0.5,76.0,282.0,0.2,0.9,661.0,,,0.3,0.02,0.5,,,4.7_ikan_kerang_udang_dan_hasil_olahannya.json,10be12e48818131614b4c2875e6c318a6bd056bae88197e802c7192b8954088a,2026-07-28T08:53:57.578Z,2026-07-28T08:53:57.578Z
976,10,GR045,"Ikan mamar merah, segar","ikan mamar merah segar",single,KZGMI-2001,75.0,115.0,15.3,4.0,4.4,0.0,1.3,60.0,190.0,1.6,120.0,240.0,0.2,1.0,,,,0.2,0.1,0.1,,,4.7_ikan_kerang_udang_dan_hasil_olahannya.json,651c7f60ee1247a468378b7b221de3923d24bf8aff2f03feecdb4f31d765be46,2026-07-28T08:53:57.578Z,2026-07-28T08:53:57.578Z
977,10,GR046,"Ikan mas, segar","ikan mas segar",single,DABM-1964,80.0,86.0,16.0,2.0,0.0,0.0,2.0,20.0,150.0,2.0,65.0,276.7,0.1,1.1,45.0,8.0,,0.05,0.1,2.6,0.0,80.0,4.7_ikan_kerang_udang_dan_hasil_olahannya.json,10a6f5c9ea31d56a8887906b42800e9f4fbce3871d9a4705fadc719b8ae63540,2026-07-28T08:53:57.578Z,2026-07-28T08:53:57.578Z
978,10,GR047,"Ikan mayong, segar","ikan mayong segar",single,KZGPI-1990,78.2,97.0,17.9,2.0,0.4,0.0,1.5,40.0,100.0,2.5,,,,,21.0,,0.0,0.1,,,0.0,89.0,4.7_ikan_kerang_udang_dan_hasil_olahannya.json,ed7c9e4fab85482cc3ec484ac477996bf6c31be2aa16295307060c90c457d8df,2026-07-28T08:53:57.578Z,2026-07-28T08:53:57.578Z
979,10,GR048,"Ikan mujahir, segar","ikan mujahir segar",single,KZGPI-1990,79.7,89.0,18.7,1.0,0.0,0.0,1.1,96.0,209.0,1.5,51.0,265.8,0.0,0.2,6.0,3.0,5.0,0.03,0.1,2.0,0.0,80.0,4.7_ikan_kerang_udang_dan_hasil_olahannya.json,f1b36d04d21a793dae673690cbc1f421cbbfd809be3e2128fbf0ad4be9990005,2026-07-28T08:53:57.578Z,2026-07-28T08:53:57.578Z
980,10,GR049,"Ikan nasu metti, segar","ikan nasu metti segar",single,KZGMI-2001,65.3,154.0,16.8,5.0,10.5,,2.4,80.0,244.0,1.6,421.0,488.0,0.2,1.2,,,,0.47,0.15,9.6,,,4.7_ikan_kerang_udang_dan_hasil_olahannya.json,3e2eef1939ff2c159765c858bf386e9d0af585047bf0c2e23bc62d33c415214f,2026-07-28T08:53:57.578Z,2026-07-28T08:53:57.578Z
981,10,GR050,"Ikan oci, kembung, segar","ikan oci kembung segar",single,KZGMI-2001,71.4,125.0,21.3,3.4,2.2,,1.7,136.0,69.0,0.8,214.0,245.0,0.2,1.1,,,,0.26,0.03,0.2,,80.0,4.7_ikan_kerang_udang_dan_hasil_olahannya.json,1dfa0c2aff183a80bed38f98d8ff0e5864bd89abb676dbd90f768f02e1d66ff7,2026-07-28T08:53:57.578Z,2026-07-28T08:53:57.578Z
982,10,GR051,"Ikan paling, segar","ikan paling segar",single,DABM-1964,58.0,303.0,14.0,27.0,0.0,0.0,1.0,20.0,200.0,1.0,43.0,,,,485.0,0.0,,0.1,,,2.0,100.0,4.7_ikan_kerang_udang_dan_hasil_olahannya.json,e8428755f8e8adbc73d607cfb37b6b60eff4cd342736ddc6d9f8f95620d6cc50,2026-07-28T08:53:57.578Z,2026-07-28T08:53:57.578Z
983,10,GR052,"Ikan papuyu/ betok, segar","ikan papuyu betok segar",single,KZGMI-2001,75.0,120.0,14.3,4.9,4.6,0.0,1.2,329.0,436.0,1.5,240.0,169.0,0.8,1.1,,0.0,,0.0,0.05,3.1,,,4.7_ikan_kerang_udang_dan_hasil_olahannya.json,10d0cc3b57f256358d785ae120b74fd40cb54681bb4fe9c1feaa55ca84e60886,2026-07-28T08:53:57.578Z,2026-07-28T08:53:57.578Z
984,10,GR053,"Ikan patin, segar","ikan patin segar",single,KZGMI-2001,74.4,132.0,17.0,6.6,1.1,0.0,0.9,31.0,173.0,1.6,77.0,346.0,0.7,0.8,,7.0,,0.2,0.03,1.7,,,4.7_ikan_kerang_udang_dan_hasil_olahannya.json,85b6a0555bfbd181fc267d9288a9c7b3908898269c71c04c3646b0ed0325f05e,2026-07-28T08:53:57.578Z,2026-07-28T08:53:57.578Z
985,10,GR054,"Ikan pomo, segar","ikan pomo segar",single,KZGMI-2001,68.3,147.0,22.5,5.2,2.6,,1.4,80.0,230.0,1.3,,380.0,0.2,0.7,89.0,,,,,,,,4.7_ikan_kerang_udang_dan_hasil_olahannya.json,8727df518e7ec8d1cb7ed0c3d314b300233123a96eb6777520c71b89887d50d8,2026-07-28T08:53:57.578Z,2026-07-28T08:53:57.578Z
986,10,GR055,"Ikan puntin, segar","ikan puntin segar",single,KZGMI-2001,81.1,76.0,14.4,1.1,2.2,,1.2,28.0,166.0,0.0,,325.0,0.1,0.6,,,,0.31,0.11,,,,4.7_ikan_kerang_udang_dan_hasil_olahannya.json,a3fc4cec50eb23bd284832ee14760ca779ae4fbd0018f957d346b236e5ca3608,2026-07-28T08:53:57.578Z,2026-07-28T08:53:57.578Z
987,10,GR056,"Ikan saluang, segar","ikan saluang segar",single,KZGMI-2001,74.8,113.0,13.9,4.9,3.4,0.0,3.0,642.0,646.0,1.9,51.0,182.0,0.8,3.6,,,,0.21,0.02,1.8,,89.0,4.7_ikan_kerang_udang_dan_hasil_olahannya.json,e52c5c08da94e91a49762b4e7a19dbd61fd8973b049e01168fa86b27d37c2875,2026-07-28T08:53:57.578Z,2026-07-28T08:53:57.578Z
988,10,GR057,"Ikan sarden, segar","ikan sarden segar",single,KZGMI-2001,72.7,109.0,19.9,1.8,3.4,0.0,2.2,95.0,597.0,1.3,266.0,227.0,0.3,2.0,195.0,0.0,,0.26,0.03,4.4,,,4.7_ikan_kerang_udang_dan_hasil_olahannya.json,465b3f11be5328d9f4745a53813062779ee9c7c8ef35045655ce6253d3d82db1,2026-07-28T08:53:57.578Z,2026-07-28T08:53:57.578Z
989,10,GR058,"Ikan selar, segar","ikan selar segar",single,DABM-1964,75.4,100.0,18.8,2.2,0.0,0.0,3.6,40.0,179.0,0.5,43.0,392.6,0.1,0.3,45.0,0.0,,0.37,0.2,3.4,0.0,48.0,4.7_ikan_kerang_udang_dan_hasil_olahannya.json,5f7dcfd01f29e6ffd47f7abfce4a560a93a52c2c49cc70f8edc7a58a8d92919d,2026-07-28T08:53:57.578Z,2026-07-28T08:53:57.578Z
990,10,GR059,"Ikan sepat, segar","ikan sepat segar",single,KZGMI-2001,78.8,84.0,15.2,0.6,4.7,0.0,0.8,68.0,171.0,2.1,211.0,198.0,0.7,0.6,,0.0,,0.16,0.03,1.9,,75.0,4.7_ikan_kerang_udang_dan_hasil_olahannya.json,9d252286cdc8ea6aefc05dc988dfc862663ab89921127249f29dee2d6547eeef,2026-07-28T08:53:57.578Z,2026-07-28T08:53:57.578Z
991,10,GR060,"Ikan sidat, segar","ikan sidat segar",single,KZGPI-1990,71.3,81.0,11.4,1.9,3.8,0.0,11.6,118.0,174.0,3.0,46.0,245.9,0.0,1.5,15.0,0.0,0.0,0.0,0.4,3.2,0.0,100.0,4.7_ikan_kerang_udang_dan_hasil_olahannya.json,3cd857e0b9a6356a4846a88c578f407df640c8484450e63a017aa303decd3dab,2026-07-28T08:53:57.578Z,2026-07-28T08:53:57.578Z
992,10,GR061,"Ikan sunu, segar","ikan sunu segar",single,KZGMI-2001,75.5,111.0,13.3,3.4,6.7,,1.1,86.0,174.0,1.2,91.0,197.0,0.0,0.6,309.0,,,1.03,0.1,0.2,,70.0,4.7_ikan_kerang_udang_dan_hasil_olahannya.json,f51e400c5b2fe0ff8f771196ae2e5963704e1d217276360f73aeb3f174376fed,2026-07-28T08:53:57.578Z,2026-07-28T08:53:57.578Z
993,10,GR062,"Ikan tahuman, segar","ikan tahuman segar",single,KZGMI-2001,77.4,88.0,15.9,0.9,4.1,0.0,1.8,221.0,223.0,0.0,24.0,364.0,0.4,0.7,,,,0.2,0.25,1.6,,,4.7_ikan_kerang_udang_dan_hasil_olahannya.json,3e4ef2bf55959b0415aa23c0ea0d636e40faf5426998673595533a18dc7acc5b,2026-07-28T08:53:57.578Z,2026-07-28T08:53:57.578Z
994,10,GR063,"Ikan tarmon, segar","ikan tarmon segar",single,KZGMI-2001,76.7,96.0,19.5,1.1,2.0,0.0,0.8,9.0,129.0,0.3,43.0,154.0,0.1,0.5,,,,0.15,0.02,1.7,,,4.7_ikan_kerang_udang_dan_hasil_olahannya.json,f77bb22e539f7f270e672ea44273b7f92200537ad856f321b3102f87abde7e43,2026-07-28T08:53:57.578Z,2026-07-28T08:53:57.578Z
995,10,GR064,"Ikan telan, segar","ikan telan segar",single,KZGMI-2001,75.3,95.0,15.8,0.7,6.5,0.0,1.7,503.0,354.0,0.2,58.0,294.0,1.6,1.2,,,,0.18,0.02,1.9,,,4.7_ikan_kerang_udang_dan_hasil_olahannya.json,8bffe7d9e0508e258f076fa258cdac8d997394c3eee93393c11013b40ada9dfb,2026-07-28T08:53:57.578Z,2026-07-28T08:53:57.578Z
996,10,GR065,"Ikan tembang, segar","ikan tembang segar",single,DABM-1964,65.0,204.0,16.0,15.0,0.0,0.0,4.0,20.0,200.0,2.0,341.0,291.0,0.4,2.6,30.0,0.0,,0.05,0.0,5.6,0.0,80.0,4.7_ikan_kerang_udang_dan_hasil_olahannya.json,75d44538e4a5bd523f45ef79d05c714b1088a065e9919abbca0087508a5431ac,2026-07-28T08:53:57.578Z,2026-07-28T08:53:57.578Z
997,10,GR066,"Ikan tempahas, segar","ikan tempahas segar",single,KZGMI-2001,78.9,101.0,15.1,4.1,1.0,0.0,0.9,32.0,163.0,0.0,50.0,320.0,0.7,0.6,,,,0.02,0.05,1.5,,,4.7_ikan_kerang_udang_dan_hasil_olahannya.json,b4f74cae56ff9787e64803330403f4acdeee5a80ae1058331cecf05258f769f8,2026-07-28T08:53:57.578Z,2026-07-28T08:53:57.578Z
998,10,GR067,"Ikan terbang, segar","ikan terbang segar",single,KZGMI-2001,76.1,98.0,19.6,1.7,1.0,0.0,1.6,90.0,190.0,0.6,90.0,320.0,0.1,0.5,39.0,0.0,,0.0,0.1,0.1,,,4.7_ikan_kerang_udang_dan_hasil_olahannya.json,5df9fcabd790b1e8e0d954ab13f7892c27d231b4b283b71e1e8b0839e482cf6b,2026-07-28T08:53:57.578Z,2026-07-28T08:53:57.578Z
999,10,GR068,"Ikan teri, segar","ikan teri segar",single,KZGPI-1990,80.0,74.0,10.3,1.4,4.1,0.0,4.2,972.0,253.0,3.9,554.0,126.1,305.2,0.2,13.0,0.0,28.0,0.24,0.1,1.9,0.0,100.0,4.7_ikan_kerang_udang_dan_hasil_olahannya.json,283953774ed14f9ef5f29bfd772af095037a8ea3747fc904a583cdb23bf49fa1,2026-07-28T08:53:57.578Z,2026-07-28T08:53:57.578Z
1000,10,GR069,"Ikan titang, segar","ikan titang segar",single,KZGMI-2001,78.8,82.0,17.4,0.4,2.3,0.0,1.1,145.0,130.0,1.8,110.0,275.0,0.1,0.8,581.0,,,0.64,0.03,1.5,,,4.7_ikan_kerang_udang_dan_hasil_olahannya.json,d589019ad369b7663208809cd11d6a6ac08d4727e5b6234e9551b21d6cc61014,2026-07-28T08:53:57.578Z,2026-07-28T08:53:57.578Z
1001,10,GR070,"Ikan tongkol, segar","ikan tongkol segar",single,KZGMI-2001,74.7,100.0,13.7,1.5,8.0,0.0,2.1,92.0,606.0,1.7,202.0,227.0,0.2,1.6,181.0,0.0,,0.35,0.03,6.6,,100.0,4.7_ikan_kerang_udang_dan_hasil_olahannya.json,4ef656051d0f77aad702810870b310d9a74bbf44bceae22a01e33aaa8fd146e5,2026-07-28T08:53:57.578Z,2026-07-28T08:53:57.578Z
1002,10,GR071,"Ikan turi, segar","ikan turi segar",single,KZGMI-2001,76.9,96.0,19.2,2.0,0.2,,2.1,340.0,340.0,0.8,370.0,300.0,0.1,2.0,26.0,,,,,,,,4.7_ikan_kerang_udang_dan_hasil_olahannya.json,4a48e36984228881ea0d22b3f4915b99dfe2dc75413ced50d6755f3e914db27b,2026-07-28T08:53:57.578Z,2026-07-28T08:53:57.578Z
1003,10,GR072,"Keong, segar","keong segar",single,DABM-1964,81.0,64.0,12.0,1.0,2.0,0.0,4.0,217.0,78.0,1.7,231.0,,0.37,0.1,0.0,244.0,,,,,,46.0,4.7_ikan_kerang_udang_dan_hasil_olahannya.json,e92c1e2b7a511b8181f41bf13df5c74b25fee9c45f559d0467d4396723728b09,2026-07-28T08:53:57.578Z,2026-07-28T08:53:57.578Z
1004,10,GR073,"Kepiting, segar","kepiting segar",single,DABM-1964,68.1,151.0,13.8,3.8,14.1,0.0,0.2,210.0,250.0,1.1,,,,,61.0,,,0.05,,,0.0,45.0,4.7_ikan_kerang_udang_dan_hasil_olahannya.json,909249f8c6c3064b6f09ab0103efb7902aea47cbf3ed866516f15f3f504f592b,2026-07-28T08:53:57.578Z,2026-07-28T08:53:57.578Z
1005,10,GR074,"Kerang, segar","kerang segar",single,KZGPI-1990,78.2,101.0,14.4,2.6,3.9,0.0,0.9,321.0,270.0,15.6,,,,,0.0,,0.0,0.01,,,0.0,100.0,4.7_ikan_kerang_udang_dan_hasil_olahannya.json,82c2c678647adc1857ac28ec6e00e9b1b2c4f67059d57b0682fb37364b6cb662,2026-07-28T08:53:57.578Z,2026-07-28T08:53:57.578Z
1006,10,GR075,"Kodok, segar","kodok segar",single,DABM-1964,81.9,73.0,16.4,0.3,0.0,0.0,1.4,18.0,147.0,1.1,,,,,0.0,,,0.14,,,0.0,65.0,4.7_ikan_kerang_udang_dan_hasil_olahannya.json,6e905db50ac7756fc871e49376222742fd3648350282802541cd5047ea440ca9,2026-07-28T08:53:57.578Z,2026-07-28T08:53:57.578Z
1007,10,GR076,"Kura-kura, segar","kura kura segar",single,DABM-1964,80.0,83.0,19.1,0.2,0.0,0.0,0.7,27.0,87.0,0.7,,,,,0.0,,,0.2,,,0.0,70.0,4.7_ikan_kerang_udang_dan_hasil_olahannya.json,889fc694a076724a8cfad0c69f649c09167bb09cd7a41bb7dc384b956ba9f9e3,2026-07-28T08:53:57.578Z,2026-07-28T08:53:57.578Z
1008,10,GR077,"Kuro, segar","kuro segar",single,KZGPI-1990,79.9,87.0,16.0,2.2,1.0,0.0,0.9,75.0,136.0,1.0,,,,,6.0,,0.0,0.04,,,0.0,52.0,4.7_ikan_kerang_udang_dan_hasil_olahannya.json,2ae94e155ffcbc086b47074e708f8e633250a0123d641348de532ddb551c7239,2026-07-28T08:53:57.578Z,2026-07-28T08:53:57.578Z
1009,10,GR078,"Lokan, segar","lokan segar",single,KZGMI-2001,80.9,217.0,11.0,1.7,5.1,,1.3,20.0,390.0,10.9,3.0,7.0,0.2,2.7,,,,0.45,0.07,,,,4.7_ikan_kerang_udang_dan_hasil_olahannya.json,018721f254915bc14322e5aebcada550f81833a0805e91614f29dbed3b2a320e,2026-07-28T08:53:57.578Z,2026-07-28T08:53:57.578Z
1010,10,GR079,"Rajungan, segar","rajungan segar",single,KZGMI-2001,80.2,76.0,12.1,2.0,2.4,0.0,2.7,721.0,214.0,2.2,69.0,192.0,1.7,2.9,599.0,40.0,,0.2,0.25,0.2,,,4.7_ikan_kerang_udang_dan_hasil_olahannya.json,6b747e5fb283e60faf0983faf9c95ae0ee13afd7623d522cad8f7d74d0ddf0e0,2026-07-28T08:53:57.578Z,2026-07-28T08:53:57.578Z
1011,10,GR080,"Rebon, udang kecil, segar","rebon udang kecil segar",single,DABM-1964,79.0,81.0,16.2,1.2,0.7,0.0,2.9,757.0,292.0,2.2,169.0,202.9,0.7,1.2,18.0,0.0,,0.04,0.1,2.4,0.0,100.0,4.7_ikan_kerang_udang_dan_hasil_olahannya.json,44d4d53b747840afb8ca2f5c067c22c4de2a62f0735e551c76642559670f26b2,2026-07-28T08:53:57.578Z,2026-07-28T08:53:57.578Z
1012,10,GR081,Rusip,rusip,single,KZGPI-1990,58.5,110.0,11.5,2.0,11.7,0.0,16.3,479.0,348.0,7.1,,,,,0.0,,0.0,0.04,,,0.0,100.0,4.7_ikan_kerang_udang_dan_hasil_olahannya.json,812f890d2cd7909be9a200b1ee1c239633a3b5cecf2902283d542712a6d5dcf8,2026-07-28T08:53:57.578Z,2026-07-28T08:53:57.578Z
1013,10,GR082,"Udang galah, segar","udang galah segar",single,KZGMI-2001,79.0,81.0,16.5,0.3,3.0,0.0,1.2,87.0,167.0,0.7,95.0,132.0,0.7,1.2,,3.0,,0.24,0.03,2.9,,68.0,4.7_ikan_kerang_udang_dan_hasil_olahannya.json,55be862c4f3bb42b61e95f1e3a053119270d012660bd5e53ef6f82eb73837a8d,2026-07-28T08:53:57.578Z,2026-07-28T08:53:57.578Z
1014,10,GR083,"Udang, besar, segar","udang besar segar",single,KZGMI-2001,85.5,56.0,11.4,0.6,1.2,0.0,1.3,30.0,20.0,0.3,190.0,210.0,0.4,0.8,,0.0,,0.14,0.0,0.1,,68.0,4.7_ikan_kerang_udang_dan_hasil_olahannya.json,f092901a1586fc1cda67d4348175fcb0b2f4e46bf5f74ffc0c7bec0374913554,2026-07-28T08:53:57.578Z,2026-07-28T08:53:57.578Z
1015,10,GR084,"Udang, segar","udang segar",single,DABM-1964,75.0,91.0,21.0,0.2,0.1,0.0,3.7,136.0,170.0,8.0,178.0,222.4,0.3,1.3,18.0,4.0,,0.01,0.4,3.7,0.0,68.0,4.7_ikan_kerang_udang_dan_hasil_olahannya.json,904ce64aa66fa00b402080cf47c023a01a44d75910ce57588da2b304ea7d75ba,2026-07-28T08:53:57.578Z,2026-07-28T08:53:57.578Z
1016,10,GP001,"Bekicot, dendeng, mentah","bekicot dendeng mentah",processed_composite,KZGPI-1990,6.7,441.0,48.7,20.3,15.8,0.0,8.4,692.0,523.0,16.6,,,,,6.0,,1408.0,0.56,,,69.0,100.0,4.7_ikan_kerang_udang_dan_hasil_olahannya.json,e4f23da6156e3a3cbb5811eeec8637acbb34e8b48418aa49027598530b47f931,2026-07-28T08:53:57.578Z,2026-07-28T08:53:57.578Z
1017,10,GP002,"Belut, goreng","belut goreng",processed_composite,KZGPI-1990,11.2,417.0,25.9,19.4,32.0,0.0,11.5,840.0,872.0,4.9,71.0,217.7,0.3,1.8,0.0,,0.0,0.0,0.2,10.5,0.0,,4.7_ikan_kerang_udang_dan_hasil_olahannya.json,b0aaf177c0f1708ecaaaacc32f1dafbb539889d1bbf2c10dcc9b13635c451b6d,2026-07-28T08:53:57.578Z,2026-07-28T08:53:57.578Z
1018,10,GP003,"Cumi-cumi, goreng","cumi cumi goreng",processed_composite,KZGPI-1990,54.2,265.0,40.6,10.1,0.0,0.0,3.1,62.0,270.0,2.7,86.0,81.9,,,0.0,56.0,0.0,0.09,0.0,6.3,0.0,,4.7_ikan_kerang_udang_dan_hasil_olahannya.json,93ee1bcf6e5555af729878e84b77f20af104702e12996c2d72d3ca48d2b27e22,2026-07-28T08:53:57.578Z,2026-07-28T08:53:57.578Z
1019,10,GP004,"Ikan asin, kering","ikan asin kering",processed_composite,DABM-1964,40.0,193.0,42.0,1.5,0.0,0.0,16.5,200.0,300.0,0.0,,,,,,,,0.01,,,0.0,70.0,4.7_ikan_kerang_udang_dan_hasil_olahannya.json,90ba30a5e204ebf55493fafd829f5482dc3c719b78259951d0b04d951b877ba6,2026-07-28T08:53:57.578Z,2026-07-28T08:53:57.578Z
1020,10,GP005,"Ikan bandeng presto, masakan","ikan bandeng presto masakan",processed_composite,KZGPI-1990,45.3,296.0,17.1,20.3,11.3,0.0,6.0,1422.0,659.0,1.9,,,,,6.0,0.0,400.0,0.14,,,69.0,100.0,4.7_ikan_kerang_udang_dan_hasil_olahannya.json,85ef8cb8a0cfc00ee3ffd7b301e18e1c133bde0558ae7efb985be8e3499bca13,2026-07-28T08:53:57.578Z,2026-07-28T08:53:57.578Z
1021,10,GP006,"Ikan baung bakar","ikan baung bakar",processed_composite,KZGMI-2001,69.8,144.0,17.8,5.8,5.2,,1.4,18.0,169.0,0.0,168.0,236.0,0.1,0.7,,,,0.0,0.0,1.3,,,4.7_ikan_kerang_udang_dan_hasil_olahannya.json,818058aabcf3e1672f74269d118de8142a90acbb053cd2695567f8d1de3fd0ef,2026-07-28T08:53:57.578Z,2026-07-28T08:53:57.578Z
1022,10,GP007,"Ikan Belida bakar","ikan belida bakar",processed_composite,KZGMI-2001,68.2,128.0,18.0,3.0,7.2,0.0,3.6,58.0,134.0,0.0,293.0,198.0,0.1,0.4,,0.0,,1.8,0.17,1.5,,,4.7_ikan_kerang_udang_dan_hasil_olahannya.json,3827b3426e7c6a84c3cfc32d09a583e57a7fae29774303941a3302741557a58a,2026-07-28T08:53:57.578Z,2026-07-28T08:53:57.578Z
1023,10,GP008,"Ikan cakalang asap, mentah","ikan cakalang asap mentah",processed_composite,KZGMI-2001,56.9,204.0,34.2,5.6,1.9,,1.4,14.0,399.0,1.3,176.0,588.0,0.3,0.7,1546.0,,,0.53,0.07,,,70.0,4.7_ikan_kerang_udang_dan_hasil_olahannya.json,c2b85ef89c013949e1d26218882f8d22e758a553a7f9404f2659f94fe40d6a1b,2026-07-28T08:53:57.578Z,2026-07-28T08:53:57.578Z
1024,10,GP009,"Ikan cakalang asin, mentah","ikan cakalang asin mentah",processed_composite,KZGPI-1990,41.7,198.0,36.5,2.2,5.5,0.0,14.1,236.0,346.0,3.7,4304.0,302.1,,,0.0,,0.0,0.06,,,0.0,70.0,4.7_ikan_kerang_udang_dan_hasil_olahannya.json,bd8d99c91459953f51deea81fb3e4e3c9bf548c9b52f36110c064326fe15ef8b,2026-07-28T08:53:57.578Z,2026-07-28T08:53:57.578Z
1025,10,GP010,"Ikan calo/ peda, mentah","ikan calo peda mentah",processed_composite,KZGPI-1990,71.3,81.0,11.4,1.9,3.8,0.0,11.6,743.0,174.0,22.6,,,,,15.0,,0.0,0.0,,,0.0,100.0,4.7_ikan_kerang_udang_dan_hasil_olahannya.json,ad1f9ef2d93c080a5bf48d56560bde2331ced34c6d59fd0a183157096f8d0a8c,2026-07-28T08:53:57.578Z,2026-07-28T08:53:57.578Z
1026,10,GP011,"Ikan Gabus asap, mentah","ikan gabus asap mentah",processed_composite,KZGMI-2001,26.4,261.0,38.1,2.3,21.9,0.0,11.3,2510.0,1840.0,2.9,320.0,410.0,0.4,0.8,114.0,,,0.1,0.1,14.5,,80.0,4.7_ikan_kerang_udang_dan_hasil_olahannya.json,1021471507b5071db6ce8e7e32bfee9bb0b5974f9570513fab31224a54a1ecea,2026-07-28T08:53:57.578Z,2026-07-28T08:53:57.578Z
1027,10,GP012,"Ikan Gabus, kering","ikan gabus kering",processed_composite,DABM-1964,24.0,268.0,58.0,4.0,0.0,0.0,14.0,15.0,100.0,0.1,,,,,30.0,,,0.1,,,0.0,80.0,4.7_ikan_kerang_udang_dan_hasil_olahannya.json,813ed77b67fd932ae418fbee43a1efc44fba675447aa89deffb69b91b8d780c8,2026-07-28T08:53:57.578Z,2026-07-28T08:53:57.578Z
1028,10,GP013,"Ikan gete, goreng","ikan gete goreng",processed_composite,KZGMI-2001,44.7,267.0,23.1,19.4,0.2,,12.6,2340.0,1240.0,0.8,590.0,440.0,0.1,1.9,,,,,,0.2,,,4.7_ikan_kerang_udang_dan_hasil_olahannya.json,fbdde3c626cb9624e3413258a187ac893aa49ada2c1a418a32c57b28f173ed0b,2026-07-28T08:53:57.578Z,2026-07-28T08:53:57.578Z
1029,10,GP014,"Ikan hiu, kering","ikan hiu kering",processed_composite,KZGMI-2001,23.1,298.0,46.3,3.6,20.2,,6.8,335.0,846.0,2.5,957.0,1457.0,0.5,2.0,661.0,,,0.84,0.11,22.5,,,4.7_ikan_kerang_udang_dan_hasil_olahannya.json,bd0b6f9a784024e98b302c887b2497b66f829f9e600617c6fe3847bf37e25f71,2026-07-28T08:53:57.578Z,2026-07-28T08:53:57.578Z
1030,10,GP015,"Ikan katombo, asin","ikan katombo asin",processed_composite,KZGPI-1990,44.7,162.0,31.7,2.8,0.3,0.0,15.5,279.0,609.0,4.6,4393.0,342.2,2.8,,0.0,,0.0,0.09,,,0.0,70.0,4.7_ikan_kerang_udang_dan_hasil_olahannya.json,535904ae5ab0b98a714b971777407b9aefb5162aaaab692a90c70a47356a2636,2026-07-28T08:53:57.578Z,2026-07-28T08:53:57.578Z
1031,10,GP016,"Ikan kayu, kering","ikan kayu kering",processed_composite,KZGMI-2001,23.1,302.0,70.7,1.9,0.4,0.0,3.9,313.0,22.0,4.1,345.0,1045.0,,1.8,,,,1.4,0.04,20.0,,,4.7_ikan_kerang_udang_dan_hasil_olahannya.json,7bb11a4a7fbac5617ca6d2f758f05ffba0527e10e4251c63c071622270af288d,2026-07-28T08:53:57.578Z,2026-07-28T08:53:57.578Z
1032,10,GP017,"Ikan Lais bakar","ikan lais bakar",processed_composite,KZGMI-2001,69.4,147.0,17.5,6.5,5.4,,1.2,54.0,194.0,0.1,142.0,209.0,,0.5,,,,,,,,,4.7_ikan_kerang_udang_dan_hasil_olahannya.json,a694a828b48dccff508c15d1cf3dfbc61b511eed1b960a805a40ef8f89bea961,2026-07-28T08:53:57.579Z,2026-07-28T08:53:57.579Z
1033,10,GP018,"Ikan lomak asin, mentah","ikan lomak asin mentah",processed_composite,KZGMI-2001,21.6,258.0,40.3,2.3,18.9,0.0,16.9,140.0,279.0,2.3,6227.0,485.1,2.3,,,,,0.1,0.3,6.0,,,4.7_ikan_kerang_udang_dan_hasil_olahannya.json,aa8d866ad6a3568e29b926574882f5d5d487a12ccadd1b056eaffe4450dc275b,2026-07-28T08:53:57.579Z,2026-07-28T08:53:57.579Z
1034,10,GP019,"Ikan Mas pepes","ikan mas pepes",processed_composite,KZGPI-1990,57.5,209.0,15.2,11.3,11.8,0.5,4.3,686.0,530.0,6.1,74.0,276.7,0.1,1.9,3.0,,315.0,0.13,0.1,2.4,0.0,100.0,4.7_ikan_kerang_udang_dan_hasil_olahannya.json,c7718cbb15af7a5764807df30a6cff0af2f1876825d1514b2c2261e7116ed04c,2026-07-28T08:53:57.579Z,2026-07-28T08:53:57.579Z
1035,10,GP020,"Ikan mujahir goreng","ikan mujahir goreng",processed_composite,KZGPI-1990,44.7,416.0,46.9,23.9,0.0,0.0,2.2,346.0,654.0,0.9,54.0,278.9,0.0,0.2,12.0,3.0,8.0,0.12,0.1,2.2,0.0,100.0,4.7_ikan_kerang_udang_dan_hasil_olahannya.json,4f9b94d757251d4b9e98ec220fe6bdfd9d0472b6a488452e32e522a514f48760,2026-07-28T08:53:57.579Z,2026-07-28T08:53:57.579Z
1036,10,GP021,"Ikan Mujahir pepes","ikan mujahir pepes",processed_composite,KZGPI-1990,73.7,121.0,21.7,2.8,0.8,0.0,1.0,83.0,248.0,1.6,58.0,265.8,0.0,0.3,8.0,,6.0,0.0,0.1,1.9,0.0,100.0,4.7_ikan_kerang_udang_dan_hasil_olahannya.json,fa62e8feef4c8aaaecd37bb87c4ec85713462d4762768a021d1f8f3d08b94292,2026-07-28T08:53:57.579Z,2026-07-28T08:53:57.579Z
1037,10,GP022,"Ikan mujahir, dendeng, mentah","ikan mujahir dendeng mentah",processed_composite,KZGPI-1990,15.2,582.0,68.3,15.2,37.2,0.0,14.1,3258.0,1699.0,4.3,,,,,15.0,,20.0,0.27,,,0.0,100.0,4.7_ikan_kerang_udang_dan_hasil_olahannya.json,138fb49e79d06e1a62e5f91d1a3136417bb287fa29b64c5a7c9b13087b8b9de7,2026-07-28T08:53:57.579Z,2026-07-28T08:53:57.579Z
1038,10,GP023,"Ikan Papuyu, bakar","ikan papuyu bakar",processed_composite,KZGMI-2001,66.6,152.0,17.6,6.1,6.7,0.0,3.0,244.0,227.0,3.4,320.0,224.0,0.2,1.0,,,,,,,,,4.7_ikan_kerang_udang_dan_hasil_olahannya.json,2b479a98a5b4dea6a0e844339b918e17251607dc8ebafddd75f6873b55b77102,2026-07-28T08:53:57.579Z,2026-07-28T08:53:57.579Z
1039,10,GP024,"Ikan Patin, bakar","ikan patin bakar",processed_composite,KZGMI-2001,70.3,144.0,17.5,6.3,4.3,,1.6,191.0,232.0,1.4,379.0,230.0,0.1,0.7,,,,,,,,,4.7_ikan_kerang_udang_dan_hasil_olahannya.json,78f75009ceaea60043d11b21737a3902b123c2329a5010dd7522b201e443e689,2026-07-28T08:53:57.579Z,2026-07-28T08:53:57.579Z
1040,10,GP025,"Ikan peda banjar, mentah","ikan peda banjar mentah",processed_composite,DABM-1964,46.0,156.0,28.0,4.0,2.0,0.0,20.0,174.0,316.0,3.1,59.0,368.8,0.0,0.5,33.0,4.0,,0.1,0.1,4.7,,90.0,4.7_ikan_kerang_udang_dan_hasil_olahannya.json,41b162f7d41626b4e7727036a4224eb1933ea8a1b1d55d803e20b4f2a0d97926,2026-07-28T08:53:57.579Z,2026-07-28T08:53:57.579Z
1041,10,GP026,"Ikan pepetek, mentah","ikan pepetek mentah",processed_composite,DABM-60/64,33.0,176.0,32.0,4.4,2.0,0.0,28.6,120.0,200.0,1.0,79.0,1.0,,,15.0,,,0.05,0.1,2.4,0.0,,4.7_ikan_kerang_udang_dan_hasil_olahannya.json,ffb34c31a9c357cfc1eeb259896cf3692d334007f5e0362495158bdeef486da8,2026-07-28T08:53:57.579Z,2026-07-28T08:53:57.579Z
1042,10,GP027,"Ikan Pindang banjar, mentah","ikan pindang banjar mentah",processed_composite,DABM-60/64,59.0,157.0,28.0,4.2,1.8,0.0,7.0,50.0,100.0,1.0,,,,,45.0,,,0.1,,,0.0,,4.7_ikan_kerang_udang_dan_hasil_olahannya.json,5eabd75b335ceb23f96e0543848e3b2ac0b628950514049ac78cc72e2326d13e,2026-07-28T08:53:57.579Z,2026-07-28T08:53:57.579Z
1043,10,GP028,"Ikan Pindang benggol, mentah","ikan pindang benggol mentah",processed_composite,DABM-60/64,57.0,170.0,31.0,4.2,0.0,0.0,7.8,50.0,100.0,1.0,,,,,45.0,,,0.1,,,0.0,,4.7_ikan_kerang_udang_dan_hasil_olahannya.json,8fb6fae3133d6f0f0acb51555f5d957abfe38595f74e2bdc244dc507b2261e7f,2026-07-28T08:53:57.579Z,2026-07-28T08:53:57.579Z
1044,10,GP029,"Ikan Pindang layang, mentah","ikan pindang layang mentah",processed_composite,DABM-60/64,60.0,153.0,30.0,2.8,0.0,0.0,7.2,60.0,200.0,3.0,,,,,61.0,,,0.07,,,0.0,,4.7_ikan_kerang_udang_dan_hasil_olahannya.json,fb4d069bc5ffd54fdd1e29261ed851687591a757d4a80f97c4cd50f8c91cb5a6,2026-07-28T08:53:57.579Z,2026-07-28T08:53:57.579Z
1045,10,GP030,"Ikan Pindang selar, mentah","ikan pindang selar mentah",processed_composite,DABM-60/64,60.0,142.0,27.0,3.0,0.0,0.0,10.0,60.0,200.0,3.0,,,,,61.0,,,0.07,,,0.0,,4.7_ikan_kerang_udang_dan_hasil_olahannya.json,f0d7c1d2e4cfd0c7e6bfdce86cd298fa4d9875dac32d8df8ef041e6f9c075d1f,2026-07-28T08:53:57.579Z,2026-07-28T08:53:57.579Z
1046,10,GP031,"Ikan sale, mentah","ikan sale mentah",processed_composite,BKP,8.5,534.0,40.2,39.3,4.9,2.0,7.1,199.0,1244.0,2.7,673.0,673.0,0.3,2.6,,410.0,0.0,0.02,0.5,0.0,0.0,100.0,4.7_ikan_kerang_udang_dan_hasil_olahannya.json,905482f24a985dd012210b724de8ebc9f88fa09dd5d723f0797fe6f132fbdf6a,2026-07-28T08:53:57.579Z,2026-07-28T08:53:57.579Z
1047,10,GP032,"Ikan sale lais, mentah","ikan sale lais mentah",processed_composite,KZGPI-1990,12.4,415.0,61.3,17.6,2.9,0.0,5.8,258.0,919.0,7.0,381.0,488.0,17.6,1.0,0.0,,0.0,0.03,0.1,17.3,0.0,,4.7_ikan_kerang_udang_dan_hasil_olahannya.json,04b9dbfd3e5e5bcd882fd5ff4d1d223abb57be10a7d3befa747a3d70a23e0d44,2026-07-28T08:53:57.579Z,2026-07-28T08:53:57.579Z
1048,10,GP033,"Ikan saluang, kering, mentah","ikan saluang kering mentah",processed_composite,KZGMI-2001,33.6,284.0,34.1,9.9,14.6,0.0,7.8,1426.0,1103.0,9.5,1767.0,263.0,1.3,18.7,,,,0.49,0.03,,,,4.7_ikan_kerang_udang_dan_hasil_olahannya.json,f5ebfc1f3ed5559f8c93a5717b20b29f2f18928e196c1523eca37ab5e31ef23a,2026-07-28T08:53:57.579Z,2026-07-28T08:53:57.579Z
1049,10,GP034,"Ikan sanggang, masakan","ikan sanggang masakan",processed_composite,KZGMI-2001,42.6,240.0,21.7,7.7,20.7,,7.3,159.0,362.0,9.8,2041.0,159.0,1.5,8.8,,,,0.51,0.02,,,,4.7_ikan_kerang_udang_dan_hasil_olahannya.json,a22d97aa3fc8d1e34ab6753d0ba8df28080c5f51f5f8abebcc45f6d733e36404,2026-07-28T08:53:57.579Z,2026-07-28T08:53:57.579Z
1050,10,GP035,"Ikan selar kuning, cue, mentah","ikan selar kuning cue mentah",processed_composite,DABM-1964,59.0,138.0,27.0,3.3,0.0,0.0,0.7,50.0,100.0,2.0,,,,,45.0,,,0.1,,,0.0,90.0,4.7_ikan_kerang_udang_dan_hasil_olahannya.json,43b573b0b29c14d3c0f9ae38a13d35790bb2ff7c224178b283c2f3ef9f47f9ea,2026-07-28T08:53:57.579Z,2026-07-28T08:53:57.579Z
1051,10,GP036,"Ikan selar, kering, mentah","ikan selar kering mentah",processed_composite,DABM-60/64,43.0,194.0,38.0,3.5,0.0,0.0,15.5,20.0,200.0,1.0,,,,,0.0,0.0,,0.01,,,0.0,,4.7_ikan_kerang_udang_dan_hasil_olahannya.json,b2083f095d586811ec36488dc53eed4f6669fd36e2cd9c248a95f59e4026b0ca,2026-07-28T08:53:57.579Z,2026-07-28T08:53:57.579Z
1052,10,GP037,"Ikan sepat, kering, mentah","ikan sepat kering mentah",processed_composite,DABM-60/64,30.0,289.0,38.0,14.0,0.0,0.0,18.0,40.0,100.0,0.7,,,,,0.0,0.0,,0.0,,,0.0,,4.7_ikan_kerang_udang_dan_hasil_olahannya.json,6324d592e5ba3cecf3bb8ac6b9f6958903ea9bd11161ff76e83def0e90b29406,2026-07-28T08:53:57.579Z,2026-07-28T08:53:57.579Z
1053,10,GP038,"Ikan sunu, asin, mentah","ikan sunu asin mentah",processed_composite,KZGMI-2001,34.7,199.0,34.1,3.8,7.1,,20.3,94.0,92.0,2.2,377.0,57.0,0.1,3.2,2481.0,,,1.5,0.13,7.2,,,4.7_ikan_kerang_udang_dan_hasil_olahannya.json,10b508881eea058397801e512e83010aabd406e6ae4ec16dccf657010f4d1d49,2026-07-28T08:53:57.579Z,2026-07-28T08:53:57.579Z
1054,10,GP039,"Ikan, tepung, mentah","ikan tepung mentah",processed_composite,KZGPI-1990,4.3,316.0,60.1,6.5,22.4,0.0,6.7,3196.0,1976.0,16.6,,,,,320.0,0.0,0.0,0.0,,,0.0,,4.7_ikan_kerang_udang_dan_hasil_olahannya.json,fc3de97e1603d7be0644620a6f919431a3a38cbdb3a3eed70bb27a036d7cf778,2026-07-28T08:53:57.579Z,2026-07-28T08:53:57.579Z
1055,10,GP040,"Ikan Teri nasi, kering, mentah","ikan teri nasi kering mentah",processed_composite,DABM-60/64,34.5,144.0,32.5,0.6,0.0,0.0,32.4,1000.0,1000.0,3.0,312.0,,,,61.0,,,0.1,,,0.0,,4.7_ikan_kerang_udang_dan_hasil_olahannya.json,ec6dd8978c4ff25590a8e53f555ad37eccba3e42f1a6475817736819b3726d39,2026-07-28T08:53:57.579Z,2026-07-28T08:53:57.579Z
1056,10,GP041,"Ikan Teri, bubuk, mentah","ikan teri bubuk mentah",processed_composite,DABM-60/64,15.0,277.0,60.0,2.3,1.8,0.0,20.9,1209.0,1225.0,3.0,,,,,90.0,,,0.1,,,0.0,,4.7_ikan_kerang_udang_dan_hasil_olahannya.json,2b5277c2d1f48808a3cf3318d5a41480bcb00b8a66b03d7a98f732730e39c3b4,2026-07-28T08:53:57.579Z,2026-07-28T08:53:57.579Z
1057,10,GP042,"Ikan teri, kering, mentah","ikan teri kering mentah",processed_composite,DABM-60/64,37.8,170.0,33.4,3.0,0.0,0.0,25.8,1200.0,1500.0,3.6,,,,,64.0,,,0.15,,,0.0,,4.7_ikan_kerang_udang_dan_hasil_olahannya.json,5f99b13c6d7608a5f809dd06930f800afc925643dc6bfe3d0a15f274bc0ea813,2026-07-28T08:53:57.579Z,2026-07-28T08:53:57.579Z
1058,10,GP043,"Ikan Teri, kering, tawar, mentah","ikan teri kering tawar mentah",processed_composite,DABM-60/64,16.7,331.0,68.7,4.2,0.0,0.0,10.4,2381.0,1500.0,23.4,,,,,61.0,,,0.1,,,0.0,,4.7_ikan_kerang_udang_dan_hasil_olahannya.json,e99337c0ca749d7f594bb9ca4e39254d088bd741bcb5fd0d4b424bb851e52b0d,2026-07-28T08:53:57.579Z,2026-07-28T08:53:57.579Z
1059,10,GP044,"Ikan Teri, tepung, mentah","ikan teri tepung mentah",processed_composite,KZGPI-1990,5.2,347.0,48.8,6.4,19.6,0.0,20.0,4608.0,1200.0,18.6,,,,,61.0,0.0,130.0,1.12,,,0.0,,4.7_ikan_kerang_udang_dan_hasil_olahannya.json,8814ba8c429647a8edbb6aa43f8b5d4587ee54159adbc2f323db5f4828bf6b3c,2026-07-28T08:53:57.579Z,2026-07-28T08:53:57.579Z
1060,10,GP045,"Kerang, asap, mentah","kerang asap mentah",processed_composite,KZGMI-2001,9.3,393.0,38.9,13.3,29.4,,9.1,420.0,410.0,8.5,160.0,50.0,0.6,3.7,,,,0.3,1.7,0.2,,100.0,4.7_ikan_kerang_udang_dan_hasil_olahannya.json,eb58fa8c74998c2275dc992b57b7b2c6606e2496d8a4dde356ef86d8aef8a8e4,2026-07-28T08:53:57.579Z,2026-07-28T08:53:57.579Z
1061,10,GP046,"Kerang, dendeng, mentah","kerang dendeng mentah",processed_composite,KZGPI-1990,18.3,357.0,41.1,10.0,25.6,0.0,5.0,217.0,904.0,5.2,,,,,0.0,,329.0,0.27,,,0.0,100.0,4.7_ikan_kerang_udang_dan_hasil_olahannya.json,a7200f429eceae9246a7346218cff84f963d1059dfef3bfc471763fb99e518a2,2026-07-28T08:53:57.579Z,2026-07-28T08:53:57.579Z
1062,10,GP047,"Rebon, kering, mentah","rebon kering mentah",processed_composite,DABM-60/64,21.6,299.0,59.4,3.6,3.2,0.0,12.2,2306.0,625.0,21.4,,,,,0.0,0.0,,0.06,,,0.0,,4.7_ikan_kerang_udang_dan_hasil_olahannya.json,b42a1063597ae01127f0fd45600980f8ee3a550c3d4b50275c96b58ff80ddd5a,2026-07-28T08:53:57.579Z,2026-07-28T08:53:57.579Z
1063,10,GP048,"Rebung laut, mentah","rebung laut mentah",processed_composite,KZGMI-2001,18.2,320.0,7.2,4.2,63.3,,7.1,240.0,570.0,6.6,20.0,1040.0,1.5,6.2,917.0,,,0.0,0.0,4.9,,,4.7_ikan_kerang_udang_dan_hasil_olahannya.json,7c447bf1bf77bd67cd5870a3926b7f4b2f81cadcad4212030b0d2f1633ce7d9a,2026-07-28T08:53:57.579Z,2026-07-28T08:53:57.579Z
1064,10,GP049,"Sardines dalam kaleng","sardines dalam kaleng",processed_composite,DABM-60/64,47.1,338.0,21.1,27.0,1.0,0.0,3.8,354.0,434.0,3.5,,,,,76.0,0.0,,0.1,,,0.0,,4.7_ikan_kerang_udang_dan_hasil_olahannya.json,eee7c6d0fed1220fec098e2ef35f5f9fb0558e2d3ccd146d3504e5d5ef58b9a7,2026-07-28T08:53:57.579Z,2026-07-28T08:53:57.579Z
1065,10,GP050,"Teripang, dendeng, mentah","teripang dendeng mentah",processed_composite,KZGPI-1990,12.5,462.0,39.1,32.4,3.5,0.0,12.5,499.0,616.0,96.4,315.0,402.5,,,2.0,0.0,144.0,1.37,0.0,5.3,0.0,100.0,4.7_ikan_kerang_udang_dan_hasil_olahannya.json,aa4f029ec17e6bb6418bdfda632f417f5c867d7b272581fa190678add22a5528,2026-07-28T08:53:57.579Z,2026-07-28T08:53:57.579Z
1066,10,GP051,"Udang kering, mentah","udang kering mentah",processed_composite,KZGMI-2001,14.9,278.0,62.6,4.1,2.2,,16.2,760.0,510.0,5.2,540.0,360.0,2.4,3.2,39.0,,,,,0.1,,,4.7_ikan_kerang_udang_dan_hasil_olahannya.json,fd11715e6cba6e26d205c052d7855b181b0fcd4d2a6293eddf113d75ad136da9,2026-07-28T08:53:57.579Z,2026-07-28T08:53:57.579Z
1067,10,GP052,"Udang papay, mentah","udang papay mentah",processed_composite,KZGMI-2001,24.5,273.0,47.8,3.8,12.5,,11.5,1109.0,789.0,2.4,651.0,802.0,2.6,10.8,,,,,,,,,4.7_ikan_kerang_udang_dan_hasil_olahannya.json,f7293ab1a4379645c723ffe7aa82c637285f22e7a528aaeb5250c7c01f8a4bdb,2026-07-28T08:53:57.579Z,2026-07-28T08:53:57.579Z
1068,10,GP053,"Abon haruwan","abon haruwan",processed_composite,KZGMI-2001,11.6,513.0,23.7,37.0,21.3,,6.4,25.0,25.0,0.5,61.0,15.0,0.0,0.2,,,,,,,,100.0,4.7_ikan_kerang_udang_dan_hasil_olahannya.json,8295f8cb4909d483e5552350198effa3b088c7df4a0da57b47e848325cbbca40,2026-07-28T08:53:57.579Z,2026-07-28T08:53:57.579Z
1069,10,GP054,"Abon ikan","abon ikan",processed_composite,KZGMI-2001,6.4,435.0,27.2,20.2,36.1,,10.1,,,,,,,,,,,,0.8,24.3,,100.0,4.7_ikan_kerang_udang_dan_hasil_olahannya.json,60af088a354168d84619047a42851c33b44cd947aa87573fb87128586cdf47f8,2026-07-28T08:53:57.579Z,2026-07-28T08:53:57.579Z
1070,10,GP055,"Betok wadi, masakan","betok wadi masakan",processed_composite,KZGMI-2001,69.2,145.0,16.3,7.0,4.1,,3.4,405.0,523.0,1.8,69.0,203.0,1.0,1.3,,,,0.22,,,,,4.7_ikan_kerang_udang_dan_hasil_olahannya.json,9045ca86ebc42ced8f8d690532a810557870690c3ae079aa42d0755f9b0f2f31,2026-07-28T08:53:57.579Z,2026-07-28T08:53:57.579Z
1071,10,GP056,"Bou ninahu ndamate, masakan","bou ninahu ndamate masakan",processed_composite,KZGMI-2001,79.5,79.0,6.3,1.0,1.1,,2.1,,,,67.0,,,,691.0,,,0.1,0.0,0.1,,,4.7_ikan_kerang_udang_dan_hasil_olahannya.json,ede4bd961ad77d43bdb7300065a735e9d26ea90752af5729555b7382d93bb5f5,2026-07-28T08:53:57.579Z,2026-07-28T08:53:57.579Z
1072,10,GP057,"Bouiki ninahu nggaluku, masakan","bouiki ninahu nggaluku masakan",processed_composite,KZGMI-2001,73.9,94.0,7.8,2.2,10.8,,5.3,,,,58.0,179.4,,1.5,,,,0.5,0.03,2.4,,,4.7_ikan_kerang_udang_dan_hasil_olahannya.json,8ce926dec6d08f4611bc37c8c7d80d44a502449f2e17c52ec1452af2bacaeb90,2026-07-28T08:53:57.579Z,2026-07-28T08:53:57.579Z
1073,10,GP058,"Cakalang asar (asap)","cakalang asar asap",processed_composite,KZGMI-2001,64.3,155.0,20.1,3.8,10.2,,1.6,20.0,240.0,2.1,90.0,390.0,0.3,0.1,86.0,,,,0.7,0.2,,,4.7_ikan_kerang_udang_dan_hasil_olahannya.json,d7a42bc8b7472e8e813e78e5980d4a79923fe436d72b391e6a47f6e2c64fe246,2026-07-28T08:53:57.579Z,2026-07-28T08:53:57.579Z
1074,10,GP059,"Dendeng belut, goreng, masakan","dendeng belut goreng masakan",processed_composite,KZGPI-1990,8.2,382.0,55.7,14.1,8.0,0.0,14.0,1069.0,654.0,15.4,,,,,28.0,,1480.0,0.48,,,0.0,,4.7_ikan_kerang_udang_dan_hasil_olahannya.json,04e659e2bf7dfbd79bd53a76c7029d8d1637d9104b0853b1c184265fb9a47130,2026-07-28T08:53:57.579Z,2026-07-28T08:53:57.579Z
1075,10,GP060,"Dendeng mujahir, goreng, masakan","dendeng mujahir goreng masakan",processed_composite,KZGPI-1990,6.5,598.0,74.3,26.9,9.2,0.0,13.1,1957.0,1447.0,7.4,,,,,18.0,,25.0,0.19,,,0.0,,4.7_ikan_kerang_udang_dan_hasil_olahannya.json,88886dd4658067f68414a53d6f48053f2ba2ece31182fd9da9d77dc9c6102660,2026-07-28T08:53:57.579Z,2026-07-28T08:53:57.579Z
1076,10,GP061,"Fillet o-fish","fillet o fish",processed_composite,KZGMS-1993,51.0,270.0,12.3,15.9,19.3,0.2,1.5,239.0,272.0,1.8,439.0,,,,34.0,,580.0,0.59,,,0.0,,4.7_ikan_kerang_udang_dan_hasil_olahannya.json,a34c8d5429f0658620d0448c2753a86032b42a4ca1872f8f9691134b87425ae6,2026-07-28T08:53:57.579Z,2026-07-28T08:53:57.579Z
1077,10,GP062,"Gete kuah asam, masakan","gete kuah asam masakan",processed_composite,KZGMI-2001,80.1,75.0,8.2,2.0,6.0,,3.8,1620.0,880.0,0.8,260.0,150.0,0.1,1.5,,,,,,0.1,,,4.7_ikan_kerang_udang_dan_hasil_olahannya.json,1fd5559afbb0ddeb6bed0d1f5cb31955711aba26a63762ab7724a5617340ad5f,2026-07-28T08:53:57.579Z,2026-07-28T08:53:57.579Z
1078,10,GP063,"Gulai asam keueung, masakan","gulai asam keueung masakan",processed_composite,KZGMI-2001,86.0,52.0,10.0,0.5,1.8,,1.7,62.0,102.0,0.3,332.0,141.0,0.0,1.0,,,,0.18,0.34,,,,4.7_ikan_kerang_udang_dan_hasil_olahannya.json,c2a018e94894b52143c70c6516b5f2dbcadc5866fa2ca79a06e50eb65e68f48a,2026-07-28T08:53:57.579Z,2026-07-28T08:53:57.579Z
1079,10,GP065,"Gulai ikan, masakan","gulai ikan masakan",processed_composite,KZGMS-1993,75.7,106.0,16.5,3.3,2.5,,2.0,306.0,196.0,4.8,743.0,,,,86.0,,2760.0,0.32,,,0.0,,4.7_ikan_kerang_udang_dan_hasil_olahannya.json,4fb50dcb40c5d3ccb90e312ec5fadae4820ec8bfe07f07208274c772a9476a37,2026-07-28T08:53:57.579Z,2026-07-28T08:53:57.579Z
1080,10,GP064,"Gulai ikan paya, masakan","gulai ikan paya masakan",processed_composite,KZGMI-2001,72.1,148.0,10.0,9.8,5.0,,3.1,103.0,82.0,0.7,525.0,256.0,0.1,0.9,,,,0.26,0.02,,,,4.7_ikan_kerang_udang_dan_hasil_olahannya.json,bb827f0863560b98ea9a89d6e67c4882c6f34a334210f2db52df2dec39e75a12,2026-07-28T08:53:57.579Z,2026-07-28T08:53:57.579Z
1081,10,GP066,"Gulai keumamah, masakan","gulai keumamah masakan",processed_composite,KGZMI-2001,81.4,110.0,5.9,8.2,3.2,,1.3,32.0,96.0,1.0,335.0,121.0,0.2,0.9,,,,0.33,0.04,,,100.0,4.7_ikan_kerang_udang_dan_hasil_olahannya.json,94d71bb887230efa84a2aad242fa52a9b1939abec8731501efc0a9dc321def00,2026-07-28T08:53:57.579Z,2026-07-28T08:53:57.579Z
1082,10,GP067,"Gulai tiram, masakan","gulai tiram masakan",processed_composite,KZGMI-2001,73.1,132.0,9.0,7.2,7.8,,2.9,53.0,134.0,3.7,285.0,133.0,1.1,0.7,389.0,,,0.29,0.12,,,,4.7_ikan_kerang_udang_dan_hasil_olahannya.json,e1b60f1fada813480859268dd71fe822fbaed53f283da80ee1c84cde89364093,2026-07-28T08:53:57.579Z,2026-07-28T08:53:57.579Z
1083,10,GP068,"Gurame asem manis, masakan","gurame asem manis masakan",processed_composite,KZGPI-1990,63.1,192.0,12.7,10.1,12.7,0.0,2.4,283.0,169.0,1.1,,,,,19.0,,1440.0,0.1,,,0.0,,4.7_ikan_kerang_udang_dan_hasil_olahannya.json,f4b42bf81aa0e06a09756ba7e5c5c5f80aea875b55cca6955da708c1e140f724,2026-07-28T08:53:57.579Z,2026-07-28T08:53:57.579Z
1084,10,GP069,"Ikan asar merah, masakan","ikan asar merah masakan",processed_composite,KZGMI-2001,69.2,146.0,17.7,5.9,5.6,,1.6,100.0,240.0,4.0,170.0,310.0,0.3,1.4,224.0,0.0,,,,,,,4.7_ikan_kerang_udang_dan_hasil_olahannya.json,f1170c5bbcecc2dfcb0c48cebb478f8a1256a6fe99e22a6716f17a1cc36c92cf,2026-07-28T08:53:57.579Z,2026-07-28T08:53:57.579Z
1085,10,GP070,"Jambal goreng, masakan","jambal goreng masakan",processed_composite,KZGMS-1993,13.4,286.0,48.5,9.2,2.3,,26.6,207.0,457.0,3.3,,,,,109.0,,160.0,0.4,,3.1,0.0,,4.7_ikan_kerang_udang_dan_hasil_olahannya.json,0c304b4cc9060c2375ec4047ec29714ed769715ddd9fbad6b2b78904e49d435e,2026-07-28T08:53:57.579Z,2026-07-28T08:53:57.579Z
1086,10,GP071,"Jukku pallu kaloa, masakan","jukku pallu kaloa masakan",processed_composite,KZGMI-2001,69.4,15.0,15.2,4.3,8.8,,2.3,40.0,170.0,1.1,605.0,153.0,0.6,1.1,,,,0.3,0.14,7.5,,,4.7_ikan_kerang_udang_dan_hasil_olahannya.json,296a962ba9c4656d4d2ca46c10de63051f1e4cbc571f96e7b6f0e435b2f54469,2026-07-28T08:53:57.579Z,2026-07-28T08:53:57.579Z
1087,10,GP072,"Kaholeo, masakan","kaholeo masakan",processed_composite,KZGMI-2001,11.2,413.0,28.7,19.8,29.8,,10.5,909.0,1291.0,0.0,0.0,1171.0,0.1,3.1,4236.0,,,1.34,0.03,5.7,,,4.7_ikan_kerang_udang_dan_hasil_olahannya.json,aa1ea572f1048da7d2614cd4968139514ce8b0906616f83972d24def5b0001eb,2026-07-28T08:53:57.579Z,2026-07-28T08:53:57.579Z
1088,10,GP073,"Lawara penjah","lawara penjah",processed_composite,KZGMI-2001,64.5,207.0,7.4,15.4,9.6,,2.9,114.0,219.0,5.9,683.0,117.0,0.5,0.7,0.0,38.0,,0.19,0.04,,14.0,100.0,4.7_ikan_kerang_udang_dan_hasil_olahannya.json,8d4def0092aba7a399c95cf38626e696c8367e1aa8de3c9b94daeede495cc8a9,2026-07-28T08:53:57.579Z,2026-07-28T08:53:57.579Z
1089,10,GP074,"Model, masakan","model masakan",processed_composite,KZGMI-2001,83.9,79.0,2.2,4.0,8.6,,1.3,8.0,33.0,0.8,147.0,34.0,0.1,0.5,,,,0.16,0.02,,,,4.7_ikan_kerang_udang_dan_hasil_olahannya.json,017e188605178487a96bf6cfdd2b5427b22c6894b036c2198f9e7737b1e2eae3,2026-07-28T08:53:57.579Z,2026-07-28T08:53:57.579Z
1090,10,GP075,"Mujahir acar kuning, masakan","mujahir acar kuning masakan",processed_composite,KZGPI-1990,43.1,330.0,17.8,23.4,12.1,1.1,4.6,154.0,357.0,5.3,,,,,24.0,,4130.0,0.15,,,0.0,,4.7_ikan_kerang_udang_dan_hasil_olahannya.json,fa841a31b34125a527c8f74dd55c8a49e59534115d70359dbb98825a72cdfdb2,2026-07-28T08:53:57.579Z,2026-07-28T08:53:57.579Z
1091,10,GP076,"Parede baleh, masakan","parede baleh masakan",processed_composite,KZGMI-2001,80.0,87.0,10.5,2.5,5.5,,1.5,35.0,215.0,0.9,416.0,59.0,0.1,0.2,,,,0.24,0.0,0.7,,,4.7_ikan_kerang_udang_dan_hasil_olahannya.json,2a9200cf990257c3f089a076c262543526028642d8a63391133eb7a2ea71dc09,2026-07-28T08:53:57.579Z,2026-07-28T08:53:57.579Z
1092,10,GP077,"Pempek adaan, masakan","pempek adaan masakan",processed_composite,KZGMI-2001,62.6,162.0,4.9,3.0,27.8,,1.7,26.0,116.0,1.0,488.0,119.0,0.1,0.2,,,,0.3,0.03,1.0,,,4.7_ikan_kerang_udang_dan_hasil_olahannya.json,806cad748b1788c32dcab5578108cf286a13c7aaa276fb2bfce9cb5763211125,2026-07-28T08:53:57.579Z,2026-07-28T08:53:57.579Z
1093,10,GP078,"Pempek belida, masakan","pempek belida masakan",processed_composite,KZGPI-1990,61.4,156.0,4.2,1.4,31.6,0.2,1.4,100.0,55.0,3.3,,,,,0.0,,0.0,0.03,,,0.0,,4.7_ikan_kerang_udang_dan_hasil_olahannya.json,9afdd727bd6e3aa3ef70eb5db0103e3d1f2b96d9b88281e635feb5d5e54b0420,2026-07-28T08:53:57.579Z,2026-07-28T08:53:57.579Z
1094,10,GP079,"Pempek kapal selam, masakan","pempek kapal selam masakan",processed_composite,KZGMI-2001,63.4,152.0,4.5,2.3,28.2,,1.6,19.0,115.0,1.6,628.0,91.0,0.1,0.2,,,,0.2,0.03,1.0,,,4.7_ikan_kerang_udang_dan_hasil_olahannya.json,b89bb6bcd4965e966ae7632b4d564a185e648c6949326bcf21797e924617d742,2026-07-28T08:53:57.579Z,2026-07-28T08:53:57.579Z
1095,10,GP080,"Pempek kelesan, masakan","pempek kelesan masakan",processed_composite,KZGPI-1990,53.0,211.0,12.3,6.1,26.6,0.4,2.0,840.0,176.0,1.8,,,,,14.0,,888.0,0.25,,,0.0,,4.7_ikan_kerang_udang_dan_hasil_olahannya.json,2c3680868213a31efb4611582d93c7fb927b08ce585012dc9cdafa0cf7a06448,2026-07-28T08:53:57.579Z,2026-07-28T08:53:57.579Z
1096,10,GP081,"Pempek kulit, masakan","pempek kulit masakan",processed_composite,KZGMI-2001,45.7,243.0,5.2,7.3,39.1,,2.7,16.0,96.0,2.0,555.0,102.0,0.1,0.6,,,,0.2,0.02,0.9,,,4.7_ikan_kerang_udang_dan_hasil_olahannya.json,251c60c6696adc93b0fa0ddeef51624828f1976f011ba9e46fbf73233c81bc4d,2026-07-28T08:53:57.579Z,2026-07-28T08:53:57.579Z
1097,10,GP082,"Pempek telur, masakan","pempek telur masakan",processed_composite,KZGMI-2001,62.4,156.0,4.7,2.7,28.3,,1.9,13.0,83.0,1.3,448.0,48.0,0.1,0.6,,,,0.2,0.05,1.1,,,4.7_ikan_kerang_udang_dan_hasil_olahannya.json,9cfda60d01b9ee350e05273d80bd9a89ca13f5ef4e8d1afcc7c1563b53dc9043,2026-07-28T08:53:57.579Z,2026-07-28T08:53:57.579Z
1098,10,GP083,"Pempek tenggiri, masakan","pempek tenggiri masakan",processed_composite,KZGPI-1990,56.3,173.0,7.2,1.2,33.4,0.2,1.9,164.0,80.0,3.1,,,,,0.0,,0.0,0.02,,,0.0,,4.7_ikan_kerang_udang_dan_hasil_olahannya.json,c6b4e9c9366d2fbd5f0fd37d5b1837d4ad0d8a635cc22f53580f0e6f14c2cc00,2026-07-28T08:53:57.579Z,2026-07-28T08:53:57.579Z
1099,10,GP084,"Pencok lele, masakan","pencok lele masakan",processed_composite,KZGPI-1990,47.5,372.0,7.8,36.3,3.5,0.0,4.9,289.0,295.0,5.3,,,,,64.0,0.0,12070.0,0.12,,,0.0,,4.7_ikan_kerang_udang_dan_hasil_olahannya.json,92e0a214a624c3260469f686d2d3b7d7f1b66c34ce4e1343445f9fa752d4a1eb,2026-07-28T08:53:57.579Z,2026-07-28T08:53:57.579Z
1100,10,GP085,Pinda,pinda,processed_composite,KZGMI-2001,71.0,107.0,15.9,0.6,0.4,,3.1,375.0,336.0,1.9,526.0,330.0,0.2,1.0,896.0,,,0.89,0.05,0.5,,,4.7_ikan_kerang_udang_dan_hasil_olahannya.json,85e359ac74bc66246ad9989a6d31f5f84c9f56e7df6be6aa14ab8676c80d6e67,2026-07-28T08:53:57.579Z,2026-07-28T08:53:57.579Z
1101,10,GP086,"Pindang kenari, masakan","pindang kenari masakan",processed_composite,KZGMI-2001,80.1,124.0,9.5,9.6,0.0,,2.8,120.0,220.0,1.3,370.0,270.0,0.3,1.2,18.0,381.0,,,,0.1,,,4.7_ikan_kerang_udang_dan_hasil_olahannya.json,b42b9738f31a793aff08aaa5a17599493380b02f4dfa58c0905f8b7c48a661bf,2026-07-28T08:53:57.579Z,2026-07-28T08:53:57.579Z
1102,10,GP087,"Saboko gurita, masakan","saboko gurita masakan",processed_composite,KZGMI-2001,76.2,87.0,15.7,1.5,2.6,,4.1,60.0,14.0,2.1,200.0,180.0,0.9,4.0,38.0,,,,,,,,4.7_ikan_kerang_udang_dan_hasil_olahannya.json,26b2586d3928f26b499103437742f319db2910723da315239911c0cf6282c1da,2026-07-28T08:53:57.579Z,2026-07-28T08:53:57.579Z
1103,10,GP088,"Saboko saltan, masakan","saboko saltan masakan",processed_composite,KZGMI-2001,76.0,113.0,17.1,3.6,3.0,,0.3,240.0,60.0,0.5,40.0,350.0,0.2,0.6,27.0,,,,,0.1,,,4.7_ikan_kerang_udang_dan_hasil_olahannya.json,c5020e897b5eca42e3a9d99f5de5289910b484d5a1fad957be4c6251ad21ff51,2026-07-28T08:53:57.579Z,2026-07-28T08:53:57.579Z
1104,10,GP089,"Saboko sardin, masakan","saboko sardin masakan",processed_composite,KZGMI-2001,70.0,110.0,12.9,4.3,4.9,,7.9,220.0,520.0,6.0,200.0,280.0,0.2,3.9,37.0,,,,,,,,4.7_ikan_kerang_udang_dan_hasil_olahannya.json,e369ead8c14970609302d5b9c8f821c77aefcba9c62657cc4b619489c6683712,2026-07-28T08:53:57.579Z,2026-07-28T08:53:57.579Z
1105,10,GP090,"Sate Bandeng","sate bandeng",processed_composite,BKP,47.1,283.0,12.1,16.8,20.9,2.0,3.1,118.0,186.0,1.2,543.0,199.0,0.2,0.9,,2.0,0.0,0.02,0.02,0.0,0.0,82.4,4.7_ikan_kerang_udang_dan_hasil_olahannya.json,2f295b4a386786107a96214193e0023a3c6be902d6f531b4b249ad91dafae6ee,2026-07-28T08:53:57.579Z,2026-07-28T08:53:57.579Z
1106,10,GP091,"Sepi, masakan","sepi masakan",processed_composite,KZGMI-2001,66.1,88.0,7.9,1.6,10.6,,13.8,924.0,350.0,2.3,873.0,258.0,1.0,1.1,783.0,,,,,,,,4.7_ikan_kerang_udang_dan_hasil_olahannya.json,6891dcb4eeeb251d2a009c96c9c98cd7e753d8adc6744e4cab2f2a14b30347dc,2026-07-28T08:53:57.580Z,2026-07-28T08:53:57.580Z
1107,10,GP092,"Tekwan, masakan","tekwan masakan",processed_composite,KZGMI-2001,86.7,53.0,1.9,0.9,9.4,,1.1,9.0,41.0,1.0,174.0,42.0,0.0,0.0,99.0,,,0.1,0.02,0.4,,,4.7_ikan_kerang_udang_dan_hasil_olahannya.json,0b5a48b3f95d5755051be1ef0ca6f9c2b74e7a0b0b136a67db0bd214c9a03c63,2026-07-28T08:53:57.580Z,2026-07-28T08:53:57.580Z
1108,10,GP093,"Teri belado, masakan","teri belado masakan",processed_composite,KZGPI-1990,25.8,365.0,23.7,22.3,17.5,0.0,10.9,869.0,348.0,4.0,,,,,27.0,,1567.0,0.13,,,0.0,,4.7_ikan_kerang_udang_dan_hasil_olahannya.json,305769304bda4a27ec928257cac0340053c0a1173e9b3cb32e14131d2199d88c,2026-07-28T08:53:57.580Z,2026-07-28T08:53:57.580Z
1109,10,GP094,"Tumis bandeng, masakan","tumis bandeng masakan",processed_composite,KZGMI-2001,70.5,189.0,11.3,15.7,0.6,,1.9,56.0,129.0,0.4,314.0,280.0,0.1,0.7,579.0,,,0.46,0.02,,,,4.7_ikan_kerang_udang_dan_hasil_olahannya.json,148e10d4c9e28efdea547809e3cd8080b6a3edf3cbf1b584bf7af8992f710bcd,2026-07-28T08:53:57.580Z,2026-07-28T08:53:57.580Z
1110,10,GP095,"Tumis keumamah","tumis keumamah",processed_composite,KGZMI-2001,45.7,300.0,14.5,20.0,15.5,4.5,4.3,,,,,,,,,8.0,,0.63,0.04,,7.0,100.0,4.7_ikan_kerang_udang_dan_hasil_olahannya.json,1dc9a7386c57c1014b3330607d725674e4b6e16540d5c997eaddfcbb52d0e3d1,2026-07-28T08:53:57.580Z,2026-07-28T08:53:57.580Z
1111,11,HR001,"Telur ayam kampung, segar","telur ayam kampung segar",single,KZGMI-2001,73.1,174.0,10.8,14.0,1.2,0.0,0.9,68.0,268.0,4.9,190.0,141.0,0.6,1.5,203.0,23.0,125.0,0.78,0.62,0.2,,87.0,4.8_telur_dan_hasil_olahannya.json,a2910317a151e650326e5eabc63ede66c1cff76e219ffb5a63a9fdd4e3ae943f,2026-07-28T08:53:57.580Z,2026-07-28T08:53:57.580Z
1112,11,HR002,"Telur ayam ras, segar","telur ayam ras segar",single,KZGPI-1990,74.3,154.0,12.4,10.8,0.7,0.0,0.8,86.0,258.0,3.0,142.0,118.5,0.16,1.0,61.0,22.0,104.0,0.12,0.38,0.2,0.0,89.0,4.8_telur_dan_hasil_olahannya.json,f879123a2735c33493c8c34a947e6b6d66bdec5698db8d5ce5051cc0e61bd827,2026-07-28T08:53:57.580Z,2026-07-28T08:53:57.580Z
1113,11,HR003,"Telur ayam ras, bagian kuning, segar","telur ayam ras bagian kuning segar",single,DABM-1964,49.4,355.0,16.3,31.9,0.7,0.0,1.7,147.0,586.0,7.2,111.0,107.5,0.2,2.5,606.0,63.0,,0.27,0.51,0.2,0.0,100.0,4.8_telur_dan_hasil_olahannya.json,b1229bf319fbf7a634f7f49d8a24a6b626a15050640c301a236b22e12913f06e,2026-07-28T08:53:57.580Z,2026-07-28T08:53:57.580Z
1114,11,HR004,"Telur aAyam ras, bagian putih, segar","telur aayam ras bagian putih segar",single,DABM-1964,87.8,50.0,10.8,0.0,0.8,0.0,0.6,6.0,17.0,0.2,164.0,138.5,0.03,0.4,0.0,0.0,,0.0,0.26,0.4,0.0,100.0,4.8_telur_dan_hasil_olahannya.json,f1f31e3d12513f956459640cfe9bec1bb3a905162f5f0b3ac9c87df7c62e8317,2026-07-28T08:53:57.580Z,2026-07-28T08:53:57.580Z
1115,11,HR005,"Telur bebek alabio, segar","telur bebek alabio segar",single,KZGMI-2001,70.0,187.0,11.8,14.2,3.0,0.0,1.0,60.0,268.0,6.0,115.0,80.0,0.6,1.7,180.0,437.0,,1.55,0.37,0.1,,90.0,4.8_telur_dan_hasil_olahannya.json,f427bffb021715779a71e0d18dc452d3dcdb989ea5893839f5da1c31e4bbe0c8,2026-07-28T08:53:57.580Z,2026-07-28T08:53:57.580Z
1116,11,HR006,"Telur bebek, bagian kuning, segar","telur bebek bagian kuning segar",single,DABM-1964,47.0,386.0,17.0,35.0,0.8,0.0,0.2,150.0,400.0,7.0,106.0,90.7,0.09,2.5,870.0,747.0,,0.6,0.68,1.4,0.0,100.0,4.8_telur_dan_hasil_olahannya.json,4d496a96d8fa36448e5df2a4dc2e05868cbd14bad2f0b9d52d2a4a58a1e96142,2026-07-28T08:53:57.580Z,2026-07-28T08:53:57.580Z
1117,11,HR007,"Telur bebek, bagian putih, segar","telur bebek bagian putih segar",single,DABM-1964,88.0,54.0,11.0,0.0,0.8,0.0,0.2,21.0,20.0,0.1,184.0,150.2,0.13,0.1,0.0,0.0,,0.01,0.02,0.1,0.0,100.0,4.8_telur_dan_hasil_olahannya.json,1ea14daa62f0611c90225fde9b9b1a8d8a7f592388342820cb35de7c54ad54e9,2026-07-28T08:53:57.580Z,2026-07-28T08:53:57.580Z
1118,11,HR008,"Telur bebek tambak, segar","telur bebek tambak segar",single,KZGMI-2001,67.7,187.0,10.9,12.4,7.9,0.0,1.1,64.0,295.0,5.4,209.0,146.0,0.4,1.8,378.0,471.0,375.0,1.62,0.03,0.1,,90.0,4.8_telur_dan_hasil_olahannya.json,7a78190d9d75cb5ee6383f1f229c29a0d54c59a77fb214058ca0439e274c6dc3,2026-07-28T08:53:57.580Z,2026-07-28T08:53:57.580Z
1119,11,HR009,"Telur burung maleo, segar","telur burung maleo segar",single,KZGMI-2001,36.0,436.0,26.5,36.3,0.4,,0.8,154.0,120.0,4.3,77.0,333.0,0.4,2.9,3987.0,,,,1.0,0.2,,,4.8_telur_dan_hasil_olahannya.json,6eda6fbdee761a716498298faafe04e1d82bdd024ed1f644b97b8182b7d20e70,2026-07-28T08:53:57.580Z,2026-07-28T08:53:57.580Z
1120,11,HR010,"Telur penyu, segar","telur penyu segar",single,KZGMI-2001,7.4,136.0,8.6,10.1,2.7,0.0,1.2,66.0,282.0,3.4,478.0,115.0,0.5,1.4,82.0,17.0,,0.21,0.02,0.0,0.0,90.0,4.8_telur_dan_hasil_olahannya.json,7bb9297ed504b94571a6fd7963509b734b209b775b5e504f4a4be19cce347aba,2026-07-28T08:53:57.580Z,2026-07-28T08:53:57.580Z
1121,11,HR011,"Telur burung puyuh, segar","telur burung puyuh segar",single,FCTEA-1972,79.8,116.0,10.7,7.0,1.6,0.0,0.9,65.0,191.0,3.5,111.0,11.0,0.05,1.2,95.0,80.0,,0.13,0.65,0.1,0.0,100.0,4.8_telur_dan_hasil_olahannya.json,c70d4e1504cd6138b0f93b811daad19df70c25955e445b99f39cae4494649c76,2026-07-28T08:53:57.580Z,2026-07-28T08:53:57.580Z
1122,11,HP001,"Telur ayam, dadar, masakan","telur ayam dadar masakan",processed_composite,KZGPI-1990,61.9,251.0,16.3,19.4,1.4,0.0,1.0,62.0,250.0,2.5,,,,,36.0,,221.0,0.21,0.0,,0.0,100.0,4.8_telur_dan_hasil_olahannya.json,205c5826102aa9c4b964b3be40f533a71fa2d11a859ef6ef52b93a2693d6b17d,2026-07-28T08:53:57.580Z,2026-07-28T08:53:57.580Z
1123,11,HP002,"Telur bebek, asin, mentah","telur bebek asin mentah",processed_composite,DABM-60/64,66.5,179.0,13.6,13.3,4.4,0.0,2.2,120.0,157.0,1.8,483.0,140.1,,,253.0,13.0,,0.28,0.98,0.6,0.0,83.0,4.8_telur_dan_hasil_olahannya.json,26f59a15bbea4c20ebd9a7b7438b30c0f10323aa0e19b0e7b0e017956889b13d,2026-07-28T08:53:57.580Z,2026-07-28T08:53:57.580Z
1124,11,HP003,"Telur bebek, dadar, masakan","telur bebek dadar masakan",processed_composite,KZGPI-1990,55.1,301.0,20.0,23.7,0.0,0.0,1.2,71.0,600.0,9.2,,,,,122.0,,613.0,0.35,,,0.0,100.0,4.8_telur_dan_hasil_olahannya.json,03722007d3ebcc0a3a0701e1adf2ee114e80178d75405f6ddde713afc2e67929,2026-07-28T08:53:57.580Z,2026-07-28T08:53:57.580Z
1125,11,HP004,"Ikan, telur, asin, mentah","ikan telur asin mentah",processed_composite,KZGMI-2001,37.8,358.0,20.7,26.4,9.4,0.0,5.7,48.0,311.0,15.1,2684.0,59.0,0.4,3.0,1866.0,0.0,,0.21,0.54,2.1,,100.0,4.8_telur_dan_hasil_olahannya.json,e57379bfd2207058f6fd03ae2720d8c612639a6f723f6fa72fd75ab231aa0013,2026-07-28T08:53:57.580Z,2026-07-28T08:53:57.580Z
1126,11,HP005,"Bayau mi balu, masakan","bayau mi balu masakan",processed_composite,KGZMI-2001,36.1,313.0,6.0,12.2,44.8,,0.9,,,,,,,,783.0,89.0,,0.14,0.27,9.7,,100.0,4.8_telur_dan_hasil_olahannya.json,231a040202f77f2d83e9e99db42aef0f5be9e511ddbd6a1a820f3cfab42468db,2026-07-28T08:53:57.580Z,2026-07-28T08:53:57.580Z
1127,11,HP006,"Cucuru bayau, masakan","cucuru bayau masakan",processed_composite,KGZMI-2001,35.0,349.0,6.8,18.7,38.3,,1.2,,,,,,,,,123.0,,0.06,0.25,0.0,,100.0,4.8_telur_dan_hasil_olahannya.json,bf997f16018ba41f7c5d64080de07b580266a3a01536ffe627412b588fa95be6,2026-07-28T08:53:57.580Z,2026-07-28T08:53:57.580Z
1128,11,HP007,"Kalio telur, masakan","kalio telur masakan",processed_composite,KZGMS-1993,79.0,193.0,10.6,12.4,9.7,,1.4,148.0,246.0,3.8,540.0,,,,160.0,,3600.0,0.44,,,0.0,100.0,4.8_telur_dan_hasil_olahannya.json,28f4967620697c39ad94fc8316996bf73b7331567d07cf4125590cb229cfc5c8,2026-07-28T08:53:57.580Z,2026-07-28T08:53:57.580Z
1129,12,JR001,"Kepala susu - krim, segar","kepala susu krim segar",single,DABM-1964,72.5,204.0,2.6,20.0,4.0,0.0,0.9,97.0,77.0,0.1,,,,,252.0,191.0,,0.03,0.2,0.1,1.0,100.0,4.9_susu_dan_hasil_olahannya.json,f0520984c6e96fb707459a94c9b5ce35bdcae248bf222fe8abc93bf345564bcb,2026-07-28T08:53:57.580Z,2026-07-28T08:53:57.580Z
1130,12,JR002,"Susu ibu - ASI","susu ibu asi",single,FCTEA-1972,88.1,62.0,1.5,3.2,7.0,0.0,0.2,34.0,20.0,0.2,15.0,41.0,0.01,0.4,,7.0,,0.01,0.03,0.2,,100.0,4.9_susu_dan_hasil_olahannya.json,1f76d93055558fe20703f2f8a56f22627ec0e2ef5a940e986f204d4302d038b2,2026-07-28T08:53:57.580Z,2026-07-28T08:53:57.580Z
1131,12,JR003,"Susu kambing, segar","susu kambing segar",single,DABM-1964,85.9,64.0,4.3,2.3,6.6,0.0,0.9,98.0,78.0,2.7,35.0,160.0,0.33,0.1,38.0,0.0,,0.06,0.45,0.3,1.0,100.0,4.9_susu_dan_hasil_olahannya.json,40f677b1af31dabea309b99f1d054d9fd98009ce72b4f138ff4ce32b3f476459,2026-07-28T08:53:57.580Z,2026-07-28T08:53:57.580Z
1132,12,JR004,"Susu kerbau, segar","susu kerbau segar",single,DABM-1964,73.8,160.0,6.3,12.0,7.1,,0.8,216.0,101.0,0.2,82.0,,,0.3,24.0,,,0.04,0.07,,1.0,100.0,4.9_susu_dan_hasil_olahannya.json,1c35c354cfcb885b69444497990b56aaa1a4800af91153bb44dd4dc043193300,2026-07-28T08:53:57.580Z,2026-07-28T08:53:57.580Z
1133,12,JR005,"Susu kuda, segar","susu kuda segar",single,FCTEA-1972,91.0,40.0,2.0,1.1,5.4,0.0,0.4,,,,,37.4,0.0,0.0,,1.0,,0.0,0.2,0.2,,100.0,4.9_susu_dan_hasil_olahannya.json,68ece8df1fd495f45c455fa308a83bf788d0b6db2181c6a7e75a1d1f1cc97040,2026-07-28T08:53:57.580Z,2026-07-28T08:53:57.580Z
1134,12,JR006,"Susu sapi, segar","susu sapi segar",single,DABM-1964,88.3,61.0,3.2,3.5,4.3,0.0,0.7,143.0,60.0,1.7,36.0,149.0,0.02,0.3,39.0,12.0,,0.03,0.18,0.2,1.0,100.0,4.9_susu_dan_hasil_olahannya.json,d09a5ad8488a8e0f30616c3a44e3b50a24e01ed337982da46b38783143bc9a9c,2026-07-28T08:53:57.580Z,2026-07-28T08:53:57.580Z
1135,12,JP001,"Es krim","es krim",processed_composite,DABM-1964,62.1,210.0,4.0,12.5,20.6,0.0,0.8,123.0,99.0,0.1,78.0,193.4,0.0,0.7,158.0,0.0,,0.04,0.23,0.1,1.0,100.0,4.9_susu_dan_hasil_olahannya.json,b59d2c4d8b7c49913bc3f937efb060b0f81b91291631928789cea088dcf74520,2026-07-28T08:53:57.580Z,2026-07-28T08:53:57.580Z
1136,12,JP002,Hangop,hangop,processed_composite,DABM-1964,84.0,65.0,10.0,1.0,3.5,0.0,1.5,180.0,190.0,0.2,126.0,374.4,0.0,,,22.0,,0.03,0.43,0.2,,100.0,4.9_susu_dan_hasil_olahannya.json,28d65ed893c9eac43132e7f7ba5738c4b90e2e39948492d6fbe2fa90b9b20159,2026-07-28T08:53:57.580Z,2026-07-28T08:53:57.580Z
1137,12,JP003,Keju,keju,processed_composite,DABM-1964,38.5,326.0,22.8,20.3,13.1,0.0,5.3,777.0,338.0,1.5,1410.0,82.7,0.03,3.1,227.0,128.0,,0.01,0.37,0.1,1.0,100.0,4.9_susu_dan_hasil_olahannya.json,877cc01163aaa4f5bc5eaf2356375d348c5e854e2803912346033a9d561a04c2,2026-07-28T08:53:57.580Z,2026-07-28T08:53:57.580Z
1138,12,JP004,"Kwark (Quark)","kwark quark",processed_composite,DABM-1964,59.0,242.0,19.0,17.0,3.0,0.0,2.0,300.0,350.0,0.5,37.0,72.7,0.01,0.2,173.0,0.0,,0.03,0.38,0.0,,100.0,4.9_susu_dan_hasil_olahannya.json,6f90c8b115c63e4e7a5651933a3c30ff010fe1487a7463c3edbb946547f34d61,2026-07-28T08:53:57.580Z,2026-07-28T08:53:57.580Z
1139,12,JP005,"Susu asam untuk bayi, bubuk","susu asam untuk bayi bubuk",processed_composite,DABM-1964,2.5,418.0,19.0,9.0,65.5,0.0,4.0,800.0,600.0,7.0,188.0,486.5,0.0,0.0,303.0,83.0,,1.0,1.31,0.7,30.0,100.0,4.9_susu_dan_hasil_olahannya.json,6f7e49c3f56b39fe67f00dcbb41b000050a5aee7648c9ebcb242720eb4fdcc09,2026-07-28T08:53:57.580Z,2026-07-28T08:53:57.580Z
1140,12,JP006,"Susu bubuk","susu bubuk",processed_composite,DABM-1964,3.5,513.0,24.6,30.0,36.2,0.0,5.7,904.0,694.0,0.6,380.0,1330.0,0.02,4.1,476.0,118.0,,0.29,1.39,1.6,6.0,100.0,4.9_susu_dan_hasil_olahannya.json,7d87e6b6fa92f7faa4463efb564726192dccc9e5824285fa4387146d66cf10ea,2026-07-28T08:53:57.580Z,2026-07-28T08:53:57.580Z
1141,12,JP007,"Susu kental manis","susu kental manis",processed_composite,DABM-1964,25.0,343.0,8.2,10.0,55.0,0.0,1.8,275.0,209.0,0.2,150.0,320.0,0.02,1.0,155.0,46.0,,0.05,0.43,0.4,1.0,100.0,4.9_susu_dan_hasil_olahannya.json,a78a1d58847c7416b6189a2653940e0d1152e74686f8147d94edb00292d855c6,2026-07-28T08:53:57.580Z,2026-07-28T08:53:57.580Z
1142,12,JP008,"Susu kental tak manis","susu kental tak manis",processed_composite,DABM-1964,73.7,138.0,7.0,7.9,9.9,,1.5,243.0,195.0,0.2,140.0,303.0,,,121.0,,,0.05,,0.0,1.0,100.0,4.9_susu_dan_hasil_olahannya.json,72875fc04b8ef91f10c42bf5172a61008071fe3dc09acf08f2a6407ee725a74b,2026-07-28T08:53:57.580Z,2026-07-28T08:53:57.580Z
1143,12,JP009,"Susu skim, bubuk","susu skim bubuk",processed_composite,DABM-1964,3.5,359.0,35.6,1.0,52.0,0.0,7.9,1300.0,1030.0,0.6,470.0,1745.0,0.04,4.1,,10.0,,0.35,1.05,1.2,7.0,100.0,4.9_susu_dan_hasil_olahannya.json,45fd7cb56738b3475e9a6b8c58aad00f1d0cbcba12efa9d2fc49f053350f4ef5,2026-07-28T08:53:57.580Z,2026-07-28T08:53:57.580Z
1144,12,JP010,"Susu skim, segar","susu skim segar",processed_composite,DABM-1964,90.5,36.0,3.5,0.1,5.1,,0.8,123.0,97.0,0.1,38.0,,,,0.0,,,0.04,,,1.0,100.0,4.9_susu_dan_hasil_olahannya.json,6e1f3a46084a330317a91db58853b97e635060d6365147dbd972360d2036a4c9,2026-07-28T08:53:57.580Z,2026-07-28T08:53:57.580Z
1145,12,JP011,"Yoghurt, segar","yoghurt segar",processed_composite,DABM-1964,88.0,52.0,3.3,2.5,4.0,0.0,2.2,120.0,90.0,0.1,40.0,299.0,0.01,0.6,22.0,10.0,,0.04,0.1,0.2,0.0,100.0,4.9_susu_dan_hasil_olahannya.json,2e194e54dce8454c787b0f62ff8535c23ed8558012a929ab80c3f1d89ff85f19,2026-07-28T08:53:57.580Z,2026-07-28T08:53:57.580Z
