id,slug,name,description,meal_type,serving_size_g,serving_description,curation_status,is_pilot,nutrition_source,calculation_version,curation_notes,created_at,updated_at,curation_batch
batch-02-001,batch-02-ubi-kuning-yoghurt-dan-jambu-biji,"Ubi Kuning, Yoghurt, dan Jambu Biji","Ubi Kuning, Yoghurt, dan Jambu Biji, disusun dari komponen pangan TKPI dengan porsi terukur.",breakfast,400.0,"1 porsi (400 g)",approved,0,"Tabel Komposisi Pangan Indonesia 2017",tkpi-weighted-v1,"Kandidat Batch 2. Komponen dipilih dari data TKPI dengan makro dan natrium tersedia.",2026-07-28T09:41:26.326Z,2026-07-28T09:47:56.052Z,2
batch-02-002,batch-02-ubi-cilembu-kacang-merah-dan-apel,"Ubi Cilembu, Kacang Merah, dan Apel","Ubi Cilembu, Kacang Merah, dan Apel, disusun dari komponen pangan TKPI dengan porsi terukur.",breakfast,300.0,"1 porsi (300 g)",approved,0,"Tabel Komposisi Pangan Indonesia 2017",tkpi-weighted-v1,"Kandidat Batch 2. Komponen dipilih dari data TKPI dengan makro dan natrium tersedia.",2026-07-28T09:41:26.331Z,2026-07-28T09:47:56.052Z,2
batch-02-003,batch-02-jagung-pipil-tahu-dan-melon,"Jagung Pipil, Tahu, dan Melon","Jagung Pipil, Tahu, dan Melon, disusun dari komponen pangan TKPI dengan porsi terukur.",breakfast,300.0,"1 porsi (300 g)",approved,0,"Tabel Komposisi Pangan Indonesia 2017",tkpi-weighted-v1,"Kandidat Batch 2. Komponen dipilih dari data TKPI dengan makro dan natrium tersedia.",2026-07-28T09:41:26.332Z,2026-07-28T09:47:56.052Z,2
batch-02-004,batch-02-singkong-kukus-kacang-merah-dan-jeruk,"Singkong Kukus, Kacang Merah, dan Jeruk","Singkong Kukus, Kacang Merah, dan Jeruk, disusun dari komponen pangan TKPI dengan porsi terukur.",breakfast,330.0,"1 porsi (330 g)",approved,0,"Tabel Komposisi Pangan Indonesia 2017",tkpi-weighted-v1,"Kandidat Batch 2. Komponen dipilih dari data TKPI dengan makro dan natrium tersedia.",2026-07-28T09:41:26.333Z,2026-07-28T09:47:56.053Z,2
batch-02-005,batch-02-talas-kukus-kacang-tolo-dan-nanas,"Talas Kukus, Kacang Tolo, dan Nanas","Talas Kukus, Kacang Tolo, dan Nanas, disusun dari komponen pangan TKPI dengan porsi terukur.",breakfast,330.0,"1 porsi (330 g)",approved,0,"Tabel Komposisi Pangan Indonesia 2017",tkpi-weighted-v1,"Kandidat Batch 2. Komponen dipilih dari data TKPI dengan makro dan natrium tersedia.",2026-07-28T09:41:26.333Z,2026-07-28T09:47:56.053Z,2
batch-02-006,batch-02-jagung-rebus-yoghurt-dan-pisang-ambon,"Jagung Rebus, Yoghurt, dan Pisang Ambon","Jagung Rebus, Yoghurt, dan Pisang Ambon, disusun dari komponen pangan TKPI dengan porsi terukur.",breakfast,370.0,"1 porsi (370 g)",approved,0,"Tabel Komposisi Pangan Indonesia 2017",tkpi-weighted-v1,"Kandidat Batch 2. Komponen dipilih dari data TKPI dengan makro dan natrium tersedia.",2026-07-28T09:41:26.333Z,2026-07-28T09:47:56.053Z,2
batch-02-007,batch-02-roti-susu-skim-dan-jambu-biji,"Roti, Susu Skim, dan Jambu Biji","Roti, Susu Skim, dan Jambu Biji, disusun dari komponen pangan TKPI dengan porsi terukur.",breakfast,360.0,"1 porsi (360 g)",approved,0,"Tabel Komposisi Pangan Indonesia 2017",tkpi-weighted-v1,"Kandidat Batch 2. Komponen dipilih dari data TKPI dengan makro dan natrium tersedia.",2026-07-28T09:41:26.333Z,2026-07-28T09:47:56.053Z,2
batch-02-008,batch-02-ubi-kukus-kacang-merah-dan-melon,"Ubi Kukus, Kacang Merah, dan Melon","Ubi Kukus, Kacang Merah, dan Melon, disusun dari komponen pangan TKPI dengan porsi terukur.",breakfast,360.0,"1 porsi (360 g)",approved,0,"Tabel Komposisi Pangan Indonesia 2017",tkpi-weighted-v1,"Kandidat Batch 2. Komponen dipilih dari data TKPI dengan makro dan natrium tersedia.",2026-07-28T09:41:26.333Z,2026-07-28T09:47:56.053Z,2
batch-02-009,batch-02-ubi-rebus-yoghurt-dan-apel,"Ubi Rebus, Yoghurt, dan Apel","Ubi Rebus, Yoghurt, dan Apel, disusun dari komponen pangan TKPI dengan porsi terukur.",breakfast,370.0,"1 porsi (370 g)",approved,0,"Tabel Komposisi Pangan Indonesia 2017",tkpi-weighted-v1,"Kandidat Batch 2. Komponen dipilih dari data TKPI dengan makro dan natrium tersedia.",2026-07-28T09:41:26.334Z,2026-07-28T09:47:56.053Z,2
batch-02-010,batch-02-ubi-ungu-kukus-kacang-tolo-dan-jeruk,"Ubi Ungu Kukus, Kacang Tolo, dan Jeruk","Ubi Ungu Kukus, Kacang Tolo, dan Jeruk, disusun dari komponen pangan TKPI dengan porsi terukur.",breakfast,300.0,"1 porsi (300 g)",approved,0,"Tabel Komposisi Pangan Indonesia 2017",tkpi-weighted-v1,"Kandidat Batch 2. Komponen dipilih dari data TKPI dengan makro dan natrium tersedia.",2026-07-28T09:41:26.334Z,2026-07-28T09:47:56.053Z,2
batch-02-011,batch-02-jagung-rebus-tahu-dan-nanas,"Jagung Rebus, Tahu, dan Nanas","Jagung Rebus, Tahu, dan Nanas, disusun dari komponen pangan TKPI dengan porsi terukur.",breakfast,300.0,"1 porsi (300 g)",approved,0,"Tabel Komposisi Pangan Indonesia 2017",tkpi-weighted-v1,"Kandidat Batch 2. Komponen dipilih dari data TKPI dengan makro dan natrium tersedia.",2026-07-28T09:41:26.334Z,2026-07-28T09:47:56.053Z,2
batch-02-012,batch-02-ubi-kuning-kacang-merah-dan-pisang-ambon,"Ubi Kuning, Kacang Merah, dan Pisang Ambon","Ubi Kuning, Kacang Merah, dan Pisang Ambon, disusun dari komponen pangan TKPI dengan porsi terukur.",breakfast,330.0,"1 porsi (330 g)",approved,0,"Tabel Komposisi Pangan Indonesia 2017",tkpi-weighted-v1,"Kandidat Batch 2. Komponen dipilih dari data TKPI dengan makro dan natrium tersedia.",2026-07-28T09:41:26.334Z,2026-07-28T09:47:56.053Z,2
batch-02-013,batch-02-singkong-kukus-yoghurt-dan-melon,"Singkong Kukus, Yoghurt, dan Melon","Singkong Kukus, Yoghurt, dan Melon, disusun dari komponen pangan TKPI dengan porsi terukur.",breakfast,400.0,"1 porsi (400 g)",approved,0,"Tabel Komposisi Pangan Indonesia 2017",tkpi-weighted-v1,"Kandidat Batch 2. Komponen dipilih dari data TKPI dengan makro dan natrium tersedia.",2026-07-28T09:41:26.334Z,2026-07-28T09:47:56.053Z,2
batch-02-014,batch-02-talas-kukus-kacang-gude-dan-jambu-biji,"Talas Kukus, Kacang Gude, dan Jambu Biji","Talas Kukus, Kacang Gude, dan Jambu Biji, disusun dari komponen pangan TKPI dengan porsi terukur.",breakfast,330.0,"1 porsi (330 g)",approved,0,"Tabel Komposisi Pangan Indonesia 2017",tkpi-weighted-v1,"Kandidat Batch 2. Komponen dipilih dari data TKPI dengan makro dan natrium tersedia.",2026-07-28T09:41:26.334Z,2026-07-28T09:47:56.053Z,2
batch-02-015,batch-02-jagung-pipil-kacang-merah-dan-apel,"Jagung Pipil, Kacang Merah, dan Apel","Jagung Pipil, Kacang Merah, dan Apel, disusun dari komponen pangan TKPI dengan porsi terukur.",breakfast,300.0,"1 porsi (300 g)",approved,0,"Tabel Komposisi Pangan Indonesia 2017",tkpi-weighted-v1,"Kandidat Batch 2. Komponen dipilih dari data TKPI dengan makro dan natrium tersedia.",2026-07-28T09:41:26.334Z,2026-07-28T09:47:56.053Z,2
batch-02-016,batch-02-nasi-ayam-kalasan-buncis-dan-apel,"Nasi, Ayam Kalasan, Buncis, dan Apel","Nasi, Ayam Kalasan, Buncis, dan Apel, disusun dari komponen pangan TKPI dengan porsi terukur.",lunch,500.0,"1 porsi (500 g)",approved,0,"Tabel Komposisi Pangan Indonesia 2017",tkpi-weighted-v1,"Kandidat Batch 2. Komponen dipilih dari data TKPI dengan makro dan natrium tersedia.",2026-07-28T09:41:26.334Z,2026-07-28T09:47:56.054Z,2
batch-02-017,batch-02-nasi-merah-pepes-mujahir-daun-kelor-dan-jeruk,"Nasi Merah, Pepes Mujahir, Daun Kelor, dan Jeruk","Nasi Merah, Pepes Mujahir, Daun Kelor, dan Jeruk, disusun dari komponen pangan TKPI dengan porsi terukur.",lunch,510.0,"1 porsi (510 g)",approved,0,"Tabel Komposisi Pangan Indonesia 2017",tkpi-weighted-v1,"Kandidat Batch 2. Komponen dipilih dari data TKPI dengan makro dan natrium tersedia.",2026-07-28T09:41:26.334Z,2026-07-28T09:47:56.054Z,2
batch-02-018,batch-02-nasi-ikan-baung-daun-singkong-dan-melon,"Nasi, Ikan Baung, Daun Singkong, dan Melon","Nasi, Ikan Baung, Daun Singkong, dan Melon, disusun dari komponen pangan TKPI dengan porsi terukur.",lunch,510.0,"1 porsi (510 g)",approved,0,"Tabel Komposisi Pangan Indonesia 2017",tkpi-weighted-v1,"Kandidat Batch 2. Komponen dipilih dari data TKPI dengan makro dan natrium tersedia.",2026-07-28T09:41:26.335Z,2026-07-28T09:47:56.054Z,2
batch-02-019,batch-02-nasi-merah-pepes-ikan-mas-kacang-panjang-dan-nanas,"Nasi Merah, Pepes Ikan Mas, Kacang Panjang, dan Nanas","Nasi Merah, Pepes Ikan Mas, Kacang Panjang, dan Nanas, disusun dari komponen pangan TKPI dengan porsi terukur.",lunch,500.0,"1 porsi (500 g)",approved,0,"Tabel Komposisi Pangan Indonesia 2017",tkpi-weighted-v1,"Kandidat Batch 2. Komponen dipilih dari data TKPI dengan makro dan natrium tersedia.",2026-07-28T09:41:26.341Z,2026-07-28T09:47:56.054Z,2
batch-02-020,batch-02-nasi-ikan-papuyu-kangkung-dan-jambu-biji,"Nasi, Ikan Papuyu, Kangkung, dan Jambu Biji","Nasi, Ikan Papuyu, Kangkung, dan Jambu Biji, disusun dari komponen pangan TKPI dengan porsi terukur.",lunch,510.0,"1 porsi (510 g)",approved,0,"Tabel Komposisi Pangan Indonesia 2017",tkpi-weighted-v1,"Kandidat Batch 2. Komponen dipilih dari data TKPI dengan makro dan natrium tersedia.",2026-07-28T09:41:26.341Z,2026-07-28T09:47:56.054Z,2
batch-02-021,batch-02-nasi-merah-ikan-patin-kangkung-rebus-dan-pisang,"Nasi Merah, Ikan Patin, Kangkung Rebus, dan Pisang","Nasi Merah, Ikan Patin, Kangkung Rebus, dan Pisang, disusun dari komponen pangan TKPI dengan porsi terukur.",lunch,510.0,"1 porsi (510 g)",approved,0,"Tabel Komposisi Pangan Indonesia 2017",tkpi-weighted-v1,"Kandidat Batch 2. Komponen dipilih dari data TKPI dengan makro dan natrium tersedia.",2026-07-28T09:41:26.341Z,2026-07-28T09:47:56.054Z,2
batch-02-022,batch-02-nasi-cumi-wortel-dan-melon,"Nasi, Cumi, Wortel, dan Melon","Nasi, Cumi, Wortel, dan Melon, disusun dari komponen pangan TKPI dengan porsi terukur.",lunch,500.0,"1 porsi (500 g)",approved,0,"Tabel Komposisi Pangan Indonesia 2017",tkpi-weighted-v1,"Kandidat Batch 2. Komponen dipilih dari data TKPI dengan makro dan natrium tersedia.",2026-07-28T09:41:26.341Z,2026-07-28T09:47:56.054Z,2
batch-02-023,batch-02-nasi-merah-tahu-wortel-kukus-dan-jeruk,"Nasi Merah, Tahu, Wortel Kukus, dan Jeruk","Nasi Merah, Tahu, Wortel Kukus, dan Jeruk, disusun dari komponen pangan TKPI dengan porsi terukur.",lunch,520.0,"1 porsi (520 g)",approved,0,"Tabel Komposisi Pangan Indonesia 2017",tkpi-weighted-v1,"Kandidat Batch 2. Komponen dipilih dari data TKPI dengan makro dan natrium tersedia.",2026-07-28T09:41:26.341Z,2026-07-28T09:47:56.054Z,2
batch-02-024,batch-02-nasi-tempe-bayam-dan-apel,"Nasi, Tempe, Bayam, dan Apel","Nasi, Tempe, Bayam, dan Apel, disusun dari komponen pangan TKPI dengan porsi terukur.",lunch,490.0,"1 porsi (490 g)",approved,0,"Tabel Komposisi Pangan Indonesia 2017",tkpi-weighted-v1,"Kandidat Batch 2. Komponen dipilih dari data TKPI dengan makro dan natrium tersedia.",2026-07-28T09:41:26.342Z,2026-07-28T09:47:56.054Z,2
batch-02-025,batch-02-nasi-merah-kacang-merah-buncis-dan-nanas,"Nasi Merah, Kacang Merah, Buncis, dan Nanas","Nasi Merah, Kacang Merah, Buncis, dan Nanas, disusun dari komponen pangan TKPI dengan porsi terukur.",lunch,520.0,"1 porsi (520 g)",approved,0,"Tabel Komposisi Pangan Indonesia 2017",tkpi-weighted-v1,"Kandidat Batch 2. Komponen dipilih dari data TKPI dengan makro dan natrium tersedia.",2026-07-28T09:41:26.342Z,2026-07-28T09:47:56.054Z,2
batch-02-026,batch-02-nasi-kacang-merah-segar-daun-kelor-dan-melon,"Nasi, Kacang Merah Segar, Daun Kelor, dan Melon","Nasi, Kacang Merah Segar, Daun Kelor, dan Melon, disusun dari komponen pangan TKPI dengan porsi terukur.",lunch,520.0,"1 porsi (520 g)",approved,0,"Tabel Komposisi Pangan Indonesia 2017",tkpi-weighted-v1,"Kandidat Batch 2. Komponen dipilih dari data TKPI dengan makro dan natrium tersedia.",2026-07-28T09:41:26.342Z,2026-07-28T09:47:56.054Z,2
batch-02-027,batch-02-nasi-merah-kacang-tolo-daun-singkong-dan-jambu,"Nasi Merah, Kacang Tolo, Daun Singkong, dan Jambu","Nasi Merah, Kacang Tolo, Daun Singkong, dan Jambu, disusun dari komponen pangan TKPI dengan porsi terukur.",lunch,520.0,"1 porsi (520 g)",approved,0,"Tabel Komposisi Pangan Indonesia 2017",tkpi-weighted-v1,"Kandidat Batch 2. Komponen dipilih dari data TKPI dengan makro dan natrium tersedia.",2026-07-28T09:41:26.342Z,2026-07-28T09:47:56.054Z,2
batch-02-028,batch-02-nasi-kacang-gude-kacang-panjang-dan-jeruk,"Nasi, Kacang Gude, Kacang Panjang, dan Jeruk","Nasi, Kacang Gude, Kacang Panjang, dan Jeruk, disusun dari komponen pangan TKPI dengan porsi terukur.",lunch,520.0,"1 porsi (520 g)",approved,0,"Tabel Komposisi Pangan Indonesia 2017",tkpi-weighted-v1,"Kandidat Batch 2. Komponen dipilih dari data TKPI dengan makro dan natrium tersedia.",2026-07-28T09:41:26.342Z,2026-07-28T09:47:56.054Z,2
batch-02-029,batch-02-nasi-merah-mujahir-goreng-kangkung-dan-nanas,"Nasi Merah, Mujahir Goreng, Kangkung, dan Nanas","Nasi Merah, Mujahir Goreng, Kangkung, dan Nanas, disusun dari komponen pangan TKPI dengan porsi terukur.",lunch,480.0,"1 porsi (480 g)",approved,0,"Tabel Komposisi Pangan Indonesia 2017",tkpi-weighted-v1,"Kandidat Batch 2. Komponen dipilih dari data TKPI dengan makro dan natrium tersedia.",2026-07-28T09:41:26.342Z,2026-07-28T09:47:56.054Z,2
batch-02-030,batch-02-nasi-bebek-goreng-kangkung-rebus-dan-melon,"Nasi, Bebek Goreng, Kangkung Rebus, dan Melon","Nasi, Bebek Goreng, Kangkung Rebus, dan Melon, disusun dari komponen pangan TKPI dengan porsi terukur.",lunch,490.0,"1 porsi (490 g)",approved,0,"Tabel Komposisi Pangan Indonesia 2017",tkpi-weighted-v1,"Kandidat Batch 2. Komponen dipilih dari data TKPI dengan makro dan natrium tersedia.",2026-07-28T09:41:26.343Z,2026-07-28T09:47:56.054Z,2
batch-02-031,batch-02-nasi-merah-ikan-lais-wortel-dan-apel,"Nasi Merah, Ikan Lais, Wortel, dan Apel","Nasi Merah, Ikan Lais, Wortel, dan Apel, disusun dari komponen pangan TKPI dengan porsi terukur.",lunch,510.0,"1 porsi (510 g)",approved,0,"Tabel Komposisi Pangan Indonesia 2017",tkpi-weighted-v1,"Kandidat Batch 2. Komponen dipilih dari data TKPI dengan makro dan natrium tersedia.",2026-07-28T09:41:26.343Z,2026-07-28T09:47:56.055Z,2
batch-02-032,batch-02-nasi-kedelai-rebus-wortel-kukus-dan-jeruk,"Nasi, Kedelai Rebus, Wortel Kukus, dan Jeruk","Nasi, Kedelai Rebus, Wortel Kukus, dan Jeruk, disusun dari komponen pangan TKPI dengan porsi terukur.",lunch,500.0,"1 porsi (500 g)",approved,0,"Tabel Komposisi Pangan Indonesia 2017",tkpi-weighted-v1,"Kandidat Batch 2. Komponen dipilih dari data TKPI dengan makro dan natrium tersedia.",2026-07-28T09:41:26.343Z,2026-07-28T09:47:56.055Z,2
batch-02-033,batch-02-nasi-merah-kacang-belimbing-daun-katuk-dan-nanas,"Nasi Merah, Kacang Belimbing, Daun Katuk, dan Nanas","Nasi Merah, Kacang Belimbing, Daun Katuk, dan Nanas, disusun dari komponen pangan TKPI dengan porsi terukur.",lunch,500.0,"1 porsi (500 g)",approved,0,"Tabel Komposisi Pangan Indonesia 2017",tkpi-weighted-v1,"Kandidat Batch 2. Komponen dipilih dari data TKPI dengan makro dan natrium tersedia.",2026-07-28T09:41:26.343Z,2026-07-28T09:47:56.055Z,2
batch-02-034,batch-02-nasi-merah-ayam-kalasan-daun-kelor-dan-melon,"Nasi Merah, Ayam Kalasan, Daun Kelor, dan Melon","Nasi Merah, Ayam Kalasan, Daun Kelor, dan Melon, disusun dari komponen pangan TKPI dengan porsi terukur.",dinner,505.0,"1 porsi (505 g)",approved,0,"Tabel Komposisi Pangan Indonesia 2017",tkpi-weighted-v1,"Kandidat Batch 2. Komponen dipilih dari data TKPI dengan makro dan natrium tersedia.",2026-07-28T09:41:26.343Z,2026-07-28T09:47:56.055Z,2
batch-02-035,batch-02-nasi-pepes-mujahir-buncis-dan-jambu-biji,"Nasi, Pepes Mujahir, Buncis, dan Jambu Biji","Nasi, Pepes Mujahir, Buncis, dan Jambu Biji, disusun dari komponen pangan TKPI dengan porsi terukur.",dinner,515.0,"1 porsi (515 g)",approved,0,"Tabel Komposisi Pangan Indonesia 2017",tkpi-weighted-v1,"Kandidat Batch 2. Komponen dipilih dari data TKPI dengan makro dan natrium tersedia.",2026-07-28T09:41:26.344Z,2026-07-28T09:47:56.055Z,2
batch-02-036,batch-02-nasi-merah-ikan-baung-kacang-panjang-dan-jeruk,"Nasi Merah, Ikan Baung, Kacang Panjang, dan Jeruk","Nasi Merah, Ikan Baung, Kacang Panjang, dan Jeruk, disusun dari komponen pangan TKPI dengan porsi terukur.",dinner,515.0,"1 porsi (515 g)",approved,0,"Tabel Komposisi Pangan Indonesia 2017",tkpi-weighted-v1,"Kandidat Batch 2. Komponen dipilih dari data TKPI dengan makro dan natrium tersedia.",2026-07-28T09:41:26.344Z,2026-07-28T09:47:56.055Z,2
batch-02-037,batch-02-nasi-pepes-ikan-mas-daun-singkong-dan-nanas,"Nasi, Pepes Ikan Mas, Daun Singkong, dan Nanas","Nasi, Pepes Ikan Mas, Daun Singkong, dan Nanas, disusun dari komponen pangan TKPI dengan porsi terukur.",dinner,505.0,"1 porsi (505 g)",approved,0,"Tabel Komposisi Pangan Indonesia 2017",tkpi-weighted-v1,"Kandidat Batch 2. Komponen dipilih dari data TKPI dengan makro dan natrium tersedia.",2026-07-28T09:41:26.344Z,2026-07-28T09:47:56.055Z,2
batch-02-038,batch-02-nasi-merah-ikan-papuyu-kangkung-dan-apel,"Nasi Merah, Ikan Papuyu, Kangkung, dan Apel","Nasi Merah, Ikan Papuyu, Kangkung, dan Apel, disusun dari komponen pangan TKPI dengan porsi terukur.",dinner,515.0,"1 porsi (515 g)",approved,0,"Tabel Komposisi Pangan Indonesia 2017",tkpi-weighted-v1,"Kandidat Batch 2. Komponen dipilih dari data TKPI dengan makro dan natrium tersedia.",2026-07-28T09:41:26.344Z,2026-07-28T09:47:56.055Z,2
batch-02-039,batch-02-nasi-ikan-patin-wortel-dan-melon,"Nasi, Ikan Patin, Wortel, dan Melon","Nasi, Ikan Patin, Wortel, dan Melon, disusun dari komponen pangan TKPI dengan porsi terukur.",dinner,515.0,"1 porsi (515 g)",approved,0,"Tabel Komposisi Pangan Indonesia 2017",tkpi-weighted-v1,"Kandidat Batch 2. Komponen dipilih dari data TKPI dengan makro dan natrium tersedia.",2026-07-28T09:41:26.344Z,2026-07-28T09:47:56.055Z,2
batch-02-040,batch-02-nasi-merah-cumi-bayam-dan-jeruk,"Nasi Merah, Cumi, Bayam, dan Jeruk","Nasi Merah, Cumi, Bayam, dan Jeruk, disusun dari komponen pangan TKPI dengan porsi terukur.",dinner,505.0,"1 porsi (505 g)",approved,0,"Tabel Komposisi Pangan Indonesia 2017",tkpi-weighted-v1,"Kandidat Batch 2. Komponen dipilih dari data TKPI dengan makro dan natrium tersedia.",2026-07-28T09:41:26.345Z,2026-07-28T09:47:56.055Z,2
batch-02-041,batch-02-nasi-tahu-kangkung-kukus-dan-jambu-biji,"Nasi, Tahu, Kangkung Kukus, dan Jambu Biji","Nasi, Tahu, Kangkung Kukus, dan Jambu Biji, disusun dari komponen pangan TKPI dengan porsi terukur.",dinner,520.0,"1 porsi (520 g)",approved,0,"Tabel Komposisi Pangan Indonesia 2017",tkpi-weighted-v1,"Kandidat Batch 2. Komponen dipilih dari data TKPI dengan makro dan natrium tersedia.",2026-07-28T09:41:26.349Z,2026-07-28T09:47:56.055Z,2
batch-02-042,batch-02-nasi-merah-tempe-daun-kelor-dan-nanas,"Nasi Merah, Tempe, Daun Kelor, dan Nanas","Nasi Merah, Tempe, Daun Kelor, dan Nanas, disusun dari komponen pangan TKPI dengan porsi terukur.",dinner,495.0,"1 porsi (495 g)",approved,0,"Tabel Komposisi Pangan Indonesia 2017",tkpi-weighted-v1,"Kandidat Batch 2. Komponen dipilih dari data TKPI dengan makro dan natrium tersedia.",2026-07-28T09:41:26.350Z,2026-07-28T09:47:56.056Z,2
batch-02-043,batch-02-nasi-kacang-merah-kacang-panjang-dan-melon,"Nasi, Kacang Merah, Kacang Panjang, dan Melon","Nasi, Kacang Merah, Kacang Panjang, dan Melon, disusun dari komponen pangan TKPI dengan porsi terukur.",dinner,520.0,"1 porsi (520 g)",approved,0,"Tabel Komposisi Pangan Indonesia 2017",tkpi-weighted-v1,"Kandidat Batch 2. Komponen dipilih dari data TKPI dengan makro dan natrium tersedia.",2026-07-28T09:41:26.350Z,2026-07-28T09:47:56.056Z,2
batch-02-044,batch-02-nasi-merah-kacang-merah-segar-wortel-dan-apel,"Nasi Merah, Kacang Merah Segar, Wortel, dan Apel","Nasi Merah, Kacang Merah Segar, Wortel, dan Apel, disusun dari komponen pangan TKPI dengan porsi terukur.",dinner,520.0,"1 porsi (520 g)",approved,0,"Tabel Komposisi Pangan Indonesia 2017",tkpi-weighted-v1,"Kandidat Batch 2. Komponen dipilih dari data TKPI dengan makro dan natrium tersedia.",2026-07-28T09:41:26.350Z,2026-07-28T09:47:56.056Z,2
batch-02-045,batch-02-nasi-kacang-tolo-buncis-dan-jeruk,"Nasi, Kacang Tolo, Buncis, dan Jeruk","Nasi, Kacang Tolo, Buncis, dan Jeruk, disusun dari komponen pangan TKPI dengan porsi terukur.",dinner,520.0,"1 porsi (520 g)",approved,0,"Tabel Komposisi Pangan Indonesia 2017",tkpi-weighted-v1,"Kandidat Batch 2. Komponen dipilih dari data TKPI dengan makro dan natrium tersedia.",2026-07-28T09:41:26.350Z,2026-07-28T09:47:56.056Z,2
batch-02-046,batch-02-nasi-merah-kacang-gude-daun-singkong-dan-jambu,"Nasi Merah, Kacang Gude, Daun Singkong, dan Jambu","Nasi Merah, Kacang Gude, Daun Singkong, dan Jambu, disusun dari komponen pangan TKPI dengan porsi terukur.",dinner,520.0,"1 porsi (520 g)",approved,0,"Tabel Komposisi Pangan Indonesia 2017",tkpi-weighted-v1,"Kandidat Batch 2. Komponen dipilih dari data TKPI dengan makro dan natrium tersedia.",2026-07-28T09:41:26.350Z,2026-07-28T09:47:56.056Z,2
batch-02-047,batch-02-nasi-mujahir-goreng-kangkung-dan-melon,"Nasi, Mujahir Goreng, Kangkung, dan Melon","Nasi, Mujahir Goreng, Kangkung, dan Melon, disusun dari komponen pangan TKPI dengan porsi terukur.",dinner,485.0,"1 porsi (485 g)",approved,0,"Tabel Komposisi Pangan Indonesia 2017",tkpi-weighted-v1,"Kandidat Batch 2. Komponen dipilih dari data TKPI dengan makro dan natrium tersedia.",2026-07-28T09:41:26.351Z,2026-07-28T09:47:56.056Z,2
batch-02-048,batch-02-nasi-merah-bebek-goreng-kangkung-rebus-dan-nanas,"Nasi Merah, Bebek Goreng, Kangkung Rebus, dan Nanas","Nasi Merah, Bebek Goreng, Kangkung Rebus, dan Nanas, disusun dari komponen pangan TKPI dengan porsi terukur.",dinner,495.0,"1 porsi (495 g)",approved,0,"Tabel Komposisi Pangan Indonesia 2017",tkpi-weighted-v1,"Kandidat Batch 2. Komponen dipilih dari data TKPI dengan makro dan natrium tersedia.",2026-07-28T09:41:26.351Z,2026-07-28T09:47:56.056Z,2
batch-02-049,batch-02-nasi-ikan-lais-wortel-kukus-dan-apel,"Nasi, Ikan Lais, Wortel Kukus, dan Apel","Nasi, Ikan Lais, Wortel Kukus, dan Apel, disusun dari komponen pangan TKPI dengan porsi terukur.",dinner,515.0,"1 porsi (515 g)",approved,0,"Tabel Komposisi Pangan Indonesia 2017",tkpi-weighted-v1,"Kandidat Batch 2. Komponen dipilih dari data TKPI dengan makro dan natrium tersedia.",2026-07-28T09:41:26.351Z,2026-07-28T09:47:56.056Z,2
batch-02-050,batch-02-nasi-merah-kedelai-rebus-daun-katuk-dan-jeruk,"Nasi Merah, Kedelai Rebus, Daun Katuk, dan Jeruk","Nasi Merah, Kedelai Rebus, Daun Katuk, dan Jeruk, disusun dari komponen pangan TKPI dengan porsi terukur.",dinner,505.0,"1 porsi (505 g)",approved,0,"Tabel Komposisi Pangan Indonesia 2017",tkpi-weighted-v1,"Kandidat Batch 2. Komponen dipilih dari data TKPI dengan makro dan natrium tersedia.",2026-07-28T09:41:26.351Z,2026-07-28T09:47:56.056Z,2
batch-02-051,batch-02-nasi-kacang-belimbing-bayam-dan-jambu-biji,"Nasi, Kacang Belimbing, Bayam, dan Jambu Biji","Nasi, Kacang Belimbing, Bayam, dan Jambu Biji, disusun dari komponen pangan TKPI dengan porsi terukur.",dinner,505.0,"1 porsi (505 g)",approved,0,"Tabel Komposisi Pangan Indonesia 2017",tkpi-weighted-v1,"Kandidat Batch 2. Komponen dipilih dari data TKPI dengan makro dan natrium tersedia.",2026-07-28T09:41:26.351Z,2026-07-28T09:47:56.056Z,2
batch-02-052,batch-02-yoghurt-dan-jambu-biji,"Yoghurt dan Jambu Biji","Yoghurt dan Jambu Biji, disusun dari komponen pangan TKPI dengan porsi terukur.",snack,250.0,"1 porsi (250 g)",approved,0,"Tabel Komposisi Pangan Indonesia 2017",tkpi-weighted-v1,"Kandidat Batch 2. Komponen dipilih dari data TKPI dengan makro dan natrium tersedia.",2026-07-28T09:41:26.351Z,2026-07-28T09:47:56.056Z,2
batch-02-053,batch-02-yoghurt-dan-jeruk-manis,"Yoghurt dan Jeruk Manis","Yoghurt dan Jeruk Manis, disusun dari komponen pangan TKPI dengan porsi terukur.",snack,250.0,"1 porsi (250 g)",approved,0,"Tabel Komposisi Pangan Indonesia 2017",tkpi-weighted-v1,"Kandidat Batch 2. Komponen dipilih dari data TKPI dengan makro dan natrium tersedia.",2026-07-28T09:41:26.351Z,2026-07-28T09:47:56.056Z,2
batch-02-054,batch-02-ubi-kuning-dan-melon,"Ubi Kuning dan Melon","Ubi Kuning dan Melon, disusun dari komponen pangan TKPI dengan porsi terukur.",snack,200.0,"1 porsi (200 g)",approved,0,"Tabel Komposisi Pangan Indonesia 2017",tkpi-weighted-v1,"Kandidat Batch 2. Komponen dipilih dari data TKPI dengan makro dan natrium tersedia.",2026-07-28T09:41:26.352Z,2026-07-28T09:47:56.057Z,2
batch-02-055,batch-02-ubi-kukus-dan-apel,"Ubi Kukus dan Apel","Ubi Kukus dan Apel, disusun dari komponen pangan TKPI dengan porsi terukur.",snack,200.0,"1 porsi (200 g)",approved,0,"Tabel Komposisi Pangan Indonesia 2017",tkpi-weighted-v1,"Kandidat Batch 2. Komponen dipilih dari data TKPI dengan makro dan natrium tersedia.",2026-07-28T09:41:26.352Z,2026-07-28T09:47:56.057Z,2
batch-02-056,batch-02-kacang-merah-dan-nanas,"Kacang Merah dan Nanas","Kacang Merah dan Nanas, disusun dari komponen pangan TKPI dengan porsi terukur.",snack,160.0,"1 porsi (160 g)",approved,0,"Tabel Komposisi Pangan Indonesia 2017",tkpi-weighted-v1,"Kandidat Batch 2. Komponen dipilih dari data TKPI dengan makro dan natrium tersedia.",2026-07-28T09:41:26.352Z,2026-07-28T09:47:56.057Z,2
batch-02-057,batch-02-kacang-merah-segar-dan-jambu-biji,"Kacang Merah Segar dan Jambu Biji","Kacang Merah Segar dan Jambu Biji, disusun dari komponen pangan TKPI dengan porsi terukur.",snack,160.0,"1 porsi (160 g)",approved,0,"Tabel Komposisi Pangan Indonesia 2017",tkpi-weighted-v1,"Kandidat Batch 2. Komponen dipilih dari data TKPI dengan makro dan natrium tersedia.",2026-07-28T09:41:26.352Z,2026-07-28T09:47:56.057Z,2
batch-02-058,batch-02-jagung-rebus-dan-pisang-ambon,"Jagung Rebus dan Pisang Ambon","Jagung Rebus dan Pisang Ambon, disusun dari komponen pangan TKPI dengan porsi terukur.",snack,160.0,"1 porsi (160 g)",approved,0,"Tabel Komposisi Pangan Indonesia 2017",tkpi-weighted-v1,"Kandidat Batch 2. Komponen dipilih dari data TKPI dengan makro dan natrium tersedia.",2026-07-28T09:41:26.352Z,2026-07-28T09:47:56.057Z,2
batch-02-059,batch-02-talas-kukus-dan-jeruk,"Talas Kukus dan Jeruk","Talas Kukus dan Jeruk, disusun dari komponen pangan TKPI dengan porsi terukur.",snack,180.0,"1 porsi (180 g)",approved,0,"Tabel Komposisi Pangan Indonesia 2017",tkpi-weighted-v1,"Kandidat Batch 2. Komponen dipilih dari data TKPI dengan makro dan natrium tersedia.",2026-07-28T09:41:26.353Z,2026-07-28T09:47:56.057Z,2
batch-02-060,batch-02-kacang-tolo-dan-melon,"Kacang Tolo dan Melon","Kacang Tolo dan Melon, disusun dari komponen pangan TKPI dengan porsi terukur.",snack,160.0,"1 porsi (160 g)",approved,0,"Tabel Komposisi Pangan Indonesia 2017",tkpi-weighted-v1,"Kandidat Batch 2. Komponen dipilih dari data TKPI dengan makro dan natrium tersedia.",2026-07-28T09:41:26.353Z,2026-07-28T09:47:56.057Z,2
batch-03-001,batch-03-talas-belitung-kacang-merah-dan-jeruk,"Talas Belitung, Kacang Merah, dan Jeruk","Talas Belitung, Kacang Merah, dan Jeruk, komposisi unik Batch 3 dengan porsi berbasis TKPI.",breakfast,330.0,"1 porsi (330 g)",approved,0,"Tabel Komposisi Pangan Indonesia 2017",tkpi-weighted-v1,"Kandidat Batch 3. Makro, natrium, nama, dan komposisi diperiksa sebelum approval.",2026-07-28T09:51:21.250Z,2026-07-28T09:51:28.448Z,3
batch-03-002,batch-03-ubi-gadung-kacang-merah-segar-dan-melon,"Ubi Gadung, Kacang Merah Segar, dan Melon","Ubi Gadung, Kacang Merah Segar, dan Melon, komposisi unik Batch 3 dengan porsi berbasis TKPI.",breakfast,360.0,"1 porsi (360 g)",approved,0,"Tabel Komposisi Pangan Indonesia 2017",tkpi-weighted-v1,"Kandidat Batch 3. Makro, natrium, nama, dan komposisi diperiksa sebelum approval.",2026-07-28T09:51:21.257Z,2026-07-28T09:51:28.449Z,3
batch-03-003,batch-03-suweg-kukus-kacang-tolo-dan-apel,"Suweg Kukus, Kacang Tolo, dan Apel","Suweg Kukus, Kacang Tolo, dan Apel, komposisi unik Batch 3 dengan porsi berbasis TKPI.",breakfast,360.0,"1 porsi (360 g)",approved,0,"Tabel Komposisi Pangan Indonesia 2017",tkpi-weighted-v1,"Kandidat Batch 3. Makro, natrium, nama, dan komposisi diperiksa sebelum approval.",2026-07-28T09:51:21.257Z,2026-07-28T09:51:28.449Z,3
batch-03-004,batch-03-talas-bogor-tahu-dan-pisang-ambon,"Talas Bogor, Tahu, dan Pisang Ambon","Talas Bogor, Tahu, dan Pisang Ambon, komposisi unik Batch 3 dengan porsi berbasis TKPI.",breakfast,330.0,"1 porsi (330 g)",approved,0,"Tabel Komposisi Pangan Indonesia 2017",tkpi-weighted-v1,"Kandidat Batch 3. Makro, natrium, nama, dan komposisi diperiksa sebelum approval.",2026-07-28T09:51:21.257Z,2026-07-28T09:51:28.449Z,3
batch-03-005,batch-03-ubi-kuning-kacang-gude-dan-nanas,"Ubi Kuning, Kacang Gude, dan Nanas","Ubi Kuning, Kacang Gude, dan Nanas, komposisi unik Batch 3 dengan porsi berbasis TKPI.",breakfast,330.0,"1 porsi (330 g)",approved,0,"Tabel Komposisi Pangan Indonesia 2017",tkpi-weighted-v1,"Kandidat Batch 3. Makro, natrium, nama, dan komposisi diperiksa sebelum approval.",2026-07-28T09:51:21.258Z,2026-07-28T09:51:28.449Z,3
batch-03-006,batch-03-ubi-ungu-yoghurt-dan-jambu-biji,"Ubi Ungu, Yoghurt, dan Jambu Biji","Ubi Ungu, Yoghurt, dan Jambu Biji, komposisi unik Batch 3 dengan porsi berbasis TKPI.",breakfast,370.0,"1 porsi (370 g)",approved,0,"Tabel Komposisi Pangan Indonesia 2017",tkpi-weighted-v1,"Kandidat Batch 3. Makro, natrium, nama, dan komposisi diperiksa sebelum approval.",2026-07-28T09:51:21.258Z,2026-07-28T09:51:28.449Z,3
batch-03-007,batch-03-singkong-kukus-kacang-tolo-dan-pisang,"Singkong Kukus, Kacang Tolo, dan Pisang","Singkong Kukus, Kacang Tolo, dan Pisang, komposisi unik Batch 3 dengan porsi berbasis TKPI.",breakfast,330.0,"1 porsi (330 g)",approved,0,"Tabel Komposisi Pangan Indonesia 2017",tkpi-weighted-v1,"Kandidat Batch 3. Makro, natrium, nama, dan komposisi diperiksa sebelum approval.",2026-07-28T09:51:21.258Z,2026-07-28T09:51:28.449Z,3
batch-03-008,batch-03-jagung-rebus-kacang-merah-dan-jeruk,"Jagung Rebus, Kacang Merah, dan Jeruk","Jagung Rebus, Kacang Merah, dan Jeruk, komposisi unik Batch 3 dengan porsi berbasis TKPI.",breakfast,300.0,"1 porsi (300 g)",approved,0,"Tabel Komposisi Pangan Indonesia 2017",tkpi-weighted-v1,"Kandidat Batch 3. Makro, natrium, nama, dan komposisi diperiksa sebelum approval.",2026-07-28T09:51:21.258Z,2026-07-28T09:51:28.449Z,3
batch-03-009,batch-03-jagung-pipil-kacang-merah-segar-dan-nanas,"Jagung Pipil, Kacang Merah Segar, dan Nanas","Jagung Pipil, Kacang Merah Segar, dan Nanas, komposisi unik Batch 3 dengan porsi berbasis TKPI.",breakfast,300.0,"1 porsi (300 g)",approved,0,"Tabel Komposisi Pangan Indonesia 2017",tkpi-weighted-v1,"Kandidat Batch 3. Makro, natrium, nama, dan komposisi diperiksa sebelum approval.",2026-07-28T09:51:21.258Z,2026-07-28T09:51:28.449Z,3
batch-03-010,batch-03-roti-susu-skim-dan-melon,"Roti, Susu Skim, dan Melon","Roti, Susu Skim, dan Melon, komposisi unik Batch 3 dengan porsi berbasis TKPI.",breakfast,360.0,"1 porsi (360 g)",approved,0,"Tabel Komposisi Pangan Indonesia 2017",tkpi-weighted-v1,"Kandidat Batch 3. Makro, natrium, nama, dan komposisi diperiksa sebelum approval.",2026-07-28T09:51:21.258Z,2026-07-28T09:51:28.449Z,3
batch-03-011,batch-03-ubi-kukus-kacang-gude-dan-apel,"Ubi Kukus, Kacang Gude, dan Apel","Ubi Kukus, Kacang Gude, dan Apel, komposisi unik Batch 3 dengan porsi berbasis TKPI.",breakfast,360.0,"1 porsi (360 g)",approved,0,"Tabel Komposisi Pangan Indonesia 2017",tkpi-weighted-v1,"Kandidat Batch 3. Makro, natrium, nama, dan komposisi diperiksa sebelum approval.",2026-07-28T09:51:21.258Z,2026-07-28T09:51:28.449Z,3
batch-03-012,batch-03-ubi-rebus-tahu-dan-jambu-biji,"Ubi Rebus, Tahu, dan Jambu Biji","Ubi Rebus, Tahu, dan Jambu Biji, komposisi unik Batch 3 dengan porsi berbasis TKPI.",breakfast,300.0,"1 porsi (300 g)",approved,0,"Tabel Komposisi Pangan Indonesia 2017",tkpi-weighted-v1,"Kandidat Batch 3. Makro, natrium, nama, dan komposisi diperiksa sebelum approval.",2026-07-28T09:51:21.258Z,2026-07-28T09:51:28.449Z,3
batch-03-013,batch-03-talas-belitung-yoghurt-dan-pisang-ambon,"Talas Belitung, Yoghurt, dan Pisang Ambon","Talas Belitung, Yoghurt, dan Pisang Ambon, komposisi unik Batch 3 dengan porsi berbasis TKPI.",breakfast,400.0,"1 porsi (400 g)",approved,0,"Tabel Komposisi Pangan Indonesia 2017",tkpi-weighted-v1,"Kandidat Batch 3. Makro, natrium, nama, dan komposisi diperiksa sebelum approval.",2026-07-28T09:51:21.258Z,2026-07-28T09:51:28.449Z,3
batch-03-014,batch-03-suweg-kukus-kacang-merah-dan-jeruk,"Suweg Kukus, Kacang Merah, dan Jeruk","Suweg Kukus, Kacang Merah, dan Jeruk, komposisi unik Batch 3 dengan porsi berbasis TKPI.",breakfast,360.0,"1 porsi (360 g)",approved,0,"Tabel Komposisi Pangan Indonesia 2017",tkpi-weighted-v1,"Kandidat Batch 3. Makro, natrium, nama, dan komposisi diperiksa sebelum approval.",2026-07-28T09:51:21.259Z,2026-07-28T09:51:28.449Z,3
batch-03-015,batch-03-ubi-gadung-kacang-tolo-dan-nanas,"Ubi Gadung, Kacang Tolo, dan Nanas","Ubi Gadung, Kacang Tolo, dan Nanas, komposisi unik Batch 3 dengan porsi berbasis TKPI.",breakfast,360.0,"1 porsi (360 g)",approved,0,"Tabel Komposisi Pangan Indonesia 2017",tkpi-weighted-v1,"Kandidat Batch 3. Makro, natrium, nama, dan komposisi diperiksa sebelum approval.",2026-07-28T09:51:21.259Z,2026-07-28T09:51:28.449Z,3
batch-03-016,batch-03-nasi-merah-ayam-kalasan-kacang-panjang-dan-jambu-biji,"Nasi Merah, Ayam Kalasan, Kacang Panjang, dan Jambu Biji","Nasi Merah, Ayam Kalasan, Kacang Panjang, dan Jambu Biji, komposisi unik Batch 3 dengan porsi berbasis TKPI.",lunch,500.0,"1 porsi (500 g)",approved,0,"Tabel Komposisi Pangan Indonesia 2017",tkpi-weighted-v1,"Kandidat Batch 3. Makro, natrium, nama, dan komposisi diperiksa sebelum approval.",2026-07-28T09:51:21.259Z,2026-07-28T09:51:28.449Z,3
batch-03-017,batch-03-nasi-pepes-mujahir-kangkung-dan-melon,"Nasi, Pepes Mujahir, Kangkung, dan Melon","Nasi, Pepes Mujahir, Kangkung, dan Melon, komposisi unik Batch 3 dengan porsi berbasis TKPI.",lunch,510.0,"1 porsi (510 g)",approved,0,"Tabel Komposisi Pangan Indonesia 2017",tkpi-weighted-v1,"Kandidat Batch 3. Makro, natrium, nama, dan komposisi diperiksa sebelum approval.",2026-07-28T09:51:21.259Z,2026-07-28T09:51:28.449Z,3
batch-03-018,batch-03-nasi-merah-ikan-baung-kangkung-rebus-dan-nanas,"Nasi Merah, Ikan Baung, Kangkung Rebus, dan Nanas","Nasi Merah, Ikan Baung, Kangkung Rebus, dan Nanas, komposisi unik Batch 3 dengan porsi berbasis TKPI.",lunch,510.0,"1 porsi (510 g)",approved,0,"Tabel Komposisi Pangan Indonesia 2017",tkpi-weighted-v1,"Kandidat Batch 3. Makro, natrium, nama, dan komposisi diperiksa sebelum approval.",2026-07-28T09:51:21.259Z,2026-07-28T09:51:28.449Z,3
batch-03-019,batch-03-nasi-pepes-ikan-mas-wortel-dan-apel,"Nasi, Pepes Ikan Mas, Wortel, dan Apel","Nasi, Pepes Ikan Mas, Wortel, dan Apel, komposisi unik Batch 3 dengan porsi berbasis TKPI.",lunch,500.0,"1 porsi (500 g)",approved,0,"Tabel Komposisi Pangan Indonesia 2017",tkpi-weighted-v1,"Kandidat Batch 3. Makro, natrium, nama, dan komposisi diperiksa sebelum approval.",2026-07-28T09:51:21.260Z,2026-07-28T09:51:28.449Z,3
batch-03-020,batch-03-nasi-merah-ikan-papuyu-wortel-kukus-dan-jeruk,"Nasi Merah, Ikan Papuyu, Wortel Kukus, dan Jeruk","Nasi Merah, Ikan Papuyu, Wortel Kukus, dan Jeruk, komposisi unik Batch 3 dengan porsi berbasis TKPI.",lunch,510.0,"1 porsi (510 g)",approved,0,"Tabel Komposisi Pangan Indonesia 2017",tkpi-weighted-v1,"Kandidat Batch 3. Makro, natrium, nama, dan komposisi diperiksa sebelum approval.",2026-07-28T09:51:21.260Z,2026-07-28T09:51:28.449Z,3
batch-03-021,batch-03-nasi-ikan-patin-daun-katuk-dan-jambu-biji,"Nasi, Ikan Patin, Daun Katuk, dan Jambu Biji","Nasi, Ikan Patin, Daun Katuk, dan Jambu Biji, komposisi unik Batch 3 dengan porsi berbasis TKPI.",lunch,510.0,"1 porsi (510 g)",approved,0,"Tabel Komposisi Pangan Indonesia 2017",tkpi-weighted-v1,"Kandidat Batch 3. Makro, natrium, nama, dan komposisi diperiksa sebelum approval.",2026-07-28T09:51:21.260Z,2026-07-28T09:51:28.449Z,3
batch-03-022,batch-03-nasi-merah-cumi-daun-kelor-dan-nanas,"Nasi Merah, Cumi, Daun Kelor, dan Nanas","Nasi Merah, Cumi, Daun Kelor, dan Nanas, komposisi unik Batch 3 dengan porsi berbasis TKPI.",lunch,500.0,"1 porsi (500 g)",approved,0,"Tabel Komposisi Pangan Indonesia 2017",tkpi-weighted-v1,"Kandidat Batch 3. Makro, natrium, nama, dan komposisi diperiksa sebelum approval.",2026-07-28T09:51:21.260Z,2026-07-28T09:51:28.450Z,3
batch-03-023,batch-03-nasi-tahu-daun-singkong-dan-melon,"Nasi, Tahu, Daun Singkong, dan Melon","Nasi, Tahu, Daun Singkong, dan Melon, komposisi unik Batch 3 dengan porsi berbasis TKPI.",lunch,520.0,"1 porsi (520 g)",approved,0,"Tabel Komposisi Pangan Indonesia 2017",tkpi-weighted-v1,"Kandidat Batch 3. Makro, natrium, nama, dan komposisi diperiksa sebelum approval.",2026-07-28T09:51:21.260Z,2026-07-28T09:51:28.450Z,3
batch-03-024,batch-03-nasi-merah-tempe-kacang-panjang-dan-jeruk,"Nasi Merah, Tempe, Kacang Panjang, dan Jeruk","Nasi Merah, Tempe, Kacang Panjang, dan Jeruk, komposisi unik Batch 3 dengan porsi berbasis TKPI.",lunch,490.0,"1 porsi (490 g)",approved,0,"Tabel Komposisi Pangan Indonesia 2017",tkpi-weighted-v1,"Kandidat Batch 3. Makro, natrium, nama, dan komposisi diperiksa sebelum approval.",2026-07-28T09:51:21.260Z,2026-07-28T09:51:28.450Z,3
batch-03-025,batch-03-nasi-kacang-merah-kangkung-dan-apel,"Nasi, Kacang Merah, Kangkung, dan Apel","Nasi, Kacang Merah, Kangkung, dan Apel, komposisi unik Batch 3 dengan porsi berbasis TKPI.",lunch,520.0,"1 porsi (520 g)",approved,0,"Tabel Komposisi Pangan Indonesia 2017",tkpi-weighted-v1,"Kandidat Batch 3. Makro, natrium, nama, dan komposisi diperiksa sebelum approval.",2026-07-28T09:51:21.260Z,2026-07-28T09:51:28.450Z,3
batch-03-026,batch-03-nasi-merah-kacang-merah-segar-kangkung-rebus-dan-jambu-biji,"Nasi Merah, Kacang Merah Segar, Kangkung Rebus, dan Jambu Biji","Nasi Merah, Kacang Merah Segar, Kangkung Rebus, dan Jambu Biji, komposisi unik Batch 3 dengan porsi berbasis TKPI.",lunch,520.0,"1 porsi (520 g)",approved,0,"Tabel Komposisi Pangan Indonesia 2017",tkpi-weighted-v1,"Kandidat Batch 3. Makro, natrium, nama, dan komposisi diperiksa sebelum approval.",2026-07-28T09:51:21.260Z,2026-07-28T09:51:28.450Z,3
batch-03-027,batch-03-nasi-kacang-tolo-wortel-dan-nanas,"Nasi, Kacang Tolo, Wortel, dan Nanas","Nasi, Kacang Tolo, Wortel, dan Nanas, komposisi unik Batch 3 dengan porsi berbasis TKPI.",lunch,520.0,"1 porsi (520 g)",approved,0,"Tabel Komposisi Pangan Indonesia 2017",tkpi-weighted-v1,"Kandidat Batch 3. Makro, natrium, nama, dan komposisi diperiksa sebelum approval.",2026-07-28T09:51:21.260Z,2026-07-28T09:51:28.450Z,3
batch-03-028,batch-03-nasi-merah-kacang-gude-wortel-kukus-dan-melon,"Nasi Merah, Kacang Gude, Wortel Kukus, dan Melon","Nasi Merah, Kacang Gude, Wortel Kukus, dan Melon, komposisi unik Batch 3 dengan porsi berbasis TKPI.",lunch,520.0,"1 porsi (520 g)",approved,0,"Tabel Komposisi Pangan Indonesia 2017",tkpi-weighted-v1,"Kandidat Batch 3. Makro, natrium, nama, dan komposisi diperiksa sebelum approval.",2026-07-28T09:51:21.260Z,2026-07-28T09:51:28.450Z,3
batch-03-029,batch-03-nasi-mujahir-goreng-daun-katuk-dan-jeruk,"Nasi, Mujahir Goreng, Daun Katuk, dan Jeruk","Nasi, Mujahir Goreng, Daun Katuk, dan Jeruk, komposisi unik Batch 3 dengan porsi berbasis TKPI.",lunch,480.0,"1 porsi (480 g)",approved,0,"Tabel Komposisi Pangan Indonesia 2017",tkpi-weighted-v1,"Kandidat Batch 3. Makro, natrium, nama, dan komposisi diperiksa sebelum approval.",2026-07-28T09:51:21.260Z,2026-07-28T09:51:28.450Z,3
batch-03-030,batch-03-nasi-merah-bebek-goreng-daun-kelor-dan-apel,"Nasi Merah, Bebek Goreng, Daun Kelor, dan Apel","Nasi Merah, Bebek Goreng, Daun Kelor, dan Apel, komposisi unik Batch 3 dengan porsi berbasis TKPI.",lunch,490.0,"1 porsi (490 g)",approved,0,"Tabel Komposisi Pangan Indonesia 2017",tkpi-weighted-v1,"Kandidat Batch 3. Makro, natrium, nama, dan komposisi diperiksa sebelum approval.",2026-07-28T09:51:21.260Z,2026-07-28T09:51:28.450Z,3
batch-03-031,batch-03-nasi-ikan-lais-daun-singkong-dan-jambu-biji,"Nasi, Ikan Lais, Daun Singkong, dan Jambu Biji","Nasi, Ikan Lais, Daun Singkong, dan Jambu Biji, komposisi unik Batch 3 dengan porsi berbasis TKPI.",lunch,510.0,"1 porsi (510 g)",approved,0,"Tabel Komposisi Pangan Indonesia 2017",tkpi-weighted-v1,"Kandidat Batch 3. Makro, natrium, nama, dan komposisi diperiksa sebelum approval.",2026-07-28T09:51:21.260Z,2026-07-28T09:51:28.450Z,3
batch-03-032,batch-03-nasi-merah-kedelai-rebus-kacang-panjang-dan-nanas,"Nasi Merah, Kedelai Rebus, Kacang Panjang, dan Nanas","Nasi Merah, Kedelai Rebus, Kacang Panjang, dan Nanas, komposisi unik Batch 3 dengan porsi berbasis TKPI.",lunch,500.0,"1 porsi (500 g)",approved,0,"Tabel Komposisi Pangan Indonesia 2017",tkpi-weighted-v1,"Kandidat Batch 3. Makro, natrium, nama, dan komposisi diperiksa sebelum approval.",2026-07-28T09:51:21.261Z,2026-07-28T09:51:28.450Z,3
batch-03-033,batch-03-nasi-kacang-belimbing-kangkung-dan-melon,"Nasi, Kacang Belimbing, Kangkung, dan Melon","Nasi, Kacang Belimbing, Kangkung, dan Melon, komposisi unik Batch 3 dengan porsi berbasis TKPI.",lunch,500.0,"1 porsi (500 g)",approved,0,"Tabel Komposisi Pangan Indonesia 2017",tkpi-weighted-v1,"Kandidat Batch 3. Makro, natrium, nama, dan komposisi diperiksa sebelum approval.",2026-07-28T09:51:21.261Z,2026-07-28T09:51:28.450Z,3
batch-03-034,batch-03-nasi-ayam-kalasan-wortel-dan-jeruk,"Nasi, Ayam Kalasan, Wortel, dan Jeruk","Nasi, Ayam Kalasan, Wortel, dan Jeruk, komposisi unik Batch 3 dengan porsi berbasis TKPI.",dinner,505.0,"1 porsi (505 g)",approved,0,"Tabel Komposisi Pangan Indonesia 2017",tkpi-weighted-v1,"Kandidat Batch 3. Makro, natrium, nama, dan komposisi diperiksa sebelum approval.",2026-07-28T09:51:21.261Z,2026-07-28T09:51:28.450Z,3
batch-03-035,batch-03-nasi-merah-pepes-mujahir-wortel-kukus-dan-nanas,"Nasi Merah, Pepes Mujahir, Wortel Kukus, dan Nanas","Nasi Merah, Pepes Mujahir, Wortel Kukus, dan Nanas, komposisi unik Batch 3 dengan porsi berbasis TKPI.",dinner,515.0,"1 porsi (515 g)",approved,0,"Tabel Komposisi Pangan Indonesia 2017",tkpi-weighted-v1,"Kandidat Batch 3. Makro, natrium, nama, dan komposisi diperiksa sebelum approval.",2026-07-28T09:51:21.261Z,2026-07-28T09:51:28.450Z,3
batch-03-036,batch-03-nasi-ikan-baung-daun-katuk-dan-apel,"Nasi, Ikan Baung, Daun Katuk, dan Apel","Nasi, Ikan Baung, Daun Katuk, dan Apel, komposisi unik Batch 3 dengan porsi berbasis TKPI.",dinner,515.0,"1 porsi (515 g)",approved,0,"Tabel Komposisi Pangan Indonesia 2017",tkpi-weighted-v1,"Kandidat Batch 3. Makro, natrium, nama, dan komposisi diperiksa sebelum approval.",2026-07-28T09:51:21.261Z,2026-07-28T09:51:28.450Z,3
batch-03-037,batch-03-nasi-merah-pepes-ikan-mas-daun-kelor-dan-melon,"Nasi Merah, Pepes Ikan Mas, Daun Kelor, dan Melon","Nasi Merah, Pepes Ikan Mas, Daun Kelor, dan Melon, komposisi unik Batch 3 dengan porsi berbasis TKPI.",dinner,505.0,"1 porsi (505 g)",approved,0,"Tabel Komposisi Pangan Indonesia 2017",tkpi-weighted-v1,"Kandidat Batch 3. Makro, natrium, nama, dan komposisi diperiksa sebelum approval.",2026-07-28T09:51:21.261Z,2026-07-28T09:51:28.450Z,3
batch-03-038,batch-03-nasi-ikan-papuyu-daun-singkong-dan-nanas,"Nasi, Ikan Papuyu, Daun Singkong, dan Nanas","Nasi, Ikan Papuyu, Daun Singkong, dan Nanas, komposisi unik Batch 3 dengan porsi berbasis TKPI.",dinner,515.0,"1 porsi (515 g)",approved,0,"Tabel Komposisi Pangan Indonesia 2017",tkpi-weighted-v1,"Kandidat Batch 3. Makro, natrium, nama, dan komposisi diperiksa sebelum approval.",2026-07-28T09:51:21.261Z,2026-07-28T09:51:28.450Z,3
batch-03-039,batch-03-nasi-merah-ikan-patin-kacang-panjang-dan-jeruk,"Nasi Merah, Ikan Patin, Kacang Panjang, dan Jeruk","Nasi Merah, Ikan Patin, Kacang Panjang, dan Jeruk, komposisi unik Batch 3 dengan porsi berbasis TKPI.",dinner,515.0,"1 porsi (515 g)",approved,0,"Tabel Komposisi Pangan Indonesia 2017",tkpi-weighted-v1,"Kandidat Batch 3. Makro, natrium, nama, dan komposisi diperiksa sebelum approval.",2026-07-28T09:51:21.261Z,2026-07-28T09:51:28.450Z,3
batch-03-040,batch-03-nasi-cumi-kangkung-dan-jambu-biji,"Nasi, Cumi, Kangkung, dan Jambu Biji","Nasi, Cumi, Kangkung, dan Jambu Biji, komposisi unik Batch 3 dengan porsi berbasis TKPI.",dinner,505.0,"1 porsi (505 g)",approved,0,"Tabel Komposisi Pangan Indonesia 2017",tkpi-weighted-v1,"Kandidat Batch 3. Makro, natrium, nama, dan komposisi diperiksa sebelum approval.",2026-07-28T09:51:21.261Z,2026-07-28T09:51:28.450Z,3
batch-03-041,batch-03-nasi-merah-tahu-kangkung-rebus-dan-apel,"Nasi Merah, Tahu, Kangkung Rebus, dan Apel","Nasi Merah, Tahu, Kangkung Rebus, dan Apel, komposisi unik Batch 3 dengan porsi berbasis TKPI.",dinner,520.0,"1 porsi (520 g)",approved,0,"Tabel Komposisi Pangan Indonesia 2017",tkpi-weighted-v1,"Kandidat Batch 3. Makro, natrium, nama, dan komposisi diperiksa sebelum approval.",2026-07-28T09:51:21.263Z,2026-07-28T09:51:28.450Z,3
batch-03-042,batch-03-nasi-tempe-wortel-dan-nanas,"Nasi, Tempe, Wortel, dan Nanas","Nasi, Tempe, Wortel, dan Nanas, komposisi unik Batch 3 dengan porsi berbasis TKPI.",dinner,495.0,"1 porsi (495 g)",approved,0,"Tabel Komposisi Pangan Indonesia 2017",tkpi-weighted-v1,"Kandidat Batch 3. Makro, natrium, nama, dan komposisi diperiksa sebelum approval.",2026-07-28T09:51:21.263Z,2026-07-28T09:51:28.450Z,3
batch-03-043,batch-03-nasi-merah-kacang-merah-wortel-kukus-dan-jeruk,"Nasi Merah, Kacang Merah, Wortel Kukus, dan Jeruk","Nasi Merah, Kacang Merah, Wortel Kukus, dan Jeruk, komposisi unik Batch 3 dengan porsi berbasis TKPI.",dinner,520.0,"1 porsi (520 g)",approved,0,"Tabel Komposisi Pangan Indonesia 2017",tkpi-weighted-v1,"Kandidat Batch 3. Makro, natrium, nama, dan komposisi diperiksa sebelum approval.",2026-07-28T09:51:21.263Z,2026-07-28T09:51:28.451Z,3
batch-03-044,batch-03-nasi-kacang-merah-segar-daun-katuk-dan-jambu-biji,"Nasi, Kacang Merah Segar, Daun Katuk, dan Jambu Biji","Nasi, Kacang Merah Segar, Daun Katuk, dan Jambu Biji, komposisi unik Batch 3 dengan porsi berbasis TKPI.",dinner,520.0,"1 porsi (520 g)",approved,0,"Tabel Komposisi Pangan Indonesia 2017",tkpi-weighted-v1,"Kandidat Batch 3. Makro, natrium, nama, dan komposisi diperiksa sebelum approval.",2026-07-28T09:51:21.263Z,2026-07-28T09:51:28.451Z,3
batch-03-045,batch-03-nasi-merah-kacang-tolo-daun-kelor-dan-apel,"Nasi Merah, Kacang Tolo, Daun Kelor, dan Apel","Nasi Merah, Kacang Tolo, Daun Kelor, dan Apel, komposisi unik Batch 3 dengan porsi berbasis TKPI.",dinner,520.0,"1 porsi (520 g)",approved,0,"Tabel Komposisi Pangan Indonesia 2017",tkpi-weighted-v1,"Kandidat Batch 3. Makro, natrium, nama, dan komposisi diperiksa sebelum approval.",2026-07-28T09:51:21.263Z,2026-07-28T09:51:28.451Z,3
batch-03-046,batch-03-nasi-kacang-gude-daun-singkong-dan-melon,"Nasi, Kacang Gude, Daun Singkong, dan Melon","Nasi, Kacang Gude, Daun Singkong, dan Melon, komposisi unik Batch 3 dengan porsi berbasis TKPI.",dinner,520.0,"1 porsi (520 g)",approved,0,"Tabel Komposisi Pangan Indonesia 2017",tkpi-weighted-v1,"Kandidat Batch 3. Makro, natrium, nama, dan komposisi diperiksa sebelum approval.",2026-07-28T09:51:21.263Z,2026-07-28T09:51:28.451Z,3
batch-03-047,batch-03-nasi-merah-mujahir-goreng-kacang-panjang-dan-jambu-biji,"Nasi Merah, Mujahir Goreng, Kacang Panjang, dan Jambu Biji","Nasi Merah, Mujahir Goreng, Kacang Panjang, dan Jambu Biji, komposisi unik Batch 3 dengan porsi berbasis TKPI.",dinner,485.0,"1 porsi (485 g)",approved,0,"Tabel Komposisi Pangan Indonesia 2017",tkpi-weighted-v1,"Kandidat Batch 3. Makro, natrium, nama, dan komposisi diperiksa sebelum approval.",2026-07-28T09:51:21.264Z,2026-07-28T09:51:28.451Z,3
batch-03-048,batch-03-nasi-bebek-goreng-kangkung-dan-jeruk,"Nasi, Bebek Goreng, Kangkung, dan Jeruk","Nasi, Bebek Goreng, Kangkung, dan Jeruk, komposisi unik Batch 3 dengan porsi berbasis TKPI.",dinner,495.0,"1 porsi (495 g)",approved,0,"Tabel Komposisi Pangan Indonesia 2017",tkpi-weighted-v1,"Kandidat Batch 3. Makro, natrium, nama, dan komposisi diperiksa sebelum approval.",2026-07-28T09:51:21.264Z,2026-07-28T09:51:28.451Z,3
batch-03-049,batch-03-nasi-merah-ikan-lais-kangkung-rebus-dan-nanas,"Nasi Merah, Ikan Lais, Kangkung Rebus, dan Nanas","Nasi Merah, Ikan Lais, Kangkung Rebus, dan Nanas, komposisi unik Batch 3 dengan porsi berbasis TKPI.",dinner,515.0,"1 porsi (515 g)",approved,0,"Tabel Komposisi Pangan Indonesia 2017",tkpi-weighted-v1,"Kandidat Batch 3. Makro, natrium, nama, dan komposisi diperiksa sebelum approval.",2026-07-28T09:51:21.264Z,2026-07-28T09:51:28.451Z,3
batch-03-050,batch-03-nasi-kedelai-rebus-wortel-dan-apel,"Nasi, Kedelai Rebus, Wortel, dan Apel","Nasi, Kedelai Rebus, Wortel, dan Apel, komposisi unik Batch 3 dengan porsi berbasis TKPI.",dinner,505.0,"1 porsi (505 g)",approved,0,"Tabel Komposisi Pangan Indonesia 2017",tkpi-weighted-v1,"Kandidat Batch 3. Makro, natrium, nama, dan komposisi diperiksa sebelum approval.",2026-07-28T09:51:21.264Z,2026-07-28T09:51:28.451Z,3
batch-03-051,batch-03-nasi-merah-kacang-belimbing-wortel-kukus-dan-melon,"Nasi Merah, Kacang Belimbing, Wortel Kukus, dan Melon","Nasi Merah, Kacang Belimbing, Wortel Kukus, dan Melon, komposisi unik Batch 3 dengan porsi berbasis TKPI.",dinner,505.0,"1 porsi (505 g)",approved,0,"Tabel Komposisi Pangan Indonesia 2017",tkpi-weighted-v1,"Kandidat Batch 3. Makro, natrium, nama, dan komposisi diperiksa sebelum approval.",2026-07-28T09:51:21.264Z,2026-07-28T09:51:28.451Z,3
batch-03-052,batch-03-yoghurt-dan-melon,"Yoghurt dan Melon","Yoghurt dan Melon, komposisi unik Batch 3 dengan porsi berbasis TKPI.",snack,250.0,"1 porsi (250 g)",approved,0,"Tabel Komposisi Pangan Indonesia 2017",tkpi-weighted-v1,"Kandidat Batch 3. Makro, natrium, nama, dan komposisi diperiksa sebelum approval.",2026-07-28T09:51:21.264Z,2026-07-28T09:51:28.451Z,3
batch-03-053,batch-03-yoghurt-dan-nanas,"Yoghurt dan Nanas","Yoghurt dan Nanas, komposisi unik Batch 3 dengan porsi berbasis TKPI.",snack,250.0,"1 porsi (250 g)",approved,0,"Tabel Komposisi Pangan Indonesia 2017",tkpi-weighted-v1,"Kandidat Batch 3. Makro, natrium, nama, dan komposisi diperiksa sebelum approval.",2026-07-28T09:51:21.264Z,2026-07-28T09:51:28.451Z,3
batch-03-054,batch-03-ubi-rebus-dan-jambu-biji,"Ubi Rebus dan Jambu Biji","Ubi Rebus dan Jambu Biji, komposisi unik Batch 3 dengan porsi berbasis TKPI.",snack,180.0,"1 porsi (180 g)",approved,0,"Tabel Komposisi Pangan Indonesia 2017",tkpi-weighted-v1,"Kandidat Batch 3. Makro, natrium, nama, dan komposisi diperiksa sebelum approval.",2026-07-28T09:51:21.264Z,2026-07-28T09:51:28.451Z,3
batch-03-055,batch-03-talas-belitung-dan-melon,"Talas Belitung dan Melon","Talas Belitung dan Melon, komposisi unik Batch 3 dengan porsi berbasis TKPI.",snack,180.0,"1 porsi (180 g)",approved,0,"Tabel Komposisi Pangan Indonesia 2017",tkpi-weighted-v1,"Kandidat Batch 3. Makro, natrium, nama, dan komposisi diperiksa sebelum approval.",2026-07-28T09:51:21.264Z,2026-07-28T09:51:28.451Z,3
batch-03-056,batch-03-kacang-gude-dan-apel,"Kacang Gude dan Apel","Kacang Gude dan Apel, komposisi unik Batch 3 dengan porsi berbasis TKPI.",snack,160.0,"1 porsi (160 g)",approved,0,"Tabel Komposisi Pangan Indonesia 2017",tkpi-weighted-v1,"Kandidat Batch 3. Makro, natrium, nama, dan komposisi diperiksa sebelum approval.",2026-07-28T09:51:21.264Z,2026-07-28T09:51:28.451Z,3
batch-03-057,batch-03-kacang-belimbing-dan-jeruk,"Kacang Belimbing dan Jeruk","Kacang Belimbing dan Jeruk, komposisi unik Batch 3 dengan porsi berbasis TKPI.",snack,150.0,"1 porsi (150 g)",approved,0,"Tabel Komposisi Pangan Indonesia 2017",tkpi-weighted-v1,"Kandidat Batch 3. Makro, natrium, nama, dan komposisi diperiksa sebelum approval.",2026-07-28T09:51:21.264Z,2026-07-28T09:51:28.451Z,3
batch-03-058,batch-03-jagung-pipil-dan-semangka,"Jagung Pipil dan Semangka","Jagung Pipil dan Semangka, komposisi unik Batch 3 dengan porsi berbasis TKPI.",snack,230.0,"1 porsi (230 g)",approved,0,"Tabel Komposisi Pangan Indonesia 2017",tkpi-weighted-v1,"Kandidat Batch 3. Makro, natrium, nama, dan komposisi diperiksa sebelum approval.",2026-07-28T09:51:21.264Z,2026-07-28T09:51:28.451Z,3
batch-03-059,batch-03-suweg-kukus-dan-pisang-ambon,"Suweg Kukus dan Pisang Ambon","Suweg Kukus dan Pisang Ambon, komposisi unik Batch 3 dengan porsi berbasis TKPI.",snack,180.0,"1 porsi (180 g)",approved,0,"Tabel Komposisi Pangan Indonesia 2017",tkpi-weighted-v1,"Kandidat Batch 3. Makro, natrium, nama, dan komposisi diperiksa sebelum approval.",2026-07-28T09:51:21.265Z,2026-07-28T09:51:28.451Z,3
batch-03-060,batch-03-kedelai-rebus-dan-nanas,"Kedelai Rebus dan Nanas","Kedelai Rebus dan Nanas, komposisi unik Batch 3 dengan porsi berbasis TKPI.",snack,150.0,"1 porsi (150 g)",approved,0,"Tabel Komposisi Pangan Indonesia 2017",tkpi-weighted-v1,"Kandidat Batch 3. Makro, natrium, nama, dan komposisi diperiksa sebelum approval.",2026-07-28T09:51:21.265Z,2026-07-28T09:51:28.452Z,3
batch-04-001,batch-04-talas-belitung-kacang-merah-dan-semangka,"Talas Belitung, Kacang Merah, dan Semangka","Talas Belitung, Kacang Merah, dan Semangka, komposisi unik Batch 4 dengan porsi berbasis TKPI.",breakfast,330.0,"1 porsi (330 g)",approved,0,"Tabel Komposisi Pangan Indonesia 2017",tkpi-weighted-v1,"Kandidat Batch 4. Makro, natrium, nama, dan komposisi diperiksa sebelum approval.",2026-07-28T13:16:36.578Z,2026-07-28T13:16:41.651Z,4
batch-04-002,batch-04-ubi-gadung-kacang-merah-segar-dan-jambu-biji,"Ubi Gadung, Kacang Merah Segar, dan Jambu Biji","Ubi Gadung, Kacang Merah Segar, dan Jambu Biji, komposisi unik Batch 4 dengan porsi berbasis TKPI.",breakfast,330.0,"1 porsi (330 g)",approved,0,"Tabel Komposisi Pangan Indonesia 2017",tkpi-weighted-v1,"Kandidat Batch 4. Makro, natrium, nama, dan komposisi diperiksa sebelum approval.",2026-07-28T13:16:36.583Z,2026-07-28T13:16:41.651Z,4
batch-04-003,batch-04-suweg-kukus-kacang-tolo-dan-melon,"Suweg Kukus, Kacang Tolo, dan Melon","Suweg Kukus, Kacang Tolo, dan Melon, komposisi unik Batch 4 dengan porsi berbasis TKPI.",breakfast,330.0,"1 porsi (330 g)",approved,0,"Tabel Komposisi Pangan Indonesia 2017",tkpi-weighted-v1,"Kandidat Batch 4. Makro, natrium, nama, dan komposisi diperiksa sebelum approval.",2026-07-28T13:16:36.583Z,2026-07-28T13:16:41.651Z,4
batch-04-004,batch-04-talas-bogor-tahu-dan-jeruk,"Talas Bogor, Tahu, dan Jeruk","Talas Bogor, Tahu, dan Jeruk, komposisi unik Batch 4 dengan porsi berbasis TKPI.",breakfast,330.0,"1 porsi (330 g)",approved,0,"Tabel Komposisi Pangan Indonesia 2017",tkpi-weighted-v1,"Kandidat Batch 4. Makro, natrium, nama, dan komposisi diperiksa sebelum approval.",2026-07-28T13:16:36.583Z,2026-07-28T13:16:41.651Z,4
batch-04-005,batch-04-ubi-kuning-kacang-gude-dan-apel,"Ubi Kuning, Kacang Gude, dan Apel","Ubi Kuning, Kacang Gude, dan Apel, komposisi unik Batch 4 dengan porsi berbasis TKPI.",breakfast,330.0,"1 porsi (330 g)",approved,0,"Tabel Komposisi Pangan Indonesia 2017",tkpi-weighted-v1,"Kandidat Batch 4. Makro, natrium, nama, dan komposisi diperiksa sebelum approval.",2026-07-28T13:16:36.583Z,2026-07-28T13:16:41.651Z,4
batch-04-006,batch-04-ubi-ungu-yoghurt-dan-nanas,"Ubi Ungu, Yoghurt, dan Nanas","Ubi Ungu, Yoghurt, dan Nanas, komposisi unik Batch 4 dengan porsi berbasis TKPI.",breakfast,370.0,"1 porsi (370 g)",approved,0,"Tabel Komposisi Pangan Indonesia 2017",tkpi-weighted-v1,"Kandidat Batch 4. Makro, natrium, nama, dan komposisi diperiksa sebelum approval.",2026-07-28T13:16:36.584Z,2026-07-28T13:16:41.651Z,4
batch-04-007,batch-04-singkong-kukus-kacang-tolo-dan-semangka,"Singkong Kukus, Kacang Tolo, dan Semangka","Singkong Kukus, Kacang Tolo, dan Semangka, komposisi unik Batch 4 dengan porsi berbasis TKPI.",breakfast,330.0,"1 porsi (330 g)",approved,0,"Tabel Komposisi Pangan Indonesia 2017",tkpi-weighted-v1,"Kandidat Batch 4. Makro, natrium, nama, dan komposisi diperiksa sebelum approval.",2026-07-28T13:16:36.584Z,2026-07-28T13:16:41.652Z,4
batch-04-008,batch-04-jagung-rebus-kacang-merah-dan-jambu-biji,"Jagung Rebus, Kacang Merah, dan Jambu Biji","Jagung Rebus, Kacang Merah, dan Jambu Biji, komposisi unik Batch 4 dengan porsi berbasis TKPI.",breakfast,300.0,"1 porsi (300 g)",approved,0,"Tabel Komposisi Pangan Indonesia 2017",tkpi-weighted-v1,"Kandidat Batch 4. Makro, natrium, nama, dan komposisi diperiksa sebelum approval.",2026-07-28T13:16:36.584Z,2026-07-28T13:16:41.652Z,4
batch-04-009,batch-04-jagung-pipil-kacang-merah-segar-dan-melon,"Jagung Pipil, Kacang Merah Segar, dan Melon","Jagung Pipil, Kacang Merah Segar, dan Melon, komposisi unik Batch 4 dengan porsi berbasis TKPI.",breakfast,300.0,"1 porsi (300 g)",approved,0,"Tabel Komposisi Pangan Indonesia 2017",tkpi-weighted-v1,"Kandidat Batch 4. Makro, natrium, nama, dan komposisi diperiksa sebelum approval.",2026-07-28T13:16:36.585Z,2026-07-28T13:16:41.652Z,4
batch-04-010,batch-04-roti-susu-skim-dan-nanas,"Roti, Susu Skim, dan Nanas","Roti, Susu Skim, dan Nanas, komposisi unik Batch 4 dengan porsi berbasis TKPI.",breakfast,360.0,"1 porsi (360 g)",approved,0,"Tabel Komposisi Pangan Indonesia 2017",tkpi-weighted-v1,"Kandidat Batch 4. Makro, natrium, nama, dan komposisi diperiksa sebelum approval.",2026-07-28T13:16:36.585Z,2026-07-28T13:16:41.652Z,4
batch-04-011,batch-04-ubi-kukus-kacang-gude-dan-jeruk,"Ubi Kukus, Kacang Gude, dan Jeruk","Ubi Kukus, Kacang Gude, dan Jeruk, komposisi unik Batch 4 dengan porsi berbasis TKPI.",breakfast,330.0,"1 porsi (330 g)",approved,0,"Tabel Komposisi Pangan Indonesia 2017",tkpi-weighted-v1,"Kandidat Batch 4. Makro, natrium, nama, dan komposisi diperiksa sebelum approval.",2026-07-28T13:16:36.585Z,2026-07-28T13:16:41.652Z,4
batch-04-012,batch-04-ubi-rebus-tahu-dan-pisang-ambon,"Ubi Rebus, Tahu, dan Pisang Ambon","Ubi Rebus, Tahu, dan Pisang Ambon, komposisi unik Batch 4 dengan porsi berbasis TKPI.",breakfast,300.0,"1 porsi (300 g)",approved,0,"Tabel Komposisi Pangan Indonesia 2017",tkpi-weighted-v1,"Kandidat Batch 4. Makro, natrium, nama, dan komposisi diperiksa sebelum approval.",2026-07-28T13:16:36.585Z,2026-07-28T13:16:41.652Z,4
batch-04-013,batch-04-talas-belitung-yoghurt-dan-apel,"Talas Belitung, Yoghurt, dan Apel","Talas Belitung, Yoghurt, dan Apel, komposisi unik Batch 4 dengan porsi berbasis TKPI.",breakfast,400.0,"1 porsi (400 g)",approved,0,"Tabel Komposisi Pangan Indonesia 2017",tkpi-weighted-v1,"Kandidat Batch 4. Makro, natrium, nama, dan komposisi diperiksa sebelum approval.",2026-07-28T13:16:36.585Z,2026-07-28T13:16:41.652Z,4
batch-04-014,batch-04-suweg-kukus-kacang-merah-dan-jambu-biji,"Suweg Kukus, Kacang Merah, dan Jambu Biji","Suweg Kukus, Kacang Merah, dan Jambu Biji, komposisi unik Batch 4 dengan porsi berbasis TKPI.",breakfast,330.0,"1 porsi (330 g)",approved,0,"Tabel Komposisi Pangan Indonesia 2017",tkpi-weighted-v1,"Kandidat Batch 4. Makro, natrium, nama, dan komposisi diperiksa sebelum approval.",2026-07-28T13:16:36.585Z,2026-07-28T13:16:41.652Z,4
batch-04-015,batch-04-ubi-gadung-kacang-tolo-dan-melon,"Ubi Gadung, Kacang Tolo, dan Melon","Ubi Gadung, Kacang Tolo, dan Melon, komposisi unik Batch 4 dengan porsi berbasis TKPI.",breakfast,330.0,"1 porsi (330 g)",approved,0,"Tabel Komposisi Pangan Indonesia 2017",tkpi-weighted-v1,"Kandidat Batch 4. Makro, natrium, nama, dan komposisi diperiksa sebelum approval.",2026-07-28T13:16:36.585Z,2026-07-28T13:16:41.653Z,4
batch-04-016,batch-04-nasi-ayam-kalasan-bayam-dan-semangka,"Nasi, Ayam Kalasan, Bayam, dan Semangka","Nasi, Ayam Kalasan, Bayam, dan Semangka, komposisi unik Batch 4 dengan porsi berbasis TKPI.",lunch,500.0,"1 porsi (500 g)",approved,0,"Tabel Komposisi Pangan Indonesia 2017",tkpi-weighted-v1,"Kandidat Batch 4. Makro, natrium, nama, dan komposisi diperiksa sebelum approval.",2026-07-28T13:16:36.585Z,2026-07-28T13:16:41.653Z,4
batch-04-017,batch-04-nasi-merah-pepes-mujahir-buncis-dan-semangka,"Nasi Merah, Pepes Mujahir, Buncis, dan Semangka","Nasi Merah, Pepes Mujahir, Buncis, dan Semangka, komposisi unik Batch 4 dengan porsi berbasis TKPI.",lunch,510.0,"1 porsi (510 g)",approved,0,"Tabel Komposisi Pangan Indonesia 2017",tkpi-weighted-v1,"Kandidat Batch 4. Makro, natrium, nama, dan komposisi diperiksa sebelum approval.",2026-07-28T13:16:36.586Z,2026-07-28T13:16:41.653Z,4
batch-04-018,batch-04-nasi-ikan-baung-daun-katuk-dan-semangka,"Nasi, Ikan Baung, Daun Katuk, dan Semangka","Nasi, Ikan Baung, Daun Katuk, dan Semangka, komposisi unik Batch 4 dengan porsi berbasis TKPI.",lunch,510.0,"1 porsi (510 g)",approved,0,"Tabel Komposisi Pangan Indonesia 2017",tkpi-weighted-v1,"Kandidat Batch 4. Makro, natrium, nama, dan komposisi diperiksa sebelum approval.",2026-07-28T13:16:36.586Z,2026-07-28T13:16:41.653Z,4
batch-04-019,batch-04-nasi-merah-pepes-ikan-mas-daun-kelor-dan-semangka,"Nasi Merah, Pepes Ikan Mas, Daun Kelor, dan Semangka","Nasi Merah, Pepes Ikan Mas, Daun Kelor, dan Semangka, komposisi unik Batch 4 dengan porsi berbasis TKPI.",lunch,500.0,"1 porsi (500 g)",approved,0,"Tabel Komposisi Pangan Indonesia 2017",tkpi-weighted-v1,"Kandidat Batch 4. Makro, natrium, nama, dan komposisi diperiksa sebelum approval.",2026-07-28T13:16:36.586Z,2026-07-28T13:16:41.653Z,4
batch-04-020,batch-04-nasi-ikan-papuyu-daun-singkong-dan-semangka,"Nasi, Ikan Papuyu, Daun Singkong, dan Semangka","Nasi, Ikan Papuyu, Daun Singkong, dan Semangka, komposisi unik Batch 4 dengan porsi berbasis TKPI.",lunch,510.0,"1 porsi (510 g)",approved,0,"Tabel Komposisi Pangan Indonesia 2017",tkpi-weighted-v1,"Kandidat Batch 4. Makro, natrium, nama, dan komposisi diperiksa sebelum approval.",2026-07-28T13:16:36.586Z,2026-07-28T13:16:41.653Z,4
batch-04-021,batch-04-nasi-merah-ikan-patin-kacang-panjang-dan-semangka,"Nasi Merah, Ikan Patin, Kacang Panjang, dan Semangka","Nasi Merah, Ikan Patin, Kacang Panjang, dan Semangka, komposisi unik Batch 4 dengan porsi berbasis TKPI.",lunch,510.0,"1 porsi (510 g)",approved,0,"Tabel Komposisi Pangan Indonesia 2017",tkpi-weighted-v1,"Kandidat Batch 4. Makro, natrium, nama, dan komposisi diperiksa sebelum approval.",2026-07-28T13:16:36.586Z,2026-07-28T13:16:41.653Z,4
batch-04-022,batch-04-nasi-cumi-kangkung-dan-semangka,"Nasi, Cumi, Kangkung, dan Semangka","Nasi, Cumi, Kangkung, dan Semangka, komposisi unik Batch 4 dengan porsi berbasis TKPI.",lunch,500.0,"1 porsi (500 g)",approved,0,"Tabel Komposisi Pangan Indonesia 2017",tkpi-weighted-v1,"Kandidat Batch 4. Makro, natrium, nama, dan komposisi diperiksa sebelum approval.",2026-07-28T13:16:36.587Z,2026-07-28T13:16:41.653Z,4
batch-04-023,batch-04-nasi-merah-tahu-kangkung-rebus-dan-semangka,"Nasi Merah, Tahu, Kangkung Rebus, dan Semangka","Nasi Merah, Tahu, Kangkung Rebus, dan Semangka, komposisi unik Batch 4 dengan porsi berbasis TKPI.",lunch,520.0,"1 porsi (520 g)",approved,0,"Tabel Komposisi Pangan Indonesia 2017",tkpi-weighted-v1,"Kandidat Batch 4. Makro, natrium, nama, dan komposisi diperiksa sebelum approval.",2026-07-28T13:16:36.587Z,2026-07-28T13:16:41.653Z,4
batch-04-024,batch-04-nasi-tempe-wortel-dan-semangka,"Nasi, Tempe, Wortel, dan Semangka","Nasi, Tempe, Wortel, dan Semangka, komposisi unik Batch 4 dengan porsi berbasis TKPI.",lunch,490.0,"1 porsi (490 g)",approved,0,"Tabel Komposisi Pangan Indonesia 2017",tkpi-weighted-v1,"Kandidat Batch 4. Makro, natrium, nama, dan komposisi diperiksa sebelum approval.",2026-07-28T13:16:36.587Z,2026-07-28T13:16:41.653Z,4
batch-04-025,batch-04-nasi-merah-kacang-merah-wortel-kukus-dan-semangka,"Nasi Merah, Kacang Merah, Wortel Kukus, dan Semangka","Nasi Merah, Kacang Merah, Wortel Kukus, dan Semangka, komposisi unik Batch 4 dengan porsi berbasis TKPI.",lunch,520.0,"1 porsi (520 g)",approved,0,"Tabel Komposisi Pangan Indonesia 2017",tkpi-weighted-v1,"Kandidat Batch 4. Makro, natrium, nama, dan komposisi diperiksa sebelum approval.",2026-07-28T13:16:36.587Z,2026-07-28T13:16:41.653Z,4
batch-04-026,batch-04-nasi-kacang-merah-segar-bayam-dan-semangka,"Nasi, Kacang Merah Segar, Bayam, dan Semangka","Nasi, Kacang Merah Segar, Bayam, dan Semangka, komposisi unik Batch 4 dengan porsi berbasis TKPI.",lunch,520.0,"1 porsi (520 g)",approved,0,"Tabel Komposisi Pangan Indonesia 2017",tkpi-weighted-v1,"Kandidat Batch 4. Makro, natrium, nama, dan komposisi diperiksa sebelum approval.",2026-07-28T13:16:36.587Z,2026-07-28T13:16:41.653Z,4
batch-04-027,batch-04-nasi-merah-kacang-tolo-buncis-dan-semangka,"Nasi Merah, Kacang Tolo, Buncis, dan Semangka","Nasi Merah, Kacang Tolo, Buncis, dan Semangka, komposisi unik Batch 4 dengan porsi berbasis TKPI.",lunch,520.0,"1 porsi (520 g)",approved,0,"Tabel Komposisi Pangan Indonesia 2017",tkpi-weighted-v1,"Kandidat Batch 4. Makro, natrium, nama, dan komposisi diperiksa sebelum approval.",2026-07-28T13:16:36.587Z,2026-07-28T13:16:41.653Z,4
batch-04-028,batch-04-nasi-kacang-gude-daun-katuk-dan-semangka,"Nasi, Kacang Gude, Daun Katuk, dan Semangka","Nasi, Kacang Gude, Daun Katuk, dan Semangka, komposisi unik Batch 4 dengan porsi berbasis TKPI.",lunch,520.0,"1 porsi (520 g)",approved,0,"Tabel Komposisi Pangan Indonesia 2017",tkpi-weighted-v1,"Kandidat Batch 4. Makro, natrium, nama, dan komposisi diperiksa sebelum approval.",2026-07-28T13:16:36.587Z,2026-07-28T13:16:41.653Z,4
batch-04-029,batch-04-nasi-merah-mujahir-goreng-daun-kelor-dan-semangka,"Nasi Merah, Mujahir Goreng, Daun Kelor, dan Semangka","Nasi Merah, Mujahir Goreng, Daun Kelor, dan Semangka, komposisi unik Batch 4 dengan porsi berbasis TKPI.",lunch,480.0,"1 porsi (480 g)",approved,0,"Tabel Komposisi Pangan Indonesia 2017",tkpi-weighted-v1,"Kandidat Batch 4. Makro, natrium, nama, dan komposisi diperiksa sebelum approval.",2026-07-28T13:16:36.587Z,2026-07-28T13:16:41.653Z,4
batch-04-030,batch-04-nasi-bebek-goreng-daun-singkong-dan-semangka,"Nasi, Bebek Goreng, Daun Singkong, dan Semangka","Nasi, Bebek Goreng, Daun Singkong, dan Semangka, komposisi unik Batch 4 dengan porsi berbasis TKPI.",lunch,490.0,"1 porsi (490 g)",approved,0,"Tabel Komposisi Pangan Indonesia 2017",tkpi-weighted-v1,"Kandidat Batch 4. Makro, natrium, nama, dan komposisi diperiksa sebelum approval.",2026-07-28T13:16:36.587Z,2026-07-28T13:16:41.653Z,4
batch-04-031,batch-04-nasi-merah-ikan-lais-kacang-panjang-dan-semangka,"Nasi Merah, Ikan Lais, Kacang Panjang, dan Semangka","Nasi Merah, Ikan Lais, Kacang Panjang, dan Semangka, komposisi unik Batch 4 dengan porsi berbasis TKPI.",lunch,510.0,"1 porsi (510 g)",approved,0,"Tabel Komposisi Pangan Indonesia 2017",tkpi-weighted-v1,"Kandidat Batch 4. Makro, natrium, nama, dan komposisi diperiksa sebelum approval.",2026-07-28T13:16:36.587Z,2026-07-28T13:16:41.653Z,4
batch-04-032,batch-04-nasi-kedelai-rebus-kangkung-dan-semangka,"Nasi, Kedelai Rebus, Kangkung, dan Semangka","Nasi, Kedelai Rebus, Kangkung, dan Semangka, komposisi unik Batch 4 dengan porsi berbasis TKPI.",lunch,500.0,"1 porsi (500 g)",approved,0,"Tabel Komposisi Pangan Indonesia 2017",tkpi-weighted-v1,"Kandidat Batch 4. Makro, natrium, nama, dan komposisi diperiksa sebelum approval.",2026-07-28T13:16:36.587Z,2026-07-28T13:16:41.653Z,4
batch-04-033,batch-04-nasi-merah-kacang-belimbing-wortel-dan-semangka,"Nasi Merah, Kacang Belimbing, Wortel, dan Semangka","Nasi Merah, Kacang Belimbing, Wortel, dan Semangka, komposisi unik Batch 4 dengan porsi berbasis TKPI.",lunch,500.0,"1 porsi (500 g)",approved,0,"Tabel Komposisi Pangan Indonesia 2017",tkpi-weighted-v1,"Kandidat Batch 4. Makro, natrium, nama, dan komposisi diperiksa sebelum approval.",2026-07-28T13:16:36.588Z,2026-07-28T13:16:41.653Z,4
batch-04-034,batch-04-nasi-merah-ayam-kalasan-buncis-dan-pisang-ambon,"Nasi Merah, Ayam Kalasan, Buncis, dan Pisang Ambon","Nasi Merah, Ayam Kalasan, Buncis, dan Pisang Ambon, komposisi unik Batch 4 dengan porsi berbasis TKPI.",dinner,505.0,"1 porsi (505 g)",approved,0,"Tabel Komposisi Pangan Indonesia 2017",tkpi-weighted-v1,"Kandidat Batch 4. Makro, natrium, nama, dan komposisi diperiksa sebelum approval.",2026-07-28T13:16:36.588Z,2026-07-28T13:16:41.653Z,4
batch-04-035,batch-04-nasi-pepes-mujahir-daun-katuk-dan-pisang-ambon,"Nasi, Pepes Mujahir, Daun Katuk, dan Pisang Ambon","Nasi, Pepes Mujahir, Daun Katuk, dan Pisang Ambon, komposisi unik Batch 4 dengan porsi berbasis TKPI.",dinner,515.0,"1 porsi (515 g)",approved,0,"Tabel Komposisi Pangan Indonesia 2017",tkpi-weighted-v1,"Kandidat Batch 4. Makro, natrium, nama, dan komposisi diperiksa sebelum approval.",2026-07-28T13:16:36.588Z,2026-07-28T13:16:41.654Z,4
batch-04-036,batch-04-nasi-merah-ikan-baung-daun-kelor-dan-pisang-ambon,"Nasi Merah, Ikan Baung, Daun Kelor, dan Pisang Ambon","Nasi Merah, Ikan Baung, Daun Kelor, dan Pisang Ambon, komposisi unik Batch 4 dengan porsi berbasis TKPI.",dinner,515.0,"1 porsi (515 g)",approved,0,"Tabel Komposisi Pangan Indonesia 2017",tkpi-weighted-v1,"Kandidat Batch 4. Makro, natrium, nama, dan komposisi diperiksa sebelum approval.",2026-07-28T13:16:36.588Z,2026-07-28T13:16:41.654Z,4
batch-04-037,batch-04-nasi-pepes-ikan-mas-daun-singkong-dan-pisang-ambon,"Nasi, Pepes Ikan Mas, Daun Singkong, dan Pisang Ambon","Nasi, Pepes Ikan Mas, Daun Singkong, dan Pisang Ambon, komposisi unik Batch 4 dengan porsi berbasis TKPI.",dinner,505.0,"1 porsi (505 g)",approved,0,"Tabel Komposisi Pangan Indonesia 2017",tkpi-weighted-v1,"Kandidat Batch 4. Makro, natrium, nama, dan komposisi diperiksa sebelum approval.",2026-07-28T13:16:36.588Z,2026-07-28T13:16:41.654Z,4
batch-04-038,batch-04-nasi-merah-ikan-papuyu-kacang-panjang-dan-pisang-ambon,"Nasi Merah, Ikan Papuyu, Kacang Panjang, dan Pisang Ambon","Nasi Merah, Ikan Papuyu, Kacang Panjang, dan Pisang Ambon, komposisi unik Batch 4 dengan porsi berbasis TKPI.",dinner,515.0,"1 porsi (515 g)",approved,0,"Tabel Komposisi Pangan Indonesia 2017",tkpi-weighted-v1,"Kandidat Batch 4. Makro, natrium, nama, dan komposisi diperiksa sebelum approval.",2026-07-28T13:16:36.588Z,2026-07-28T13:16:41.654Z,4
batch-04-039,batch-04-nasi-ikan-patin-kangkung-dan-pisang-ambon,"Nasi, Ikan Patin, Kangkung, dan Pisang Ambon","Nasi, Ikan Patin, Kangkung, dan Pisang Ambon, komposisi unik Batch 4 dengan porsi berbasis TKPI.",dinner,515.0,"1 porsi (515 g)",approved,0,"Tabel Komposisi Pangan Indonesia 2017",tkpi-weighted-v1,"Kandidat Batch 4. Makro, natrium, nama, dan komposisi diperiksa sebelum approval.",2026-07-28T13:16:36.588Z,2026-07-28T13:16:41.654Z,4
batch-04-040,batch-04-nasi-merah-cumi-kangkung-rebus-dan-pisang-ambon,"Nasi Merah, Cumi, Kangkung Rebus, dan Pisang Ambon","Nasi Merah, Cumi, Kangkung Rebus, dan Pisang Ambon, komposisi unik Batch 4 dengan porsi berbasis TKPI.",dinner,505.0,"1 porsi (505 g)",approved,0,"Tabel Komposisi Pangan Indonesia 2017",tkpi-weighted-v1,"Kandidat Batch 4. Makro, natrium, nama, dan komposisi diperiksa sebelum approval.",2026-07-28T13:16:36.588Z,2026-07-28T13:16:41.654Z,4
batch-04-041,batch-04-nasi-tahu-wortel-dan-pisang-ambon,"Nasi, Tahu, Wortel, dan Pisang Ambon","Nasi, Tahu, Wortel, dan Pisang Ambon, komposisi unik Batch 4 dengan porsi berbasis TKPI.",dinner,525.0,"1 porsi (525 g)",approved,0,"Tabel Komposisi Pangan Indonesia 2017",tkpi-weighted-v1,"Kandidat Batch 4. Makro, natrium, nama, dan komposisi diperiksa sebelum approval.",2026-07-28T13:16:36.588Z,2026-07-28T13:16:41.654Z,4
batch-04-042,batch-04-nasi-merah-tempe-wortel-kukus-dan-pisang-ambon,"Nasi Merah, Tempe, Wortel Kukus, dan Pisang Ambon","Nasi Merah, Tempe, Wortel Kukus, dan Pisang Ambon, komposisi unik Batch 4 dengan porsi berbasis TKPI.",dinner,495.0,"1 porsi (495 g)",approved,0,"Tabel Komposisi Pangan Indonesia 2017",tkpi-weighted-v1,"Kandidat Batch 4. Makro, natrium, nama, dan komposisi diperiksa sebelum approval.",2026-07-28T13:16:36.589Z,2026-07-28T13:16:41.655Z,4
batch-04-043,batch-04-nasi-kacang-merah-bayam-dan-pisang-ambon,"Nasi, Kacang Merah, Bayam, dan Pisang Ambon","Nasi, Kacang Merah, Bayam, dan Pisang Ambon, komposisi unik Batch 4 dengan porsi berbasis TKPI.",dinner,525.0,"1 porsi (525 g)",approved,0,"Tabel Komposisi Pangan Indonesia 2017",tkpi-weighted-v1,"Kandidat Batch 4. Makro, natrium, nama, dan komposisi diperiksa sebelum approval.",2026-07-28T13:16:36.589Z,2026-07-28T13:16:41.655Z,4
batch-04-044,batch-04-nasi-merah-kacang-merah-segar-buncis-dan-pisang-ambon,"Nasi Merah, Kacang Merah Segar, Buncis, dan Pisang Ambon","Nasi Merah, Kacang Merah Segar, Buncis, dan Pisang Ambon, komposisi unik Batch 4 dengan porsi berbasis TKPI.",dinner,525.0,"1 porsi (525 g)",approved,0,"Tabel Komposisi Pangan Indonesia 2017",tkpi-weighted-v1,"Kandidat Batch 4. Makro, natrium, nama, dan komposisi diperiksa sebelum approval.",2026-07-28T13:16:36.589Z,2026-07-28T13:16:41.655Z,4
batch-04-045,batch-04-nasi-kacang-tolo-daun-katuk-dan-pisang-ambon,"Nasi, Kacang Tolo, Daun Katuk, dan Pisang Ambon","Nasi, Kacang Tolo, Daun Katuk, dan Pisang Ambon, komposisi unik Batch 4 dengan porsi berbasis TKPI.",dinner,525.0,"1 porsi (525 g)",approved,0,"Tabel Komposisi Pangan Indonesia 2017",tkpi-weighted-v1,"Kandidat Batch 4. Makro, natrium, nama, dan komposisi diperiksa sebelum approval.",2026-07-28T13:16:36.589Z,2026-07-28T13:16:41.655Z,4
batch-04-046,batch-04-nasi-merah-kacang-gude-daun-kelor-dan-pisang-ambon,"Nasi Merah, Kacang Gude, Daun Kelor, dan Pisang Ambon","Nasi Merah, Kacang Gude, Daun Kelor, dan Pisang Ambon, komposisi unik Batch 4 dengan porsi berbasis TKPI.",dinner,525.0,"1 porsi (525 g)",approved,0,"Tabel Komposisi Pangan Indonesia 2017",tkpi-weighted-v1,"Kandidat Batch 4. Makro, natrium, nama, dan komposisi diperiksa sebelum approval.",2026-07-28T13:16:36.589Z,2026-07-28T13:16:41.655Z,4
batch-04-047,batch-04-nasi-mujahir-goreng-daun-singkong-dan-pisang-ambon,"Nasi, Mujahir Goreng, Daun Singkong, dan Pisang Ambon","Nasi, Mujahir Goreng, Daun Singkong, dan Pisang Ambon, komposisi unik Batch 4 dengan porsi berbasis TKPI.",dinner,485.0,"1 porsi (485 g)",approved,0,"Tabel Komposisi Pangan Indonesia 2017",tkpi-weighted-v1,"Kandidat Batch 4. Makro, natrium, nama, dan komposisi diperiksa sebelum approval.",2026-07-28T13:16:36.589Z,2026-07-28T13:16:41.655Z,4
batch-04-048,batch-04-nasi-merah-bebek-goreng-kacang-panjang-dan-pisang-ambon,"Nasi Merah, Bebek Goreng, Kacang Panjang, dan Pisang Ambon","Nasi Merah, Bebek Goreng, Kacang Panjang, dan Pisang Ambon, komposisi unik Batch 4 dengan porsi berbasis TKPI.",dinner,495.0,"1 porsi (495 g)",approved,0,"Tabel Komposisi Pangan Indonesia 2017",tkpi-weighted-v1,"Kandidat Batch 4. Makro, natrium, nama, dan komposisi diperiksa sebelum approval.",2026-07-28T13:16:36.589Z,2026-07-28T13:16:41.656Z,4
batch-04-049,batch-04-nasi-ikan-lais-kangkung-dan-pisang-ambon,"Nasi, Ikan Lais, Kangkung, dan Pisang Ambon","Nasi, Ikan Lais, Kangkung, dan Pisang Ambon, komposisi unik Batch 4 dengan porsi berbasis TKPI.",dinner,515.0,"1 porsi (515 g)",approved,0,"Tabel Komposisi Pangan Indonesia 2017",tkpi-weighted-v1,"Kandidat Batch 4. Makro, natrium, nama, dan komposisi diperiksa sebelum approval.",2026-07-28T13:16:36.589Z,2026-07-28T13:16:41.656Z,4
batch-04-050,batch-04-nasi-merah-kedelai-rebus-kangkung-rebus-dan-pisang-ambon,"Nasi Merah, Kedelai Rebus, Kangkung Rebus, dan Pisang Ambon","Nasi Merah, Kedelai Rebus, Kangkung Rebus, dan Pisang Ambon, komposisi unik Batch 4 dengan porsi berbasis TKPI.",dinner,505.0,"1 porsi (505 g)",approved,0,"Tabel Komposisi Pangan Indonesia 2017",tkpi-weighted-v1,"Kandidat Batch 4. Makro, natrium, nama, dan komposisi diperiksa sebelum approval.",2026-07-28T13:16:36.589Z,2026-07-28T13:16:41.656Z,4
batch-04-051,batch-04-nasi-kacang-belimbing-wortel-kukus-dan-pisang-ambon,"Nasi, Kacang Belimbing, Wortel Kukus, dan Pisang Ambon","Nasi, Kacang Belimbing, Wortel Kukus, dan Pisang Ambon, komposisi unik Batch 4 dengan porsi berbasis TKPI.",dinner,505.0,"1 porsi (505 g)",approved,0,"Tabel Komposisi Pangan Indonesia 2017",tkpi-weighted-v1,"Kandidat Batch 4. Makro, natrium, nama, dan komposisi diperiksa sebelum approval.",2026-07-28T13:16:36.589Z,2026-07-28T13:16:41.656Z,4
batch-04-052,batch-04-yoghurt-dan-apel,"Yoghurt dan Apel","Yoghurt dan Apel, komposisi unik Batch 4 dengan porsi berbasis TKPI.",snack,220.0,"1 porsi (220 g)",approved,0,"Tabel Komposisi Pangan Indonesia 2017",tkpi-weighted-v1,"Kandidat Batch 4. Makro, natrium, nama, dan komposisi diperiksa sebelum approval.",2026-07-28T13:16:36.590Z,2026-07-28T13:16:41.656Z,4
batch-04-053,batch-04-yoghurt-dan-semangka,"Yoghurt dan Semangka","Yoghurt dan Semangka, komposisi unik Batch 4 dengan porsi berbasis TKPI.",snack,270.0,"1 porsi (270 g)",approved,0,"Tabel Komposisi Pangan Indonesia 2017",tkpi-weighted-v1,"Kandidat Batch 4. Makro, natrium, nama, dan komposisi diperiksa sebelum approval.",2026-07-28T13:16:36.590Z,2026-07-28T13:16:41.656Z,4
batch-04-054,batch-04-ubi-ungu-dan-melon,"Ubi Ungu dan Melon","Ubi Ungu dan Melon, komposisi unik Batch 4 dengan porsi berbasis TKPI.",snack,200.0,"1 porsi (200 g)",approved,0,"Tabel Komposisi Pangan Indonesia 2017",tkpi-weighted-v1,"Kandidat Batch 4. Makro, natrium, nama, dan komposisi diperiksa sebelum approval.",2026-07-28T13:16:36.590Z,2026-07-28T13:16:41.656Z,4
batch-04-055,batch-04-talas-bogor-dan-jambu-biji,"Talas Bogor dan Jambu Biji","Talas Bogor dan Jambu Biji, komposisi unik Batch 4 dengan porsi berbasis TKPI.",snack,180.0,"1 porsi (180 g)",approved,0,"Tabel Komposisi Pangan Indonesia 2017",tkpi-weighted-v1,"Kandidat Batch 4. Makro, natrium, nama, dan komposisi diperiksa sebelum approval.",2026-07-28T13:16:36.590Z,2026-07-28T13:16:41.656Z,4
batch-04-056,batch-04-kacang-merah-dan-pisang-ambon,"Kacang Merah dan Pisang Ambon","Kacang Merah dan Pisang Ambon, komposisi unik Batch 4 dengan porsi berbasis TKPI.",snack,130.0,"1 porsi (130 g)",approved,0,"Tabel Komposisi Pangan Indonesia 2017",tkpi-weighted-v1,"Kandidat Batch 4. Makro, natrium, nama, dan komposisi diperiksa sebelum approval.",2026-07-28T13:16:36.590Z,2026-07-28T13:16:41.657Z,4
batch-04-057,batch-04-kacang-merah-segar-dan-jeruk,"Kacang Merah Segar dan Jeruk","Kacang Merah Segar dan Jeruk, komposisi unik Batch 4 dengan porsi berbasis TKPI.",snack,160.0,"1 porsi (160 g)",approved,0,"Tabel Komposisi Pangan Indonesia 2017",tkpi-weighted-v1,"Kandidat Batch 4. Makro, natrium, nama, dan komposisi diperiksa sebelum approval.",2026-07-28T13:16:36.590Z,2026-07-28T13:16:41.657Z,4
batch-04-058,batch-04-jagung-rebus-dan-nanas,"Jagung Rebus dan Nanas","Jagung Rebus dan Nanas, komposisi unik Batch 4 dengan porsi berbasis TKPI.",snack,200.0,"1 porsi (200 g)",approved,0,"Tabel Komposisi Pangan Indonesia 2017",tkpi-weighted-v1,"Kandidat Batch 4. Makro, natrium, nama, dan komposisi diperiksa sebelum approval.",2026-07-28T13:16:36.590Z,2026-07-28T13:16:41.657Z,4
batch-04-059,batch-04-ubi-kukus-dan-semangka,"Ubi Kukus dan Semangka","Ubi Kukus dan Semangka, komposisi unik Batch 4 dengan porsi berbasis TKPI.",snack,230.0,"1 porsi (230 g)",approved,0,"Tabel Komposisi Pangan Indonesia 2017",tkpi-weighted-v1,"Kandidat Batch 4. Makro, natrium, nama, dan komposisi diperiksa sebelum approval.",2026-07-28T13:16:36.590Z,2026-07-28T13:16:41.657Z,4
batch-04-060,batch-04-tahu-dan-apel,"Tahu dan Apel","Tahu dan Apel, komposisi unik Batch 4 dengan porsi berbasis TKPI.",snack,160.0,"1 porsi (160 g)",approved,0,"Tabel Komposisi Pangan Indonesia 2017",tkpi-weighted-v1,"Kandidat Batch 4. Makro, natrium, nama, dan komposisi diperiksa sebelum approval.",2026-07-28T13:16:36.590Z,2026-07-28T13:16:41.657Z,4
batch-05-001,batch-05-talas-belitung-kacang-merah-dan-buah-naga-merah,"Talas Belitung, Kacang Merah, dan Buah Naga Merah","Talas Belitung, Kacang Merah, dan Buah Naga Merah, komposisi unik Batch 5 dengan porsi berbasis TKPI.",breakfast,330.0,"1 porsi (330 g)",approved,0,"Tabel Komposisi Pangan Indonesia 2017",tkpi-weighted-v1,"Kandidat Batch 5. Makro, natrium, nama, dan komposisi diperiksa sebelum approval.",2026-07-28T13:21:09.181Z,2026-07-28T13:21:11.712Z,5
batch-05-002,batch-05-ubi-gadung-kacang-merah-segar-dan-mangga,"Ubi Gadung, Kacang Merah Segar, dan Mangga","Ubi Gadung, Kacang Merah Segar, dan Mangga, komposisi unik Batch 5 dengan porsi berbasis TKPI.",breakfast,330.0,"1 porsi (330 g)",approved,0,"Tabel Komposisi Pangan Indonesia 2017",tkpi-weighted-v1,"Kandidat Batch 5. Makro, natrium, nama, dan komposisi diperiksa sebelum approval.",2026-07-28T13:21:09.182Z,2026-07-28T13:21:11.712Z,5
batch-05-003,batch-05-suweg-kukus-kacang-tolo-dan-belimbing,"Suweg Kukus, Kacang Tolo, dan Belimbing","Suweg Kukus, Kacang Tolo, dan Belimbing, komposisi unik Batch 5 dengan porsi berbasis TKPI.",breakfast,330.0,"1 porsi (330 g)",approved,0,"Tabel Komposisi Pangan Indonesia 2017",tkpi-weighted-v1,"Kandidat Batch 5. Makro, natrium, nama, dan komposisi diperiksa sebelum approval.",2026-07-28T13:21:09.182Z,2026-07-28T13:21:11.712Z,5
batch-05-004,batch-05-talas-bogor-tahu-dan-jambu-air,"Talas Bogor, Tahu, dan Jambu Air","Talas Bogor, Tahu, dan Jambu Air, komposisi unik Batch 5 dengan porsi berbasis TKPI.",breakfast,330.0,"1 porsi (330 g)",approved,0,"Tabel Komposisi Pangan Indonesia 2017",tkpi-weighted-v1,"Kandidat Batch 5. Makro, natrium, nama, dan komposisi diperiksa sebelum approval.",2026-07-28T13:21:09.182Z,2026-07-28T13:21:11.712Z,5
batch-05-005,batch-05-ubi-kuning-kacang-gude-dan-jeruk-bali,"Ubi Kuning, Kacang Gude, dan Jeruk Bali","Ubi Kuning, Kacang Gude, dan Jeruk Bali, komposisi unik Batch 5 dengan porsi berbasis TKPI.",breakfast,330.0,"1 porsi (330 g)",approved,0,"Tabel Komposisi Pangan Indonesia 2017",tkpi-weighted-v1,"Kandidat Batch 5. Makro, natrium, nama, dan komposisi diperiksa sebelum approval.",2026-07-28T13:21:09.182Z,2026-07-28T13:21:11.713Z,5
batch-05-006,batch-05-ubi-ungu-yoghurt-dan-kedondong,"Ubi Ungu, Yoghurt, dan Kedondong","Ubi Ungu, Yoghurt, dan Kedondong, komposisi unik Batch 5 dengan porsi berbasis TKPI.",breakfast,370.0,"1 porsi (370 g)",approved,0,"Tabel Komposisi Pangan Indonesia 2017",tkpi-weighted-v1,"Kandidat Batch 5. Makro, natrium, nama, dan komposisi diperiksa sebelum approval.",2026-07-28T13:21:09.182Z,2026-07-28T13:21:11.713Z,5
batch-05-007,batch-05-singkong-kukus-kacang-tolo-dan-manggis,"Singkong Kukus, Kacang Tolo, dan Manggis","Singkong Kukus, Kacang Tolo, dan Manggis, komposisi unik Batch 5 dengan porsi berbasis TKPI.",breakfast,330.0,"1 porsi (330 g)",approved,0,"Tabel Komposisi Pangan Indonesia 2017",tkpi-weighted-v1,"Kandidat Batch 5. Makro, natrium, nama, dan komposisi diperiksa sebelum approval.",2026-07-28T13:21:09.182Z,2026-07-28T13:21:11.713Z,5
batch-05-008,batch-05-jagung-rebus-kacang-merah-dan-buah-naga-merah,"Jagung Rebus, Kacang Merah, dan Buah Naga Merah","Jagung Rebus, Kacang Merah, dan Buah Naga Merah, komposisi unik Batch 5 dengan porsi berbasis TKPI.",breakfast,300.0,"1 porsi (300 g)",approved,0,"Tabel Komposisi Pangan Indonesia 2017",tkpi-weighted-v1,"Kandidat Batch 5. Makro, natrium, nama, dan komposisi diperiksa sebelum approval.",2026-07-28T13:21:09.182Z,2026-07-28T13:21:11.713Z,5
batch-05-009,batch-05-jagung-pipil-kacang-merah-segar-dan-mangga,"Jagung Pipil, Kacang Merah Segar, dan Mangga","Jagung Pipil, Kacang Merah Segar, dan Mangga, komposisi unik Batch 5 dengan porsi berbasis TKPI.",breakfast,300.0,"1 porsi (300 g)",approved,0,"Tabel Komposisi Pangan Indonesia 2017",tkpi-weighted-v1,"Kandidat Batch 5. Makro, natrium, nama, dan komposisi diperiksa sebelum approval.",2026-07-28T13:21:09.182Z,2026-07-28T13:21:11.713Z,5
batch-05-010,batch-05-roti-susu-skim-dan-belimbing,"Roti, Susu Skim, dan Belimbing","Roti, Susu Skim, dan Belimbing, komposisi unik Batch 5 dengan porsi berbasis TKPI.",breakfast,360.0,"1 porsi (360 g)",approved,0,"Tabel Komposisi Pangan Indonesia 2017",tkpi-weighted-v1,"Kandidat Batch 5. Makro, natrium, nama, dan komposisi diperiksa sebelum approval.",2026-07-28T13:21:09.182Z,2026-07-28T13:21:11.713Z,5
batch-05-011,batch-05-ubi-kukus-kacang-gude-dan-jambu-air,"Ubi Kukus, Kacang Gude, dan Jambu Air","Ubi Kukus, Kacang Gude, dan Jambu Air, komposisi unik Batch 5 dengan porsi berbasis TKPI.",breakfast,330.0,"1 porsi (330 g)",approved,0,"Tabel Komposisi Pangan Indonesia 2017",tkpi-weighted-v1,"Kandidat Batch 5. Makro, natrium, nama, dan komposisi diperiksa sebelum approval.",2026-07-28T13:21:09.183Z,2026-07-28T13:21:11.713Z,5
batch-05-012,batch-05-ubi-rebus-tahu-dan-jeruk-bali,"Ubi Rebus, Tahu, dan Jeruk Bali","Ubi Rebus, Tahu, dan Jeruk Bali, komposisi unik Batch 5 dengan porsi berbasis TKPI.",breakfast,300.0,"1 porsi (300 g)",approved,0,"Tabel Komposisi Pangan Indonesia 2017",tkpi-weighted-v1,"Kandidat Batch 5. Makro, natrium, nama, dan komposisi diperiksa sebelum approval.",2026-07-28T13:21:09.183Z,2026-07-28T13:21:11.713Z,5
batch-05-013,batch-05-talas-belitung-yoghurt-dan-kedondong,"Talas Belitung, Yoghurt, dan Kedondong","Talas Belitung, Yoghurt, dan Kedondong, komposisi unik Batch 5 dengan porsi berbasis TKPI.",breakfast,400.0,"1 porsi (400 g)",approved,0,"Tabel Komposisi Pangan Indonesia 2017",tkpi-weighted-v1,"Kandidat Batch 5. Makro, natrium, nama, dan komposisi diperiksa sebelum approval.",2026-07-28T13:21:09.183Z,2026-07-28T13:21:11.713Z,5
batch-05-014,batch-05-suweg-kukus-kacang-merah-dan-manggis,"Suweg Kukus, Kacang Merah, dan Manggis","Suweg Kukus, Kacang Merah, dan Manggis, komposisi unik Batch 5 dengan porsi berbasis TKPI.",breakfast,330.0,"1 porsi (330 g)",approved,0,"Tabel Komposisi Pangan Indonesia 2017",tkpi-weighted-v1,"Kandidat Batch 5. Makro, natrium, nama, dan komposisi diperiksa sebelum approval.",2026-07-28T13:21:09.183Z,2026-07-28T13:21:11.713Z,5
batch-05-015,batch-05-ubi-gadung-kacang-tolo-dan-buah-naga-merah,"Ubi Gadung, Kacang Tolo, dan Buah Naga Merah","Ubi Gadung, Kacang Tolo, dan Buah Naga Merah, komposisi unik Batch 5 dengan porsi berbasis TKPI.",breakfast,330.0,"1 porsi (330 g)",approved,0,"Tabel Komposisi Pangan Indonesia 2017",tkpi-weighted-v1,"Kandidat Batch 5. Makro, natrium, nama, dan komposisi diperiksa sebelum approval.",2026-07-28T13:21:09.183Z,2026-07-28T13:21:11.713Z,5
batch-05-016,batch-05-nasi-ayam-kalasan-bayam-rebus-dan-buah-naga-merah,"Nasi, Ayam Kalasan, Bayam Rebus, dan Buah Naga Merah","Nasi, Ayam Kalasan, Bayam Rebus, dan Buah Naga Merah, komposisi unik Batch 5 dengan porsi berbasis TKPI.",lunch,500.0,"1 porsi (500 g)",approved,0,"Tabel Komposisi Pangan Indonesia 2017",tkpi-weighted-v1,"Kandidat Batch 5. Makro, natrium, nama, dan komposisi diperiksa sebelum approval.",2026-07-28T13:21:09.183Z,2026-07-28T13:21:11.713Z,5
batch-05-017,batch-05-nasi-merah-pepes-mujahir-daun-kacang-panjang-kukus-dan-buah-naga-merah,"Nasi Merah, Pepes Mujahir, Daun Kacang Panjang Kukus, dan Buah Naga Merah","Nasi Merah, Pepes Mujahir, Daun Kacang Panjang Kukus, dan Buah Naga Merah, komposisi unik Batch 5 dengan porsi berbasis TKPI.",lunch,510.0,"1 porsi (510 g)",approved,0,"Tabel Komposisi Pangan Indonesia 2017",tkpi-weighted-v1,"Kandidat Batch 5. Makro, natrium, nama, dan komposisi diperiksa sebelum approval.",2026-07-28T13:21:09.183Z,2026-07-28T13:21:11.714Z,5
batch-05-018,batch-05-nasi-ikan-baung-daun-talas-rebus-dan-buah-naga-merah,"Nasi, Ikan Baung, Daun Talas Rebus, dan Buah Naga Merah","Nasi, Ikan Baung, Daun Talas Rebus, dan Buah Naga Merah, komposisi unik Batch 5 dengan porsi berbasis TKPI.",lunch,510.0,"1 porsi (510 g)",approved,0,"Tabel Komposisi Pangan Indonesia 2017",tkpi-weighted-v1,"Kandidat Batch 5. Makro, natrium, nama, dan komposisi diperiksa sebelum approval.",2026-07-28T13:21:09.183Z,2026-07-28T13:21:11.714Z,5
batch-05-019,batch-05-nasi-merah-pepes-ikan-mas-daun-ubi-merah-kukus-dan-buah-naga-merah,"Nasi Merah, Pepes Ikan Mas, Daun Ubi Merah Kukus, dan Buah Naga Merah","Nasi Merah, Pepes Ikan Mas, Daun Ubi Merah Kukus, dan Buah Naga Merah, komposisi unik Batch 5 dengan porsi berbasis TKPI.",lunch,500.0,"1 porsi (500 g)",approved,0,"Tabel Komposisi Pangan Indonesia 2017",tkpi-weighted-v1,"Kandidat Batch 5. Makro, natrium, nama, dan komposisi diperiksa sebelum approval.",2026-07-28T13:21:09.183Z,2026-07-28T13:21:11.714Z,5
batch-05-020,batch-05-nasi-ikan-papuyu-kacang-panjang-kukus-dan-buah-naga-merah,"Nasi, Ikan Papuyu, Kacang Panjang Kukus, dan Buah Naga Merah","Nasi, Ikan Papuyu, Kacang Panjang Kukus, dan Buah Naga Merah, komposisi unik Batch 5 dengan porsi berbasis TKPI.",lunch,510.0,"1 porsi (510 g)",approved,0,"Tabel Komposisi Pangan Indonesia 2017",tkpi-weighted-v1,"Kandidat Batch 5. Makro, natrium, nama, dan komposisi diperiksa sebelum approval.",2026-07-28T13:21:09.183Z,2026-07-28T13:21:11.714Z,5
batch-05-021,batch-05-nasi-merah-ikan-patin-paria-putih-kukus-dan-buah-naga-merah,"Nasi Merah, Ikan Patin, Paria Putih Kukus, dan Buah Naga Merah","Nasi Merah, Ikan Patin, Paria Putih Kukus, dan Buah Naga Merah, komposisi unik Batch 5 dengan porsi berbasis TKPI.",lunch,510.0,"1 porsi (510 g)",approved,0,"Tabel Komposisi Pangan Indonesia 2017",tkpi-weighted-v1,"Kandidat Batch 5. Makro, natrium, nama, dan komposisi diperiksa sebelum approval.",2026-07-28T13:21:09.183Z,2026-07-28T13:21:11.714Z,5
batch-05-022,batch-05-nasi-cumi-selada-rebus-dan-buah-naga-merah,"Nasi, Cumi, Selada Rebus, dan Buah Naga Merah","Nasi, Cumi, Selada Rebus, dan Buah Naga Merah, komposisi unik Batch 5 dengan porsi berbasis TKPI.",lunch,500.0,"1 porsi (500 g)",approved,0,"Tabel Komposisi Pangan Indonesia 2017",tkpi-weighted-v1,"Kandidat Batch 5. Makro, natrium, nama, dan komposisi diperiksa sebelum approval.",2026-07-28T13:21:09.183Z,2026-07-28T13:21:11.714Z,5
batch-05-023,batch-05-nasi-merah-tahu-taoge-seduh-dan-buah-naga-merah,"Nasi Merah, Tahu, Taoge Seduh, dan Buah Naga Merah","Nasi Merah, Tahu, Taoge Seduh, dan Buah Naga Merah, komposisi unik Batch 5 dengan porsi berbasis TKPI.",lunch,520.0,"1 porsi (520 g)",approved,0,"Tabel Komposisi Pangan Indonesia 2017",tkpi-weighted-v1,"Kandidat Batch 5. Makro, natrium, nama, dan komposisi diperiksa sebelum approval.",2026-07-28T13:21:09.183Z,2026-07-28T13:21:11.714Z,5
batch-05-024,batch-05-nasi-tempe-terung-kukus-dan-buah-naga-merah,"Nasi, Tempe, Terung Kukus, dan Buah Naga Merah","Nasi, Tempe, Terung Kukus, dan Buah Naga Merah, komposisi unik Batch 5 dengan porsi berbasis TKPI.",lunch,490.0,"1 porsi (490 g)",approved,0,"Tabel Komposisi Pangan Indonesia 2017",tkpi-weighted-v1,"Kandidat Batch 5. Makro, natrium, nama, dan komposisi diperiksa sebelum approval.",2026-07-28T13:21:09.184Z,2026-07-28T13:21:11.714Z,5
batch-05-025,batch-05-nasi-merah-kacang-merah-bayam-rebus-dan-buah-naga-merah,"Nasi Merah, Kacang Merah, Bayam Rebus, dan Buah Naga Merah","Nasi Merah, Kacang Merah, Bayam Rebus, dan Buah Naga Merah, komposisi unik Batch 5 dengan porsi berbasis TKPI.",lunch,520.0,"1 porsi (520 g)",approved,0,"Tabel Komposisi Pangan Indonesia 2017",tkpi-weighted-v1,"Kandidat Batch 5. Makro, natrium, nama, dan komposisi diperiksa sebelum approval.",2026-07-28T13:21:09.184Z,2026-07-28T13:21:11.714Z,5
batch-05-026,batch-05-nasi-kacang-merah-segar-daun-kacang-panjang-kukus-dan-buah-naga-merah,"Nasi, Kacang Merah Segar, Daun Kacang Panjang Kukus, dan Buah Naga Merah","Nasi, Kacang Merah Segar, Daun Kacang Panjang Kukus, dan Buah Naga Merah, komposisi unik Batch 5 dengan porsi berbasis TKPI.",lunch,520.0,"1 porsi (520 g)",approved,0,"Tabel Komposisi Pangan Indonesia 2017",tkpi-weighted-v1,"Kandidat Batch 5. Makro, natrium, nama, dan komposisi diperiksa sebelum approval.",2026-07-28T13:21:09.184Z,2026-07-28T13:21:11.714Z,5
batch-05-027,batch-05-nasi-merah-kacang-tolo-daun-talas-rebus-dan-buah-naga-merah,"Nasi Merah, Kacang Tolo, Daun Talas Rebus, dan Buah Naga Merah","Nasi Merah, Kacang Tolo, Daun Talas Rebus, dan Buah Naga Merah, komposisi unik Batch 5 dengan porsi berbasis TKPI.",lunch,520.0,"1 porsi (520 g)",approved,0,"Tabel Komposisi Pangan Indonesia 2017",tkpi-weighted-v1,"Kandidat Batch 5. Makro, natrium, nama, dan komposisi diperiksa sebelum approval.",2026-07-28T13:21:09.184Z,2026-07-28T13:21:11.714Z,5
batch-05-028,batch-05-nasi-kacang-gude-daun-ubi-merah-kukus-dan-buah-naga-merah,"Nasi, Kacang Gude, Daun Ubi Merah Kukus, dan Buah Naga Merah","Nasi, Kacang Gude, Daun Ubi Merah Kukus, dan Buah Naga Merah, komposisi unik Batch 5 dengan porsi berbasis TKPI.",lunch,520.0,"1 porsi (520 g)",approved,0,"Tabel Komposisi Pangan Indonesia 2017",tkpi-weighted-v1,"Kandidat Batch 5. Makro, natrium, nama, dan komposisi diperiksa sebelum approval.",2026-07-28T13:21:09.184Z,2026-07-28T13:21:11.714Z,5
batch-05-029,batch-05-nasi-merah-mujahir-goreng-kacang-panjang-kukus-dan-buah-naga-merah,"Nasi Merah, Mujahir Goreng, Kacang Panjang Kukus, dan Buah Naga Merah","Nasi Merah, Mujahir Goreng, Kacang Panjang Kukus, dan Buah Naga Merah, komposisi unik Batch 5 dengan porsi berbasis TKPI.",lunch,480.0,"1 porsi (480 g)",approved,0,"Tabel Komposisi Pangan Indonesia 2017",tkpi-weighted-v1,"Kandidat Batch 5. Makro, natrium, nama, dan komposisi diperiksa sebelum approval.",2026-07-28T13:21:09.184Z,2026-07-28T13:21:11.714Z,5
batch-05-030,batch-05-nasi-bebek-goreng-paria-putih-kukus-dan-buah-naga-merah,"Nasi, Bebek Goreng, Paria Putih Kukus, dan Buah Naga Merah","Nasi, Bebek Goreng, Paria Putih Kukus, dan Buah Naga Merah, komposisi unik Batch 5 dengan porsi berbasis TKPI.",lunch,490.0,"1 porsi (490 g)",approved,0,"Tabel Komposisi Pangan Indonesia 2017",tkpi-weighted-v1,"Kandidat Batch 5. Makro, natrium, nama, dan komposisi diperiksa sebelum approval.",2026-07-28T13:21:09.184Z,2026-07-28T13:21:11.714Z,5
batch-05-031,batch-05-nasi-merah-ikan-lais-selada-rebus-dan-buah-naga-merah,"Nasi Merah, Ikan Lais, Selada Rebus, dan Buah Naga Merah","Nasi Merah, Ikan Lais, Selada Rebus, dan Buah Naga Merah, komposisi unik Batch 5 dengan porsi berbasis TKPI.",lunch,510.0,"1 porsi (510 g)",approved,0,"Tabel Komposisi Pangan Indonesia 2017",tkpi-weighted-v1,"Kandidat Batch 5. Makro, natrium, nama, dan komposisi diperiksa sebelum approval.",2026-07-28T13:21:09.184Z,2026-07-28T13:21:11.714Z,5
batch-05-032,batch-05-nasi-kedelai-rebus-taoge-seduh-dan-buah-naga-merah,"Nasi, Kedelai Rebus, Taoge Seduh, dan Buah Naga Merah","Nasi, Kedelai Rebus, Taoge Seduh, dan Buah Naga Merah, komposisi unik Batch 5 dengan porsi berbasis TKPI.",lunch,500.0,"1 porsi (500 g)",approved,0,"Tabel Komposisi Pangan Indonesia 2017",tkpi-weighted-v1,"Kandidat Batch 5. Makro, natrium, nama, dan komposisi diperiksa sebelum approval.",2026-07-28T13:21:09.184Z,2026-07-28T13:21:11.714Z,5
batch-05-033,batch-05-nasi-merah-kacang-belimbing-terung-kukus-dan-buah-naga-merah,"Nasi Merah, Kacang Belimbing, Terung Kukus, dan Buah Naga Merah","Nasi Merah, Kacang Belimbing, Terung Kukus, dan Buah Naga Merah, komposisi unik Batch 5 dengan porsi berbasis TKPI.",lunch,500.0,"1 porsi (500 g)",approved,0,"Tabel Komposisi Pangan Indonesia 2017",tkpi-weighted-v1,"Kandidat Batch 5. Makro, natrium, nama, dan komposisi diperiksa sebelum approval.",2026-07-28T13:21:09.184Z,2026-07-28T13:21:11.714Z,5
batch-05-034,batch-05-nasi-merah-ayam-kalasan-daun-kacang-panjang-kukus-dan-mangga,"Nasi Merah, Ayam Kalasan, Daun Kacang Panjang Kukus, dan Mangga","Nasi Merah, Ayam Kalasan, Daun Kacang Panjang Kukus, dan Mangga, komposisi unik Batch 5 dengan porsi berbasis TKPI.",dinner,505.0,"1 porsi (505 g)",approved,0,"Tabel Komposisi Pangan Indonesia 2017",tkpi-weighted-v1,"Kandidat Batch 5. Makro, natrium, nama, dan komposisi diperiksa sebelum approval.",2026-07-28T13:21:09.184Z,2026-07-28T13:21:11.714Z,5
batch-05-035,batch-05-nasi-pepes-mujahir-daun-talas-rebus-dan-mangga,"Nasi, Pepes Mujahir, Daun Talas Rebus, dan Mangga","Nasi, Pepes Mujahir, Daun Talas Rebus, dan Mangga, komposisi unik Batch 5 dengan porsi berbasis TKPI.",dinner,515.0,"1 porsi (515 g)",approved,0,"Tabel Komposisi Pangan Indonesia 2017",tkpi-weighted-v1,"Kandidat Batch 5. Makro, natrium, nama, dan komposisi diperiksa sebelum approval.",2026-07-28T13:21:09.185Z,2026-07-28T13:21:11.714Z,5
batch-05-036,batch-05-nasi-merah-ikan-baung-daun-ubi-merah-kukus-dan-mangga,"Nasi Merah, Ikan Baung, Daun Ubi Merah Kukus, dan Mangga","Nasi Merah, Ikan Baung, Daun Ubi Merah Kukus, dan Mangga, komposisi unik Batch 5 dengan porsi berbasis TKPI.",dinner,515.0,"1 porsi (515 g)",approved,0,"Tabel Komposisi Pangan Indonesia 2017",tkpi-weighted-v1,"Kandidat Batch 5. Makro, natrium, nama, dan komposisi diperiksa sebelum approval.",2026-07-28T13:21:09.185Z,2026-07-28T13:21:11.714Z,5
batch-05-037,batch-05-nasi-pepes-ikan-mas-kacang-panjang-kukus-dan-mangga,"Nasi, Pepes Ikan Mas, Kacang Panjang Kukus, dan Mangga","Nasi, Pepes Ikan Mas, Kacang Panjang Kukus, dan Mangga, komposisi unik Batch 5 dengan porsi berbasis TKPI.",dinner,505.0,"1 porsi (505 g)",approved,0,"Tabel Komposisi Pangan Indonesia 2017",tkpi-weighted-v1,"Kandidat Batch 5. Makro, natrium, nama, dan komposisi diperiksa sebelum approval.",2026-07-28T13:21:09.185Z,2026-07-28T13:21:11.715Z,5
batch-05-038,batch-05-nasi-merah-ikan-papuyu-paria-putih-kukus-dan-mangga,"Nasi Merah, Ikan Papuyu, Paria Putih Kukus, dan Mangga","Nasi Merah, Ikan Papuyu, Paria Putih Kukus, dan Mangga, komposisi unik Batch 5 dengan porsi berbasis TKPI.",dinner,515.0,"1 porsi (515 g)",approved,0,"Tabel Komposisi Pangan Indonesia 2017",tkpi-weighted-v1,"Kandidat Batch 5. Makro, natrium, nama, dan komposisi diperiksa sebelum approval.",2026-07-28T13:21:09.185Z,2026-07-28T13:21:11.715Z,5
batch-05-039,batch-05-nasi-ikan-patin-selada-rebus-dan-mangga,"Nasi, Ikan Patin, Selada Rebus, dan Mangga","Nasi, Ikan Patin, Selada Rebus, dan Mangga, komposisi unik Batch 5 dengan porsi berbasis TKPI.",dinner,515.0,"1 porsi (515 g)",approved,0,"Tabel Komposisi Pangan Indonesia 2017",tkpi-weighted-v1,"Kandidat Batch 5. Makro, natrium, nama, dan komposisi diperiksa sebelum approval.",2026-07-28T13:21:09.185Z,2026-07-28T13:21:11.715Z,5
batch-05-040,batch-05-nasi-merah-cumi-taoge-seduh-dan-mangga,"Nasi Merah, Cumi, Taoge Seduh, dan Mangga","Nasi Merah, Cumi, Taoge Seduh, dan Mangga, komposisi unik Batch 5 dengan porsi berbasis TKPI.",dinner,505.0,"1 porsi (505 g)",approved,0,"Tabel Komposisi Pangan Indonesia 2017",tkpi-weighted-v1,"Kandidat Batch 5. Makro, natrium, nama, dan komposisi diperiksa sebelum approval.",2026-07-28T13:21:09.185Z,2026-07-28T13:21:11.715Z,5
batch-05-041,batch-05-nasi-tahu-terung-kukus-dan-mangga,"Nasi, Tahu, Terung Kukus, dan Mangga","Nasi, Tahu, Terung Kukus, dan Mangga, komposisi unik Batch 5 dengan porsi berbasis TKPI.",dinner,525.0,"1 porsi (525 g)",approved,0,"Tabel Komposisi Pangan Indonesia 2017",tkpi-weighted-v1,"Kandidat Batch 5. Makro, natrium, nama, dan komposisi diperiksa sebelum approval.",2026-07-28T13:21:09.185Z,2026-07-28T13:21:11.715Z,5
batch-05-042,batch-05-nasi-merah-tempe-bayam-rebus-dan-mangga,"Nasi Merah, Tempe, Bayam Rebus, dan Mangga","Nasi Merah, Tempe, Bayam Rebus, dan Mangga, komposisi unik Batch 5 dengan porsi berbasis TKPI.",dinner,495.0,"1 porsi (495 g)",approved,0,"Tabel Komposisi Pangan Indonesia 2017",tkpi-weighted-v1,"Kandidat Batch 5. Makro, natrium, nama, dan komposisi diperiksa sebelum approval.",2026-07-28T13:21:09.185Z,2026-07-28T13:21:11.715Z,5
batch-05-043,batch-05-nasi-kacang-merah-daun-kacang-panjang-kukus-dan-mangga,"Nasi, Kacang Merah, Daun Kacang Panjang Kukus, dan Mangga","Nasi, Kacang Merah, Daun Kacang Panjang Kukus, dan Mangga, komposisi unik Batch 5 dengan porsi berbasis TKPI.",dinner,525.0,"1 porsi (525 g)",approved,0,"Tabel Komposisi Pangan Indonesia 2017",tkpi-weighted-v1,"Kandidat Batch 5. Makro, natrium, nama, dan komposisi diperiksa sebelum approval.",2026-07-28T13:21:09.185Z,2026-07-28T13:21:11.715Z,5
batch-05-044,batch-05-nasi-merah-kacang-merah-segar-daun-talas-rebus-dan-mangga,"Nasi Merah, Kacang Merah Segar, Daun Talas Rebus, dan Mangga","Nasi Merah, Kacang Merah Segar, Daun Talas Rebus, dan Mangga, komposisi unik Batch 5 dengan porsi berbasis TKPI.",dinner,525.0,"1 porsi (525 g)",approved,0,"Tabel Komposisi Pangan Indonesia 2017",tkpi-weighted-v1,"Kandidat Batch 5. Makro, natrium, nama, dan komposisi diperiksa sebelum approval.",2026-07-28T13:21:09.185Z,2026-07-28T13:21:11.715Z,5
batch-05-045,batch-05-nasi-kacang-tolo-daun-ubi-merah-kukus-dan-mangga,"Nasi, Kacang Tolo, Daun Ubi Merah Kukus, dan Mangga","Nasi, Kacang Tolo, Daun Ubi Merah Kukus, dan Mangga, komposisi unik Batch 5 dengan porsi berbasis TKPI.",dinner,525.0,"1 porsi (525 g)",approved,0,"Tabel Komposisi Pangan Indonesia 2017",tkpi-weighted-v1,"Kandidat Batch 5. Makro, natrium, nama, dan komposisi diperiksa sebelum approval.",2026-07-28T13:21:09.185Z,2026-07-28T13:21:11.715Z,5
batch-05-046,batch-05-nasi-merah-kacang-gude-kacang-panjang-kukus-dan-mangga,"Nasi Merah, Kacang Gude, Kacang Panjang Kukus, dan Mangga","Nasi Merah, Kacang Gude, Kacang Panjang Kukus, dan Mangga, komposisi unik Batch 5 dengan porsi berbasis TKPI.",dinner,525.0,"1 porsi (525 g)",approved,0,"Tabel Komposisi Pangan Indonesia 2017",tkpi-weighted-v1,"Kandidat Batch 5. Makro, natrium, nama, dan komposisi diperiksa sebelum approval.",2026-07-28T13:21:09.185Z,2026-07-28T13:21:11.715Z,5
batch-05-047,batch-05-nasi-mujahir-goreng-paria-putih-kukus-dan-mangga,"Nasi, Mujahir Goreng, Paria Putih Kukus, dan Mangga","Nasi, Mujahir Goreng, Paria Putih Kukus, dan Mangga, komposisi unik Batch 5 dengan porsi berbasis TKPI.",dinner,485.0,"1 porsi (485 g)",approved,0,"Tabel Komposisi Pangan Indonesia 2017",tkpi-weighted-v1,"Kandidat Batch 5. Makro, natrium, nama, dan komposisi diperiksa sebelum approval.",2026-07-28T13:21:09.186Z,2026-07-28T13:21:11.715Z,5
batch-05-048,batch-05-nasi-merah-bebek-goreng-selada-rebus-dan-mangga,"Nasi Merah, Bebek Goreng, Selada Rebus, dan Mangga","Nasi Merah, Bebek Goreng, Selada Rebus, dan Mangga, komposisi unik Batch 5 dengan porsi berbasis TKPI.",dinner,495.0,"1 porsi (495 g)",approved,0,"Tabel Komposisi Pangan Indonesia 2017",tkpi-weighted-v1,"Kandidat Batch 5. Makro, natrium, nama, dan komposisi diperiksa sebelum approval.",2026-07-28T13:21:09.186Z,2026-07-28T13:21:11.715Z,5
batch-05-049,batch-05-nasi-ikan-lais-taoge-seduh-dan-mangga,"Nasi, Ikan Lais, Taoge Seduh, dan Mangga","Nasi, Ikan Lais, Taoge Seduh, dan Mangga, komposisi unik Batch 5 dengan porsi berbasis TKPI.",dinner,515.0,"1 porsi (515 g)",approved,0,"Tabel Komposisi Pangan Indonesia 2017",tkpi-weighted-v1,"Kandidat Batch 5. Makro, natrium, nama, dan komposisi diperiksa sebelum approval.",2026-07-28T13:21:09.186Z,2026-07-28T13:21:11.715Z,5
batch-05-050,batch-05-nasi-merah-kedelai-rebus-terung-kukus-dan-mangga,"Nasi Merah, Kedelai Rebus, Terung Kukus, dan Mangga","Nasi Merah, Kedelai Rebus, Terung Kukus, dan Mangga, komposisi unik Batch 5 dengan porsi berbasis TKPI.",dinner,505.0,"1 porsi (505 g)",approved,0,"Tabel Komposisi Pangan Indonesia 2017",tkpi-weighted-v1,"Kandidat Batch 5. Makro, natrium, nama, dan komposisi diperiksa sebelum approval.",2026-07-28T13:21:09.186Z,2026-07-28T13:21:11.715Z,5
batch-05-051,batch-05-nasi-kacang-belimbing-bayam-rebus-dan-mangga,"Nasi, Kacang Belimbing, Bayam Rebus, dan Mangga","Nasi, Kacang Belimbing, Bayam Rebus, dan Mangga, komposisi unik Batch 5 dengan porsi berbasis TKPI.",dinner,505.0,"1 porsi (505 g)",approved,0,"Tabel Komposisi Pangan Indonesia 2017",tkpi-weighted-v1,"Kandidat Batch 5. Makro, natrium, nama, dan komposisi diperiksa sebelum approval.",2026-07-28T13:21:09.186Z,2026-07-28T13:21:11.716Z,5
batch-05-052,batch-05-yoghurt-dan-buah-naga-merah,"Yoghurt dan Buah Naga Merah","Yoghurt dan Buah Naga Merah, komposisi unik Batch 5 dengan porsi berbasis TKPI.",snack,220.0,"1 porsi (220 g)",approved,0,"Tabel Komposisi Pangan Indonesia 2017",tkpi-weighted-v1,"Kandidat Batch 5. Makro, natrium, nama, dan komposisi diperiksa sebelum approval.",2026-07-28T13:21:09.186Z,2026-07-28T13:21:11.716Z,5
batch-05-053,batch-05-yoghurt-dan-mangga,"Yoghurt dan Mangga","Yoghurt dan Mangga, komposisi unik Batch 5 dengan porsi berbasis TKPI.",snack,220.0,"1 porsi (220 g)",approved,0,"Tabel Komposisi Pangan Indonesia 2017",tkpi-weighted-v1,"Kandidat Batch 5. Makro, natrium, nama, dan komposisi diperiksa sebelum approval.",2026-07-28T13:21:09.186Z,2026-07-28T13:21:11.716Z,5
batch-05-054,batch-05-ubi-ungu-dan-belimbing,"Ubi Ungu dan Belimbing","Ubi Ungu dan Belimbing, komposisi unik Batch 5 dengan porsi berbasis TKPI.",snack,200.0,"1 porsi (200 g)",approved,0,"Tabel Komposisi Pangan Indonesia 2017",tkpi-weighted-v1,"Kandidat Batch 5. Makro, natrium, nama, dan komposisi diperiksa sebelum approval.",2026-07-28T13:21:09.186Z,2026-07-28T13:21:11.716Z,5
batch-05-055,batch-05-talas-bogor-dan-jambu-air,"Talas Bogor dan Jambu Air","Talas Bogor dan Jambu Air, komposisi unik Batch 5 dengan porsi berbasis TKPI.",snack,180.0,"1 porsi (180 g)",approved,0,"Tabel Komposisi Pangan Indonesia 2017",tkpi-weighted-v1,"Kandidat Batch 5. Makro, natrium, nama, dan komposisi diperiksa sebelum approval.",2026-07-28T13:21:09.186Z,2026-07-28T13:21:11.716Z,5
batch-05-056,batch-05-kacang-merah-dan-jeruk-bali,"Kacang Merah dan Jeruk Bali","Kacang Merah dan Jeruk Bali, komposisi unik Batch 5 dengan porsi berbasis TKPI.",snack,170.0,"1 porsi (170 g)",approved,0,"Tabel Komposisi Pangan Indonesia 2017",tkpi-weighted-v1,"Kandidat Batch 5. Makro, natrium, nama, dan komposisi diperiksa sebelum approval.",2026-07-28T13:21:09.186Z,2026-07-28T13:21:11.716Z,5
batch-05-057,batch-05-kacang-merah-segar-dan-kedondong,"Kacang Merah Segar dan Kedondong","Kacang Merah Segar dan Kedondong, komposisi unik Batch 5 dengan porsi berbasis TKPI.",snack,160.0,"1 porsi (160 g)",approved,0,"Tabel Komposisi Pangan Indonesia 2017",tkpi-weighted-v1,"Kandidat Batch 5. Makro, natrium, nama, dan komposisi diperiksa sebelum approval.",2026-07-28T13:21:09.186Z,2026-07-28T13:21:11.716Z,5
batch-05-058,batch-05-jagung-rebus-dan-manggis,"Jagung Rebus dan Manggis","Jagung Rebus dan Manggis, komposisi unik Batch 5 dengan porsi berbasis TKPI.",snack,200.0,"1 porsi (200 g)",approved,0,"Tabel Komposisi Pangan Indonesia 2017",tkpi-weighted-v1,"Kandidat Batch 5. Makro, natrium, nama, dan komposisi diperiksa sebelum approval.",2026-07-28T13:21:09.186Z,2026-07-28T13:21:11.716Z,5
batch-05-059,batch-05-ubi-kukus-dan-buah-naga-merah,"Ubi Kukus dan Buah Naga Merah","Ubi Kukus dan Buah Naga Merah, komposisi unik Batch 5 dengan porsi berbasis TKPI.",snack,200.0,"1 porsi (200 g)",approved,0,"Tabel Komposisi Pangan Indonesia 2017",tkpi-weighted-v1,"Kandidat Batch 5. Makro, natrium, nama, dan komposisi diperiksa sebelum approval.",2026-07-28T13:21:09.187Z,2026-07-28T13:21:11.716Z,5
batch-05-060,batch-05-tahu-dan-mangga,"Tahu dan Mangga","Tahu dan Mangga, komposisi unik Batch 5 dengan porsi berbasis TKPI.",snack,180.0,"1 porsi (180 g)",approved,0,"Tabel Komposisi Pangan Indonesia 2017",tkpi-weighted-v1,"Kandidat Batch 5. Makro, natrium, nama, dan komposisi diperiksa sebelum approval.",2026-07-28T13:21:09.187Z,2026-07-28T13:21:11.716Z,5
batch-06-001,batch-06-talas-belitung-kacang-merah-dan-cempedak,"Talas Belitung, Kacang Merah, dan Cempedak","Talas Belitung, Kacang Merah, dan Cempedak, komposisi unik Batch 6 dengan porsi berbasis TKPI.",breakfast,330.0,"1 porsi (330 g)",approved,0,"Tabel Komposisi Pangan Indonesia 2017",tkpi-weighted-v1,"Kandidat Batch 6. Makro, natrium, nama, dan komposisi diperiksa sebelum approval.",2026-07-28T13:27:15.516Z,2026-07-28T13:27:17.497Z,6
batch-06-002,batch-06-ubi-gadung-kacang-merah-segar-dan-duku,"Ubi Gadung, Kacang Merah Segar, dan Duku","Ubi Gadung, Kacang Merah Segar, dan Duku, komposisi unik Batch 6 dengan porsi berbasis TKPI.",breakfast,330.0,"1 porsi (330 g)",approved,0,"Tabel Komposisi Pangan Indonesia 2017",tkpi-weighted-v1,"Kandidat Batch 6. Makro, natrium, nama, dan komposisi diperiksa sebelum approval.",2026-07-28T13:27:15.516Z,2026-07-28T13:27:17.498Z,6
batch-06-003,batch-06-suweg-kukus-kacang-tolo-dan-kesemek,"Suweg Kukus, Kacang Tolo, dan Kesemek","Suweg Kukus, Kacang Tolo, dan Kesemek, komposisi unik Batch 6 dengan porsi berbasis TKPI.",breakfast,330.0,"1 porsi (330 g)",approved,0,"Tabel Komposisi Pangan Indonesia 2017",tkpi-weighted-v1,"Kandidat Batch 6. Makro, natrium, nama, dan komposisi diperiksa sebelum approval.",2026-07-28T13:27:15.517Z,2026-07-28T13:27:17.498Z,6
batch-06-004,batch-06-talas-bogor-tahu-dan-langsat,"Talas Bogor, Tahu, dan Langsat","Talas Bogor, Tahu, dan Langsat, komposisi unik Batch 6 dengan porsi berbasis TKPI.",breakfast,330.0,"1 porsi (330 g)",approved,0,"Tabel Komposisi Pangan Indonesia 2017",tkpi-weighted-v1,"Kandidat Batch 6. Makro, natrium, nama, dan komposisi diperiksa sebelum approval.",2026-07-28T13:27:15.517Z,2026-07-28T13:27:17.498Z,6
batch-06-005,batch-06-ubi-kuning-kacang-gude-dan-nangka,"Ubi Kuning, Kacang Gude, dan Nangka","Ubi Kuning, Kacang Gude, dan Nangka, komposisi unik Batch 6 dengan porsi berbasis TKPI.",breakfast,330.0,"1 porsi (330 g)",approved,0,"Tabel Komposisi Pangan Indonesia 2017",tkpi-weighted-v1,"Kandidat Batch 6. Makro, natrium, nama, dan komposisi diperiksa sebelum approval.",2026-07-28T13:27:15.517Z,2026-07-28T13:27:17.498Z,6
batch-06-006,batch-06-ubi-ungu-yoghurt-dan-alpukat,"Ubi Ungu, Yoghurt, dan Alpukat","Ubi Ungu, Yoghurt, dan Alpukat, komposisi unik Batch 6 dengan porsi berbasis TKPI.",breakfast,370.0,"1 porsi (370 g)",approved,0,"Tabel Komposisi Pangan Indonesia 2017",tkpi-weighted-v1,"Kandidat Batch 6. Makro, natrium, nama, dan komposisi diperiksa sebelum approval.",2026-07-28T13:27:15.517Z,2026-07-28T13:27:17.498Z,6
batch-06-007,batch-06-singkong-kukus-kacang-tolo-dan-jambu-bol,"Singkong Kukus, Kacang Tolo, dan Jambu Bol","Singkong Kukus, Kacang Tolo, dan Jambu Bol, komposisi unik Batch 6 dengan porsi berbasis TKPI.",breakfast,330.0,"1 porsi (330 g)",approved,0,"Tabel Komposisi Pangan Indonesia 2017",tkpi-weighted-v1,"Kandidat Batch 6. Makro, natrium, nama, dan komposisi diperiksa sebelum approval.",2026-07-28T13:27:15.517Z,2026-07-28T13:27:17.498Z,6
batch-06-008,batch-06-jagung-rebus-kacang-merah-dan-cempedak,"Jagung Rebus, Kacang Merah, dan Cempedak","Jagung Rebus, Kacang Merah, dan Cempedak, komposisi unik Batch 6 dengan porsi berbasis TKPI.",breakfast,300.0,"1 porsi (300 g)",approved,0,"Tabel Komposisi Pangan Indonesia 2017",tkpi-weighted-v1,"Kandidat Batch 6. Makro, natrium, nama, dan komposisi diperiksa sebelum approval.",2026-07-28T13:27:15.517Z,2026-07-28T13:27:17.498Z,6
batch-06-009,batch-06-jagung-pipil-kacang-merah-segar-dan-duku,"Jagung Pipil, Kacang Merah Segar, dan Duku","Jagung Pipil, Kacang Merah Segar, dan Duku, komposisi unik Batch 6 dengan porsi berbasis TKPI.",breakfast,300.0,"1 porsi (300 g)",approved,0,"Tabel Komposisi Pangan Indonesia 2017",tkpi-weighted-v1,"Kandidat Batch 6. Makro, natrium, nama, dan komposisi diperiksa sebelum approval.",2026-07-28T13:27:15.517Z,2026-07-28T13:27:17.498Z,6
batch-06-010,batch-06-roti-susu-skim-dan-kesemek,"Roti, Susu Skim, dan Kesemek","Roti, Susu Skim, dan Kesemek, komposisi unik Batch 6 dengan porsi berbasis TKPI.",breakfast,360.0,"1 porsi (360 g)",approved,0,"Tabel Komposisi Pangan Indonesia 2017",tkpi-weighted-v1,"Kandidat Batch 6. Makro, natrium, nama, dan komposisi diperiksa sebelum approval.",2026-07-28T13:27:15.517Z,2026-07-28T13:27:17.498Z,6
batch-06-011,batch-06-ubi-kukus-kacang-gude-dan-langsat,"Ubi Kukus, Kacang Gude, dan Langsat","Ubi Kukus, Kacang Gude, dan Langsat, komposisi unik Batch 6 dengan porsi berbasis TKPI.",breakfast,330.0,"1 porsi (330 g)",approved,0,"Tabel Komposisi Pangan Indonesia 2017",tkpi-weighted-v1,"Kandidat Batch 6. Makro, natrium, nama, dan komposisi diperiksa sebelum approval.",2026-07-28T13:27:15.518Z,2026-07-28T13:27:17.498Z,6
batch-06-012,batch-06-ubi-rebus-tahu-dan-nangka,"Ubi Rebus, Tahu, dan Nangka","Ubi Rebus, Tahu, dan Nangka, komposisi unik Batch 6 dengan porsi berbasis TKPI.",breakfast,300.0,"1 porsi (300 g)",approved,0,"Tabel Komposisi Pangan Indonesia 2017",tkpi-weighted-v1,"Kandidat Batch 6. Makro, natrium, nama, dan komposisi diperiksa sebelum approval.",2026-07-28T13:27:15.518Z,2026-07-28T13:27:17.498Z,6
batch-06-013,batch-06-talas-belitung-yoghurt-dan-alpukat,"Talas Belitung, Yoghurt, dan Alpukat","Talas Belitung, Yoghurt, dan Alpukat, komposisi unik Batch 6 dengan porsi berbasis TKPI.",breakfast,400.0,"1 porsi (400 g)",approved,0,"Tabel Komposisi Pangan Indonesia 2017",tkpi-weighted-v1,"Kandidat Batch 6. Makro, natrium, nama, dan komposisi diperiksa sebelum approval.",2026-07-28T13:27:15.518Z,2026-07-28T13:27:17.498Z,6
batch-06-014,batch-06-suweg-kukus-kacang-merah-dan-jambu-bol,"Suweg Kukus, Kacang Merah, dan Jambu Bol","Suweg Kukus, Kacang Merah, dan Jambu Bol, komposisi unik Batch 6 dengan porsi berbasis TKPI.",breakfast,330.0,"1 porsi (330 g)",approved,0,"Tabel Komposisi Pangan Indonesia 2017",tkpi-weighted-v1,"Kandidat Batch 6. Makro, natrium, nama, dan komposisi diperiksa sebelum approval.",2026-07-28T13:27:15.518Z,2026-07-28T13:27:17.498Z,6
batch-06-015,batch-06-ubi-gadung-kacang-tolo-dan-cempedak,"Ubi Gadung, Kacang Tolo, dan Cempedak","Ubi Gadung, Kacang Tolo, dan Cempedak, komposisi unik Batch 6 dengan porsi berbasis TKPI.",breakfast,330.0,"1 porsi (330 g)",approved,0,"Tabel Komposisi Pangan Indonesia 2017",tkpi-weighted-v1,"Kandidat Batch 6. Makro, natrium, nama, dan komposisi diperiksa sebelum approval.",2026-07-28T13:27:15.518Z,2026-07-28T13:27:17.498Z,6
batch-06-016,batch-06-nasi-ayam-kalasan-beberuk-dan-alpukat,"Nasi, Ayam Kalasan, Beberuk, dan Alpukat","Nasi, Ayam Kalasan, Beberuk, dan Alpukat, komposisi unik Batch 6 dengan porsi berbasis TKPI.",lunch,495.0,"1 porsi (495 g)",approved,0,"Tabel Komposisi Pangan Indonesia 2017",tkpi-weighted-v1,"Kandidat Batch 6. Makro, natrium, nama, dan komposisi diperiksa sebelum approval.",2026-07-28T13:27:15.518Z,2026-07-28T13:27:17.498Z,6
batch-06-017,batch-06-nasi-merah-pepes-mujahir-sayur-kaparende-dan-alpukat,"Nasi Merah, Pepes Mujahir, Sayur Kaparende, dan Alpukat","Nasi Merah, Pepes Mujahir, Sayur Kaparende, dan Alpukat, komposisi unik Batch 6 dengan porsi berbasis TKPI.",lunch,510.0,"1 porsi (510 g)",approved,0,"Tabel Komposisi Pangan Indonesia 2017",tkpi-weighted-v1,"Kandidat Batch 6. Makro, natrium, nama, dan komposisi diperiksa sebelum approval.",2026-07-28T13:27:15.518Z,2026-07-28T13:27:17.498Z,6
batch-06-018,batch-06-nasi-ikan-baung-rebung-asam-dan-alpukat,"Nasi, Ikan Baung, Rebung Asam, dan Alpukat","Nasi, Ikan Baung, Rebung Asam, dan Alpukat, komposisi unik Batch 6 dengan porsi berbasis TKPI.",lunch,510.0,"1 porsi (510 g)",approved,0,"Tabel Komposisi Pangan Indonesia 2017",tkpi-weighted-v1,"Kandidat Batch 6. Makro, natrium, nama, dan komposisi diperiksa sebelum approval.",2026-07-28T13:27:15.518Z,2026-07-28T13:27:17.498Z,6
batch-06-019,batch-06-nasi-merah-pepes-ikan-mas-lilin-bungkus-gedi-dan-alpukat,"Nasi Merah, Pepes Ikan Mas, Lilin Bungkus Gedi, dan Alpukat","Nasi Merah, Pepes Ikan Mas, Lilin Bungkus Gedi, dan Alpukat, komposisi unik Batch 6 dengan porsi berbasis TKPI.",lunch,500.0,"1 porsi (500 g)",approved,0,"Tabel Komposisi Pangan Indonesia 2017",tkpi-weighted-v1,"Kandidat Batch 6. Makro, natrium, nama, dan komposisi diperiksa sebelum approval.",2026-07-28T13:27:15.518Z,2026-07-28T13:27:17.498Z,6
batch-06-020,batch-06-nasi-ikan-papuyu-sayur-bunga-pepaya-dan-alpukat,"Nasi, Ikan Papuyu, Sayur Bunga Pepaya, dan Alpukat","Nasi, Ikan Papuyu, Sayur Bunga Pepaya, dan Alpukat, komposisi unik Batch 6 dengan porsi berbasis TKPI.",lunch,510.0,"1 porsi (510 g)",approved,0,"Tabel Komposisi Pangan Indonesia 2017",tkpi-weighted-v1,"Kandidat Batch 6. Makro, natrium, nama, dan komposisi diperiksa sebelum approval.",2026-07-28T13:27:15.519Z,2026-07-28T13:27:17.498Z,6
batch-06-021,batch-06-nasi-merah-ikan-patin-sayur-lilin-terubuk-dan-alpukat,"Nasi Merah, Ikan Patin, Sayur Lilin Terubuk, dan Alpukat","Nasi Merah, Ikan Patin, Sayur Lilin Terubuk, dan Alpukat, komposisi unik Batch 6 dengan porsi berbasis TKPI.",lunch,510.0,"1 porsi (510 g)",approved,0,"Tabel Komposisi Pangan Indonesia 2017",tkpi-weighted-v1,"Kandidat Batch 6. Makro, natrium, nama, dan komposisi diperiksa sebelum approval.",2026-07-28T13:27:15.519Z,2026-07-28T13:27:17.498Z,6
batch-06-022,batch-06-nasi-cumi-tinira-ninahu-nggaluku-dan-alpukat,"Nasi, Cumi, Tinira Ninahu Nggaluku, dan Alpukat","Nasi, Cumi, Tinira Ninahu Nggaluku, dan Alpukat, komposisi unik Batch 6 dengan porsi berbasis TKPI.",lunch,500.0,"1 porsi (500 g)",approved,0,"Tabel Komposisi Pangan Indonesia 2017",tkpi-weighted-v1,"Kandidat Batch 6. Makro, natrium, nama, dan komposisi diperiksa sebelum approval.",2026-07-28T13:27:15.519Z,2026-07-28T13:27:17.498Z,6
batch-06-023,batch-06-nasi-merah-tahu-waluh-balamak-dan-alpukat,"Nasi Merah, Tahu, Waluh Balamak, dan Alpukat","Nasi Merah, Tahu, Waluh Balamak, dan Alpukat, komposisi unik Batch 6 dengan porsi berbasis TKPI.",lunch,520.0,"1 porsi (520 g)",approved,0,"Tabel Komposisi Pangan Indonesia 2017",tkpi-weighted-v1,"Kandidat Batch 6. Makro, natrium, nama, dan komposisi diperiksa sebelum approval.",2026-07-28T13:27:15.519Z,2026-07-28T13:27:17.498Z,6
batch-06-024,batch-06-nasi-tempe-beberuk-dan-alpukat,"Nasi, Tempe, Beberuk, dan Alpukat","Nasi, Tempe, Beberuk, dan Alpukat, komposisi unik Batch 6 dengan porsi berbasis TKPI.",lunch,480.0,"1 porsi (480 g)",approved,0,"Tabel Komposisi Pangan Indonesia 2017",tkpi-weighted-v1,"Kandidat Batch 6. Makro, natrium, nama, dan komposisi diperiksa sebelum approval.",2026-07-28T13:27:15.519Z,2026-07-28T13:27:17.498Z,6
batch-06-025,batch-06-nasi-merah-kacang-merah-sayur-kaparende-dan-alpukat,"Nasi Merah, Kacang Merah, Sayur Kaparende, dan Alpukat","Nasi Merah, Kacang Merah, Sayur Kaparende, dan Alpukat, komposisi unik Batch 6 dengan porsi berbasis TKPI.",lunch,520.0,"1 porsi (520 g)",approved,0,"Tabel Komposisi Pangan Indonesia 2017",tkpi-weighted-v1,"Kandidat Batch 6. Makro, natrium, nama, dan komposisi diperiksa sebelum approval.",2026-07-28T13:27:15.519Z,2026-07-28T13:27:17.499Z,6
batch-06-026,batch-06-nasi-kacang-merah-segar-rebung-asam-dan-alpukat,"Nasi, Kacang Merah Segar, Rebung Asam, dan Alpukat","Nasi, Kacang Merah Segar, Rebung Asam, dan Alpukat, komposisi unik Batch 6 dengan porsi berbasis TKPI.",lunch,520.0,"1 porsi (520 g)",approved,0,"Tabel Komposisi Pangan Indonesia 2017",tkpi-weighted-v1,"Kandidat Batch 6. Makro, natrium, nama, dan komposisi diperiksa sebelum approval.",2026-07-28T13:27:15.519Z,2026-07-28T13:27:17.499Z,6
batch-06-027,batch-06-nasi-merah-kacang-tolo-lilin-bungkus-gedi-dan-alpukat,"Nasi Merah, Kacang Tolo, Lilin Bungkus Gedi, dan Alpukat","Nasi Merah, Kacang Tolo, Lilin Bungkus Gedi, dan Alpukat, komposisi unik Batch 6 dengan porsi berbasis TKPI.",lunch,520.0,"1 porsi (520 g)",approved,0,"Tabel Komposisi Pangan Indonesia 2017",tkpi-weighted-v1,"Kandidat Batch 6. Makro, natrium, nama, dan komposisi diperiksa sebelum approval.",2026-07-28T13:27:15.519Z,2026-07-28T13:27:17.499Z,6
batch-06-028,batch-06-nasi-kacang-gude-sayur-bunga-pepaya-dan-alpukat,"Nasi, Kacang Gude, Sayur Bunga Pepaya, dan Alpukat","Nasi, Kacang Gude, Sayur Bunga Pepaya, dan Alpukat, komposisi unik Batch 6 dengan porsi berbasis TKPI.",lunch,520.0,"1 porsi (520 g)",approved,0,"Tabel Komposisi Pangan Indonesia 2017",tkpi-weighted-v1,"Kandidat Batch 6. Makro, natrium, nama, dan komposisi diperiksa sebelum approval.",2026-07-28T13:27:15.519Z,2026-07-28T13:27:17.499Z,6
batch-06-029,batch-06-nasi-merah-mujahir-goreng-sayur-lilin-terubuk-dan-alpukat,"Nasi Merah, Mujahir Goreng, Sayur Lilin Terubuk, dan Alpukat","Nasi Merah, Mujahir Goreng, Sayur Lilin Terubuk, dan Alpukat, komposisi unik Batch 6 dengan porsi berbasis TKPI.",lunch,480.0,"1 porsi (480 g)",approved,0,"Tabel Komposisi Pangan Indonesia 2017",tkpi-weighted-v1,"Kandidat Batch 6. Makro, natrium, nama, dan komposisi diperiksa sebelum approval.",2026-07-28T13:27:15.519Z,2026-07-28T13:27:17.499Z,6
batch-06-030,batch-06-nasi-bebek-goreng-tinira-ninahu-nggaluku-dan-alpukat,"Nasi, Bebek Goreng, Tinira Ninahu Nggaluku, dan Alpukat","Nasi, Bebek Goreng, Tinira Ninahu Nggaluku, dan Alpukat, komposisi unik Batch 6 dengan porsi berbasis TKPI.",lunch,490.0,"1 porsi (490 g)",approved,0,"Tabel Komposisi Pangan Indonesia 2017",tkpi-weighted-v1,"Kandidat Batch 6. Makro, natrium, nama, dan komposisi diperiksa sebelum approval.",2026-07-28T13:27:15.519Z,2026-07-28T13:27:17.499Z,6
batch-06-031,batch-06-nasi-merah-ikan-lais-waluh-balamak-dan-alpukat,"Nasi Merah, Ikan Lais, Waluh Balamak, dan Alpukat","Nasi Merah, Ikan Lais, Waluh Balamak, dan Alpukat, komposisi unik Batch 6 dengan porsi berbasis TKPI.",lunch,510.0,"1 porsi (510 g)",approved,0,"Tabel Komposisi Pangan Indonesia 2017",tkpi-weighted-v1,"Kandidat Batch 6. Makro, natrium, nama, dan komposisi diperiksa sebelum approval.",2026-07-28T13:27:15.519Z,2026-07-28T13:27:17.499Z,6
batch-06-032,batch-06-nasi-kedelai-rebus-beberuk-dan-alpukat,"Nasi, Kedelai Rebus, Beberuk, dan Alpukat","Nasi, Kedelai Rebus, Beberuk, dan Alpukat, komposisi unik Batch 6 dengan porsi berbasis TKPI.",lunch,500.0,"1 porsi (500 g)",approved,0,"Tabel Komposisi Pangan Indonesia 2017",tkpi-weighted-v1,"Kandidat Batch 6. Makro, natrium, nama, dan komposisi diperiksa sebelum approval.",2026-07-28T13:27:15.519Z,2026-07-28T13:27:17.499Z,6
batch-06-033,batch-06-nasi-merah-kacang-belimbing-rebung-asam-dan-alpukat,"Nasi Merah, Kacang Belimbing, Rebung Asam, dan Alpukat","Nasi Merah, Kacang Belimbing, Rebung Asam, dan Alpukat, komposisi unik Batch 6 dengan porsi berbasis TKPI.",lunch,500.0,"1 porsi (500 g)",approved,0,"Tabel Komposisi Pangan Indonesia 2017",tkpi-weighted-v1,"Kandidat Batch 6. Makro, natrium, nama, dan komposisi diperiksa sebelum approval.",2026-07-28T13:27:15.520Z,2026-07-28T13:27:17.499Z,6
batch-06-034,batch-06-nasi-merah-ayam-kalasan-sayur-kaparende-dan-jambu-bol,"Nasi Merah, Ayam Kalasan, Sayur Kaparende, dan Jambu Bol","Nasi Merah, Ayam Kalasan, Sayur Kaparende, dan Jambu Bol, komposisi unik Batch 6 dengan porsi berbasis TKPI.",dinner,500.0,"1 porsi (500 g)",approved,0,"Tabel Komposisi Pangan Indonesia 2017",tkpi-weighted-v1,"Kandidat Batch 6. Makro, natrium, nama, dan komposisi diperiksa sebelum approval.",2026-07-28T13:27:15.520Z,2026-07-28T13:27:17.499Z,6
batch-06-035,batch-06-nasi-pepes-mujahir-rebung-asam-dan-jambu-bol,"Nasi, Pepes Mujahir, Rebung Asam, dan Jambu Bol","Nasi, Pepes Mujahir, Rebung Asam, dan Jambu Bol, komposisi unik Batch 6 dengan porsi berbasis TKPI.",dinner,515.0,"1 porsi (515 g)",approved,0,"Tabel Komposisi Pangan Indonesia 2017",tkpi-weighted-v1,"Kandidat Batch 6. Makro, natrium, nama, dan komposisi diperiksa sebelum approval.",2026-07-28T13:27:15.520Z,2026-07-28T13:27:17.499Z,6
batch-06-036,batch-06-nasi-merah-ikan-baung-lilin-bungkus-gedi-dan-jambu-bol,"Nasi Merah, Ikan Baung, Lilin Bungkus Gedi, dan Jambu Bol","Nasi Merah, Ikan Baung, Lilin Bungkus Gedi, dan Jambu Bol, komposisi unik Batch 6 dengan porsi berbasis TKPI.",dinner,515.0,"1 porsi (515 g)",approved,0,"Tabel Komposisi Pangan Indonesia 2017",tkpi-weighted-v1,"Kandidat Batch 6. Makro, natrium, nama, dan komposisi diperiksa sebelum approval.",2026-07-28T13:27:15.520Z,2026-07-28T13:27:17.499Z,6
batch-06-037,batch-06-nasi-pepes-ikan-mas-sayur-bunga-pepaya-dan-jambu-bol,"Nasi, Pepes Ikan Mas, Sayur Bunga Pepaya, dan Jambu Bol","Nasi, Pepes Ikan Mas, Sayur Bunga Pepaya, dan Jambu Bol, komposisi unik Batch 6 dengan porsi berbasis TKPI.",dinner,505.0,"1 porsi (505 g)",approved,0,"Tabel Komposisi Pangan Indonesia 2017",tkpi-weighted-v1,"Kandidat Batch 6. Makro, natrium, nama, dan komposisi diperiksa sebelum approval.",2026-07-28T13:27:15.520Z,2026-07-28T13:27:17.499Z,6
batch-06-038,batch-06-nasi-merah-ikan-papuyu-sayur-lilin-terubuk-dan-jambu-bol,"Nasi Merah, Ikan Papuyu, Sayur Lilin Terubuk, dan Jambu Bol","Nasi Merah, Ikan Papuyu, Sayur Lilin Terubuk, dan Jambu Bol, komposisi unik Batch 6 dengan porsi berbasis TKPI.",dinner,515.0,"1 porsi (515 g)",approved,0,"Tabel Komposisi Pangan Indonesia 2017",tkpi-weighted-v1,"Kandidat Batch 6. Makro, natrium, nama, dan komposisi diperiksa sebelum approval.",2026-07-28T13:27:15.520Z,2026-07-28T13:27:17.499Z,6
batch-06-039,batch-06-nasi-ikan-patin-tinira-ninahu-nggaluku-dan-jambu-bol,"Nasi, Ikan Patin, Tinira Ninahu Nggaluku, dan Jambu Bol","Nasi, Ikan Patin, Tinira Ninahu Nggaluku, dan Jambu Bol, komposisi unik Batch 6 dengan porsi berbasis TKPI.",dinner,515.0,"1 porsi (515 g)",approved,0,"Tabel Komposisi Pangan Indonesia 2017",tkpi-weighted-v1,"Kandidat Batch 6. Makro, natrium, nama, dan komposisi diperiksa sebelum approval.",2026-07-28T13:27:15.520Z,2026-07-28T13:27:17.499Z,6
batch-06-040,batch-06-nasi-merah-cumi-waluh-balamak-dan-jambu-bol,"Nasi Merah, Cumi, Waluh Balamak, dan Jambu Bol","Nasi Merah, Cumi, Waluh Balamak, dan Jambu Bol, komposisi unik Batch 6 dengan porsi berbasis TKPI.",dinner,505.0,"1 porsi (505 g)",approved,0,"Tabel Komposisi Pangan Indonesia 2017",tkpi-weighted-v1,"Kandidat Batch 6. Makro, natrium, nama, dan komposisi diperiksa sebelum approval.",2026-07-28T13:27:15.520Z,2026-07-28T13:27:17.499Z,6
batch-06-041,batch-06-nasi-tahu-beberuk-dan-jambu-bol,"Nasi, Tahu, Beberuk, dan Jambu Bol","Nasi, Tahu, Beberuk, dan Jambu Bol, komposisi unik Batch 6 dengan porsi berbasis TKPI.",dinner,525.0,"1 porsi (525 g)",approved,0,"Tabel Komposisi Pangan Indonesia 2017",tkpi-weighted-v1,"Kandidat Batch 6. Makro, natrium, nama, dan komposisi diperiksa sebelum approval.",2026-07-28T13:27:15.520Z,2026-07-28T13:27:17.499Z,6
batch-06-042,batch-06-nasi-merah-tempe-sayur-kaparende-dan-jambu-bol,"Nasi Merah, Tempe, Sayur Kaparende, dan Jambu Bol","Nasi Merah, Tempe, Sayur Kaparende, dan Jambu Bol, komposisi unik Batch 6 dengan porsi berbasis TKPI.",dinner,485.0,"1 porsi (485 g)",approved,0,"Tabel Komposisi Pangan Indonesia 2017",tkpi-weighted-v1,"Kandidat Batch 6. Makro, natrium, nama, dan komposisi diperiksa sebelum approval.",2026-07-28T13:27:15.520Z,2026-07-28T13:27:17.499Z,6
batch-06-043,batch-06-nasi-kacang-merah-rebung-asam-dan-jambu-bol,"Nasi, Kacang Merah, Rebung Asam, dan Jambu Bol","Nasi, Kacang Merah, Rebung Asam, dan Jambu Bol, komposisi unik Batch 6 dengan porsi berbasis TKPI.",dinner,525.0,"1 porsi (525 g)",approved,0,"Tabel Komposisi Pangan Indonesia 2017",tkpi-weighted-v1,"Kandidat Batch 6. Makro, natrium, nama, dan komposisi diperiksa sebelum approval.",2026-07-28T13:27:15.520Z,2026-07-28T13:27:17.499Z,6
batch-06-044,batch-06-nasi-merah-kacang-merah-segar-lilin-bungkus-gedi-dan-jambu-bol,"Nasi Merah, Kacang Merah Segar, Lilin Bungkus Gedi, dan Jambu Bol","Nasi Merah, Kacang Merah Segar, Lilin Bungkus Gedi, dan Jambu Bol, komposisi unik Batch 6 dengan porsi berbasis TKPI.",dinner,525.0,"1 porsi (525 g)",approved,0,"Tabel Komposisi Pangan Indonesia 2017",tkpi-weighted-v1,"Kandidat Batch 6. Makro, natrium, nama, dan komposisi diperiksa sebelum approval.",2026-07-28T13:27:15.521Z,2026-07-28T13:27:17.499Z,6
batch-06-045,batch-06-nasi-kacang-tolo-sayur-bunga-pepaya-dan-jambu-bol,"Nasi, Kacang Tolo, Sayur Bunga Pepaya, dan Jambu Bol","Nasi, Kacang Tolo, Sayur Bunga Pepaya, dan Jambu Bol, komposisi unik Batch 6 dengan porsi berbasis TKPI.",dinner,525.0,"1 porsi (525 g)",approved,0,"Tabel Komposisi Pangan Indonesia 2017",tkpi-weighted-v1,"Kandidat Batch 6. Makro, natrium, nama, dan komposisi diperiksa sebelum approval.",2026-07-28T13:27:15.521Z,2026-07-28T13:27:17.499Z,6
batch-06-046,batch-06-nasi-merah-kacang-gude-sayur-lilin-terubuk-dan-jambu-bol,"Nasi Merah, Kacang Gude, Sayur Lilin Terubuk, dan Jambu Bol","Nasi Merah, Kacang Gude, Sayur Lilin Terubuk, dan Jambu Bol, komposisi unik Batch 6 dengan porsi berbasis TKPI.",dinner,525.0,"1 porsi (525 g)",approved,0,"Tabel Komposisi Pangan Indonesia 2017",tkpi-weighted-v1,"Kandidat Batch 6. Makro, natrium, nama, dan komposisi diperiksa sebelum approval.",2026-07-28T13:27:15.521Z,2026-07-28T13:27:17.499Z,6
batch-06-047,batch-06-nasi-mujahir-goreng-tinira-ninahu-nggaluku-dan-jambu-bol,"Nasi, Mujahir Goreng, Tinira Ninahu Nggaluku, dan Jambu Bol","Nasi, Mujahir Goreng, Tinira Ninahu Nggaluku, dan Jambu Bol, komposisi unik Batch 6 dengan porsi berbasis TKPI.",dinner,485.0,"1 porsi (485 g)",approved,0,"Tabel Komposisi Pangan Indonesia 2017",tkpi-weighted-v1,"Kandidat Batch 6. Makro, natrium, nama, dan komposisi diperiksa sebelum approval.",2026-07-28T13:27:15.521Z,2026-07-28T13:27:17.499Z,6
batch-06-048,batch-06-nasi-merah-bebek-goreng-waluh-balamak-dan-jambu-bol,"Nasi Merah, Bebek Goreng, Waluh Balamak, dan Jambu Bol","Nasi Merah, Bebek Goreng, Waluh Balamak, dan Jambu Bol, komposisi unik Batch 6 dengan porsi berbasis TKPI.",dinner,495.0,"1 porsi (495 g)",approved,0,"Tabel Komposisi Pangan Indonesia 2017",tkpi-weighted-v1,"Kandidat Batch 6. Makro, natrium, nama, dan komposisi diperiksa sebelum approval.",2026-07-28T13:27:15.521Z,2026-07-28T13:27:17.499Z,6
batch-06-049,batch-06-nasi-ikan-lais-beberuk-dan-jambu-bol,"Nasi, Ikan Lais, Beberuk, dan Jambu Bol","Nasi, Ikan Lais, Beberuk, dan Jambu Bol, komposisi unik Batch 6 dengan porsi berbasis TKPI.",dinner,515.0,"1 porsi (515 g)",approved,0,"Tabel Komposisi Pangan Indonesia 2017",tkpi-weighted-v1,"Kandidat Batch 6. Makro, natrium, nama, dan komposisi diperiksa sebelum approval.",2026-07-28T13:27:15.521Z,2026-07-28T13:27:17.499Z,6
batch-06-050,batch-06-nasi-merah-kedelai-rebus-rebung-asam-dan-jambu-bol,"Nasi Merah, Kedelai Rebus, Rebung Asam, dan Jambu Bol","Nasi Merah, Kedelai Rebus, Rebung Asam, dan Jambu Bol, komposisi unik Batch 6 dengan porsi berbasis TKPI.",dinner,505.0,"1 porsi (505 g)",approved,0,"Tabel Komposisi Pangan Indonesia 2017",tkpi-weighted-v1,"Kandidat Batch 6. Makro, natrium, nama, dan komposisi diperiksa sebelum approval.",2026-07-28T13:27:15.521Z,2026-07-28T13:27:17.499Z,6
batch-06-051,batch-06-nasi-kacang-belimbing-sayur-bunga-pepaya-dan-jambu-bol,"Nasi, Kacang Belimbing, Sayur Bunga Pepaya, dan Jambu Bol","Nasi, Kacang Belimbing, Sayur Bunga Pepaya, dan Jambu Bol, komposisi unik Batch 6 dengan porsi berbasis TKPI.",dinner,505.0,"1 porsi (505 g)",approved,0,"Tabel Komposisi Pangan Indonesia 2017",tkpi-weighted-v1,"Kandidat Batch 6. Makro, natrium, nama, dan komposisi diperiksa sebelum approval.",2026-07-28T13:27:15.521Z,2026-07-28T13:27:17.499Z,6
batch-06-052,batch-06-yoghurt-dan-alpukat,"Yoghurt dan Alpukat","Yoghurt dan Alpukat, komposisi unik Batch 6 dengan porsi berbasis TKPI.",snack,250.0,"1 porsi (250 g)",approved,0,"Tabel Komposisi Pangan Indonesia 2017",tkpi-weighted-v1,"Kandidat Batch 6. Makro, natrium, nama, dan komposisi diperiksa sebelum approval.",2026-07-28T13:27:15.521Z,2026-07-28T13:27:17.500Z,6
batch-06-053,batch-06-yoghurt-dan-jambu-bol,"Yoghurt dan Jambu Bol","Yoghurt dan Jambu Bol, komposisi unik Batch 6 dengan porsi berbasis TKPI.",snack,250.0,"1 porsi (250 g)",approved,0,"Tabel Komposisi Pangan Indonesia 2017",tkpi-weighted-v1,"Kandidat Batch 6. Makro, natrium, nama, dan komposisi diperiksa sebelum approval.",2026-07-28T13:27:15.521Z,2026-07-28T13:27:17.500Z,6
batch-06-054,batch-06-ubi-ungu-dan-cempedak,"Ubi Ungu dan Cempedak","Ubi Ungu dan Cempedak, komposisi unik Batch 6 dengan porsi berbasis TKPI.",snack,200.0,"1 porsi (200 g)",approved,0,"Tabel Komposisi Pangan Indonesia 2017",tkpi-weighted-v1,"Kandidat Batch 6. Makro, natrium, nama, dan komposisi diperiksa sebelum approval.",2026-07-28T13:27:15.521Z,2026-07-28T13:27:17.500Z,6
batch-06-055,batch-06-talas-bogor-dan-duku,"Talas Bogor dan Duku","Talas Bogor dan Duku, komposisi unik Batch 6 dengan porsi berbasis TKPI.",snack,180.0,"1 porsi (180 g)",approved,0,"Tabel Komposisi Pangan Indonesia 2017",tkpi-weighted-v1,"Kandidat Batch 6. Makro, natrium, nama, dan komposisi diperiksa sebelum approval.",2026-07-28T13:27:15.521Z,2026-07-28T13:27:17.500Z,6
batch-06-056,batch-06-kacang-merah-dan-kesemek,"Kacang Merah dan Kesemek","Kacang Merah dan Kesemek, komposisi unik Batch 6 dengan porsi berbasis TKPI.",snack,170.0,"1 porsi (170 g)",approved,0,"Tabel Komposisi Pangan Indonesia 2017",tkpi-weighted-v1,"Kandidat Batch 6. Makro, natrium, nama, dan komposisi diperiksa sebelum approval.",2026-07-28T13:27:15.522Z,2026-07-28T13:27:17.500Z,6
batch-06-057,batch-06-kacang-merah-segar-dan-langsat,"Kacang Merah Segar dan Langsat","Kacang Merah Segar dan Langsat, komposisi unik Batch 6 dengan porsi berbasis TKPI.",snack,160.0,"1 porsi (160 g)",approved,0,"Tabel Komposisi Pangan Indonesia 2017",tkpi-weighted-v1,"Kandidat Batch 6. Makro, natrium, nama, dan komposisi diperiksa sebelum approval.",2026-07-28T13:27:15.522Z,2026-07-28T13:27:17.500Z,6
batch-06-058,batch-06-jagung-rebus-dan-nangka,"Jagung Rebus dan Nangka","Jagung Rebus dan Nangka, komposisi unik Batch 6 dengan porsi berbasis TKPI.",snack,200.0,"1 porsi (200 g)",approved,0,"Tabel Komposisi Pangan Indonesia 2017",tkpi-weighted-v1,"Kandidat Batch 6. Makro, natrium, nama, dan komposisi diperiksa sebelum approval.",2026-07-28T13:27:15.522Z,2026-07-28T13:27:17.500Z,6
batch-06-059,batch-06-ubi-kukus-dan-alpukat,"Ubi Kukus dan Alpukat","Ubi Kukus dan Alpukat, komposisi unik Batch 6 dengan porsi berbasis TKPI.",snack,230.0,"1 porsi (230 g)",approved,0,"Tabel Komposisi Pangan Indonesia 2017",tkpi-weighted-v1,"Kandidat Batch 6. Makro, natrium, nama, dan komposisi diperiksa sebelum approval.",2026-07-28T13:27:15.522Z,2026-07-28T13:27:17.500Z,6
batch-06-060,batch-06-tahu-dan-jambu-bol,"Tahu dan Jambu Bol","Tahu dan Jambu Bol, komposisi unik Batch 6 dengan porsi berbasis TKPI.",snack,180.0,"1 porsi (180 g)",approved,0,"Tabel Komposisi Pangan Indonesia 2017",tkpi-weighted-v1,"Kandidat Batch 6. Makro, natrium, nama, dan komposisi diperiksa sebelum approval.",2026-07-28T13:27:15.522Z,2026-07-28T13:27:17.500Z,6
batch-07-001,batch-07-talas-belitung-kacang-merah-dan-durian,"Talas Belitung, Kacang Merah, dan Durian","Talas Belitung, Kacang Merah, dan Durian, komposisi unik Batch 7 dengan porsi berbasis TKPI.",breakfast,330.0,"1 porsi (330 g)",approved,0,"Tabel Komposisi Pangan Indonesia 2017",tkpi-weighted-v1,"Kandidat Batch 7. Makro, natrium, nama, dan komposisi diperiksa sebelum approval.",2026-07-28T13:33:22.819Z,2026-07-28T13:33:26.642Z,7
batch-07-002,batch-07-ubi-gadung-kacang-merah-segar-dan-duwet,"Ubi Gadung, Kacang Merah Segar, dan Duwet","Ubi Gadung, Kacang Merah Segar, dan Duwet, komposisi unik Batch 7 dengan porsi berbasis TKPI.",breakfast,330.0,"1 porsi (330 g)",approved,0,"Tabel Komposisi Pangan Indonesia 2017",tkpi-weighted-v1,"Kandidat Batch 7. Makro, natrium, nama, dan komposisi diperiksa sebelum approval.",2026-07-28T13:33:22.819Z,2026-07-28T13:33:26.642Z,7
batch-07-003,batch-07-suweg-kukus-kacang-tolo-dan-biwah,"Suweg Kukus, Kacang Tolo, dan Biwah","Suweg Kukus, Kacang Tolo, dan Biwah, komposisi unik Batch 7 dengan porsi berbasis TKPI.",breakfast,330.0,"1 porsi (330 g)",approved,0,"Tabel Komposisi Pangan Indonesia 2017",tkpi-weighted-v1,"Kandidat Batch 7. Makro, natrium, nama, dan komposisi diperiksa sebelum approval.",2026-07-28T13:33:22.819Z,2026-07-28T13:33:26.642Z,7
batch-07-004,batch-07-talas-bogor-tahu-dan-buah-mentega,"Talas Bogor, Tahu, dan Buah Mentega","Talas Bogor, Tahu, dan Buah Mentega, komposisi unik Batch 7 dengan porsi berbasis TKPI.",breakfast,330.0,"1 porsi (330 g)",approved,0,"Tabel Komposisi Pangan Indonesia 2017",tkpi-weighted-v1,"Kandidat Batch 7. Makro, natrium, nama, dan komposisi diperiksa sebelum approval.",2026-07-28T13:33:22.819Z,2026-07-28T13:33:26.642Z,7
batch-07-005,batch-07-ubi-kuning-kacang-gude-dan-buah-naga-putih,"Ubi Kuning, Kacang Gude, dan Buah Naga Putih","Ubi Kuning, Kacang Gude, dan Buah Naga Putih, komposisi unik Batch 7 dengan porsi berbasis TKPI.",breakfast,330.0,"1 porsi (330 g)",approved,0,"Tabel Komposisi Pangan Indonesia 2017",tkpi-weighted-v1,"Kandidat Batch 7. Makro, natrium, nama, dan komposisi diperiksa sebelum approval.",2026-07-28T13:33:22.820Z,2026-07-28T13:33:26.642Z,7
batch-07-006,batch-07-ubi-ungu-yoghurt-dan-arbai,"Ubi Ungu, Yoghurt, dan Arbai","Ubi Ungu, Yoghurt, dan Arbai, komposisi unik Batch 7 dengan porsi berbasis TKPI.",breakfast,370.0,"1 porsi (370 g)",approved,0,"Tabel Komposisi Pangan Indonesia 2017",tkpi-weighted-v1,"Kandidat Batch 7. Makro, natrium, nama, dan komposisi diperiksa sebelum approval.",2026-07-28T13:33:22.820Z,2026-07-28T13:33:26.642Z,7
batch-07-007,batch-07-singkong-kukus-kacang-tolo-dan-jeruk-banjar,"Singkong Kukus, Kacang Tolo, dan Jeruk Banjar","Singkong Kukus, Kacang Tolo, dan Jeruk Banjar, komposisi unik Batch 7 dengan porsi berbasis TKPI.",breakfast,330.0,"1 porsi (330 g)",approved,0,"Tabel Komposisi Pangan Indonesia 2017",tkpi-weighted-v1,"Kandidat Batch 7. Makro, natrium, nama, dan komposisi diperiksa sebelum approval.",2026-07-28T13:33:22.820Z,2026-07-28T13:33:26.642Z,7
batch-07-008,batch-07-jagung-rebus-kacang-merah-dan-durian,"Jagung Rebus, Kacang Merah, dan Durian","Jagung Rebus, Kacang Merah, dan Durian, komposisi unik Batch 7 dengan porsi berbasis TKPI.",breakfast,300.0,"1 porsi (300 g)",approved,0,"Tabel Komposisi Pangan Indonesia 2017",tkpi-weighted-v1,"Kandidat Batch 7. Makro, natrium, nama, dan komposisi diperiksa sebelum approval.",2026-07-28T13:33:22.820Z,2026-07-28T13:33:26.642Z,7
batch-07-009,batch-07-jagung-pipil-kacang-merah-segar-dan-duwet,"Jagung Pipil, Kacang Merah Segar, dan Duwet","Jagung Pipil, Kacang Merah Segar, dan Duwet, komposisi unik Batch 7 dengan porsi berbasis TKPI.",breakfast,300.0,"1 porsi (300 g)",approved,0,"Tabel Komposisi Pangan Indonesia 2017",tkpi-weighted-v1,"Kandidat Batch 7. Makro, natrium, nama, dan komposisi diperiksa sebelum approval.",2026-07-28T13:33:22.820Z,2026-07-28T13:33:26.643Z,7
batch-07-010,batch-07-roti-susu-skim-dan-biwah,"Roti, Susu Skim, dan Biwah","Roti, Susu Skim, dan Biwah, komposisi unik Batch 7 dengan porsi berbasis TKPI.",breakfast,360.0,"1 porsi (360 g)",approved,0,"Tabel Komposisi Pangan Indonesia 2017",tkpi-weighted-v1,"Kandidat Batch 7. Makro, natrium, nama, dan komposisi diperiksa sebelum approval.",2026-07-28T13:33:22.820Z,2026-07-28T13:33:26.643Z,7
batch-07-011,batch-07-ubi-kukus-kacang-gude-dan-buah-mentega,"Ubi Kukus, Kacang Gude, dan Buah Mentega","Ubi Kukus, Kacang Gude, dan Buah Mentega, komposisi unik Batch 7 dengan porsi berbasis TKPI.",breakfast,330.0,"1 porsi (330 g)",approved,0,"Tabel Komposisi Pangan Indonesia 2017",tkpi-weighted-v1,"Kandidat Batch 7. Makro, natrium, nama, dan komposisi diperiksa sebelum approval.",2026-07-28T13:33:22.820Z,2026-07-28T13:33:26.643Z,7
batch-07-012,batch-07-ubi-rebus-tahu-dan-buah-naga-putih,"Ubi Rebus, Tahu, dan Buah Naga Putih","Ubi Rebus, Tahu, dan Buah Naga Putih, komposisi unik Batch 7 dengan porsi berbasis TKPI.",breakfast,300.0,"1 porsi (300 g)",approved,0,"Tabel Komposisi Pangan Indonesia 2017",tkpi-weighted-v1,"Kandidat Batch 7. Makro, natrium, nama, dan komposisi diperiksa sebelum approval.",2026-07-28T13:33:22.820Z,2026-07-28T13:33:26.643Z,7
batch-07-013,batch-07-talas-belitung-yoghurt-dan-arbai,"Talas Belitung, Yoghurt, dan Arbai","Talas Belitung, Yoghurt, dan Arbai, komposisi unik Batch 7 dengan porsi berbasis TKPI.",breakfast,400.0,"1 porsi (400 g)",approved,0,"Tabel Komposisi Pangan Indonesia 2017",tkpi-weighted-v1,"Kandidat Batch 7. Makro, natrium, nama, dan komposisi diperiksa sebelum approval.",2026-07-28T13:33:22.820Z,2026-07-28T13:33:26.643Z,7
batch-07-014,batch-07-suweg-kukus-kacang-merah-dan-jeruk-banjar,"Suweg Kukus, Kacang Merah, dan Jeruk Banjar","Suweg Kukus, Kacang Merah, dan Jeruk Banjar, komposisi unik Batch 7 dengan porsi berbasis TKPI.",breakfast,330.0,"1 porsi (330 g)",approved,0,"Tabel Komposisi Pangan Indonesia 2017",tkpi-weighted-v1,"Kandidat Batch 7. Makro, natrium, nama, dan komposisi diperiksa sebelum approval.",2026-07-28T13:33:22.821Z,2026-07-28T13:33:26.643Z,7
batch-07-015,batch-07-ubi-gadung-kacang-tolo-dan-durian,"Ubi Gadung, Kacang Tolo, dan Durian","Ubi Gadung, Kacang Tolo, dan Durian, komposisi unik Batch 7 dengan porsi berbasis TKPI.",breakfast,330.0,"1 porsi (330 g)",approved,0,"Tabel Komposisi Pangan Indonesia 2017",tkpi-weighted-v1,"Kandidat Batch 7. Makro, natrium, nama, dan komposisi diperiksa sebelum approval.",2026-07-28T13:33:22.821Z,2026-07-28T13:33:26.643Z,7
batch-07-016,batch-07-nasi-ayam-kalasan-daun-kol-sawi-segar-dan-arbai,"Nasi, Ayam Kalasan, Daun Kol Sawi Segar, dan Arbai","Nasi, Ayam Kalasan, Daun Kol Sawi Segar, dan Arbai, komposisi unik Batch 7 dengan porsi berbasis TKPI.",lunch,500.0,"1 porsi (500 g)",approved,0,"Tabel Komposisi Pangan Indonesia 2017",tkpi-weighted-v1,"Kandidat Batch 7. Makro, natrium, nama, dan komposisi diperiksa sebelum approval.",2026-07-28T13:33:22.821Z,2026-07-28T13:33:26.643Z,7
batch-07-017,batch-07-nasi-merah-pepes-mujahir-daun-labu-siam-segar-dan-arbai,"Nasi Merah, Pepes Mujahir, Daun Labu Siam Segar, dan Arbai","Nasi Merah, Pepes Mujahir, Daun Labu Siam Segar, dan Arbai, komposisi unik Batch 7 dengan porsi berbasis TKPI.",lunch,510.0,"1 porsi (510 g)",approved,0,"Tabel Komposisi Pangan Indonesia 2017",tkpi-weighted-v1,"Kandidat Batch 7. Makro, natrium, nama, dan komposisi diperiksa sebelum approval.",2026-07-28T13:33:22.821Z,2026-07-28T13:33:26.643Z,7
batch-07-018,batch-07-nasi-ikan-baung-daun-oyong-segar-dan-arbai,"Nasi, Ikan Baung, Daun Oyong Segar, dan Arbai","Nasi, Ikan Baung, Daun Oyong Segar, dan Arbai, komposisi unik Batch 7 dengan porsi berbasis TKPI.",lunch,510.0,"1 porsi (510 g)",approved,0,"Tabel Komposisi Pangan Indonesia 2017",tkpi-weighted-v1,"Kandidat Batch 7. Makro, natrium, nama, dan komposisi diperiksa sebelum approval.",2026-07-28T13:33:22.821Z,2026-07-28T13:33:26.643Z,7
batch-07-019,batch-07-nasi-merah-pepes-ikan-mas-daun-pakis-segar-dan-arbai,"Nasi Merah, Pepes Ikan Mas, Daun Pakis Segar, dan Arbai","Nasi Merah, Pepes Ikan Mas, Daun Pakis Segar, dan Arbai, komposisi unik Batch 7 dengan porsi berbasis TKPI.",lunch,500.0,"1 porsi (500 g)",approved,0,"Tabel Komposisi Pangan Indonesia 2017",tkpi-weighted-v1,"Kandidat Batch 7. Makro, natrium, nama, dan komposisi diperiksa sebelum approval.",2026-07-28T13:33:22.821Z,2026-07-28T13:33:26.643Z,7
batch-07-020,batch-07-nasi-ikan-papuyu-gambas-segar-dan-arbai,"Nasi, Ikan Papuyu, Gambas Segar, dan Arbai","Nasi, Ikan Papuyu, Gambas Segar, dan Arbai, komposisi unik Batch 7 dengan porsi berbasis TKPI.",lunch,510.0,"1 porsi (510 g)",approved,0,"Tabel Komposisi Pangan Indonesia 2017",tkpi-weighted-v1,"Kandidat Batch 7. Makro, natrium, nama, dan komposisi diperiksa sebelum approval.",2026-07-28T13:33:22.821Z,2026-07-28T13:33:26.643Z,7
batch-07-021,batch-07-nasi-merah-ikan-patin-labu-siam-segar-dan-arbai,"Nasi Merah, Ikan Patin, Labu Siam Segar, dan Arbai","Nasi Merah, Ikan Patin, Labu Siam Segar, dan Arbai, komposisi unik Batch 7 dengan porsi berbasis TKPI.",lunch,510.0,"1 porsi (510 g)",approved,0,"Tabel Komposisi Pangan Indonesia 2017",tkpi-weighted-v1,"Kandidat Batch 7. Makro, natrium, nama, dan komposisi diperiksa sebelum approval.",2026-07-28T13:33:22.821Z,2026-07-28T13:33:26.643Z,7
batch-07-022,batch-07-nasi-cumi-rebung-segar-dan-arbai,"Nasi, Cumi, Rebung Segar, dan Arbai","Nasi, Cumi, Rebung Segar, dan Arbai, komposisi unik Batch 7 dengan porsi berbasis TKPI.",lunch,500.0,"1 porsi (500 g)",approved,0,"Tabel Komposisi Pangan Indonesia 2017",tkpi-weighted-v1,"Kandidat Batch 7. Makro, natrium, nama, dan komposisi diperiksa sebelum approval.",2026-07-28T13:33:22.821Z,2026-07-28T13:33:26.643Z,7
batch-07-023,batch-07-nasi-merah-tahu-sawi-segar-dan-arbai,"Nasi Merah, Tahu, Sawi Segar, dan Arbai","Nasi Merah, Tahu, Sawi Segar, dan Arbai, komposisi unik Batch 7 dengan porsi berbasis TKPI.",lunch,520.0,"1 porsi (520 g)",approved,0,"Tabel Komposisi Pangan Indonesia 2017",tkpi-weighted-v1,"Kandidat Batch 7. Makro, natrium, nama, dan komposisi diperiksa sebelum approval.",2026-07-28T13:33:22.821Z,2026-07-28T13:33:26.643Z,7
batch-07-024,batch-07-nasi-tempe-terong-segar-dan-arbai,"Nasi, Tempe, Terong Segar, dan Arbai","Nasi, Tempe, Terong Segar, dan Arbai, komposisi unik Batch 7 dengan porsi berbasis TKPI.",lunch,490.0,"1 porsi (490 g)",approved,0,"Tabel Komposisi Pangan Indonesia 2017",tkpi-weighted-v1,"Kandidat Batch 7. Makro, natrium, nama, dan komposisi diperiksa sebelum approval.",2026-07-28T13:33:22.821Z,2026-07-28T13:33:26.643Z,7
batch-07-025,batch-07-nasi-merah-kacang-merah-daun-kol-sawi-segar-dan-arbai,"Nasi Merah, Kacang Merah, Daun Kol Sawi Segar, dan Arbai","Nasi Merah, Kacang Merah, Daun Kol Sawi Segar, dan Arbai, komposisi unik Batch 7 dengan porsi berbasis TKPI.",lunch,520.0,"1 porsi (520 g)",approved,0,"Tabel Komposisi Pangan Indonesia 2017",tkpi-weighted-v1,"Kandidat Batch 7. Makro, natrium, nama, dan komposisi diperiksa sebelum approval.",2026-07-28T13:33:22.821Z,2026-07-28T13:33:26.643Z,7
batch-07-026,batch-07-nasi-kacang-merah-segar-daun-labu-siam-segar-dan-arbai,"Nasi, Kacang Merah Segar, Daun Labu Siam Segar, dan Arbai","Nasi, Kacang Merah Segar, Daun Labu Siam Segar, dan Arbai, komposisi unik Batch 7 dengan porsi berbasis TKPI.",lunch,520.0,"1 porsi (520 g)",approved,0,"Tabel Komposisi Pangan Indonesia 2017",tkpi-weighted-v1,"Kandidat Batch 7. Makro, natrium, nama, dan komposisi diperiksa sebelum approval.",2026-07-28T13:33:22.821Z,2026-07-28T13:33:26.643Z,7
batch-07-027,batch-07-nasi-merah-kacang-tolo-daun-oyong-segar-dan-arbai,"Nasi Merah, Kacang Tolo, Daun Oyong Segar, dan Arbai","Nasi Merah, Kacang Tolo, Daun Oyong Segar, dan Arbai, komposisi unik Batch 7 dengan porsi berbasis TKPI.",lunch,520.0,"1 porsi (520 g)",approved,0,"Tabel Komposisi Pangan Indonesia 2017",tkpi-weighted-v1,"Kandidat Batch 7. Makro, natrium, nama, dan komposisi diperiksa sebelum approval.",2026-07-28T13:33:22.822Z,2026-07-28T13:33:26.643Z,7
batch-07-028,batch-07-nasi-kacang-gude-daun-pakis-segar-dan-arbai,"Nasi, Kacang Gude, Daun Pakis Segar, dan Arbai","Nasi, Kacang Gude, Daun Pakis Segar, dan Arbai, komposisi unik Batch 7 dengan porsi berbasis TKPI.",lunch,520.0,"1 porsi (520 g)",approved,0,"Tabel Komposisi Pangan Indonesia 2017",tkpi-weighted-v1,"Kandidat Batch 7. Makro, natrium, nama, dan komposisi diperiksa sebelum approval.",2026-07-28T13:33:22.822Z,2026-07-28T13:33:26.643Z,7
batch-07-029,batch-07-nasi-merah-mujahir-goreng-gambas-segar-dan-arbai,"Nasi Merah, Mujahir Goreng, Gambas Segar, dan Arbai","Nasi Merah, Mujahir Goreng, Gambas Segar, dan Arbai, komposisi unik Batch 7 dengan porsi berbasis TKPI.",lunch,480.0,"1 porsi (480 g)",approved,0,"Tabel Komposisi Pangan Indonesia 2017",tkpi-weighted-v1,"Kandidat Batch 7. Makro, natrium, nama, dan komposisi diperiksa sebelum approval.",2026-07-28T13:33:22.822Z,2026-07-28T13:33:26.644Z,7
batch-07-030,batch-07-nasi-bebek-goreng-labu-siam-segar-dan-arbai,"Nasi, Bebek Goreng, Labu Siam Segar, dan Arbai","Nasi, Bebek Goreng, Labu Siam Segar, dan Arbai, komposisi unik Batch 7 dengan porsi berbasis TKPI.",lunch,490.0,"1 porsi (490 g)",approved,0,"Tabel Komposisi Pangan Indonesia 2017",tkpi-weighted-v1,"Kandidat Batch 7. Makro, natrium, nama, dan komposisi diperiksa sebelum approval.",2026-07-28T13:33:22.822Z,2026-07-28T13:33:26.644Z,7
batch-07-031,batch-07-nasi-merah-ikan-lais-rebung-segar-dan-arbai,"Nasi Merah, Ikan Lais, Rebung Segar, dan Arbai","Nasi Merah, Ikan Lais, Rebung Segar, dan Arbai, komposisi unik Batch 7 dengan porsi berbasis TKPI.",lunch,510.0,"1 porsi (510 g)",approved,0,"Tabel Komposisi Pangan Indonesia 2017",tkpi-weighted-v1,"Kandidat Batch 7. Makro, natrium, nama, dan komposisi diperiksa sebelum approval.",2026-07-28T13:33:22.822Z,2026-07-28T13:33:26.644Z,7
batch-07-032,batch-07-nasi-kedelai-rebus-sawi-segar-dan-arbai,"Nasi, Kedelai Rebus, Sawi Segar, dan Arbai","Nasi, Kedelai Rebus, Sawi Segar, dan Arbai, komposisi unik Batch 7 dengan porsi berbasis TKPI.",lunch,500.0,"1 porsi (500 g)",approved,0,"Tabel Komposisi Pangan Indonesia 2017",tkpi-weighted-v1,"Kandidat Batch 7. Makro, natrium, nama, dan komposisi diperiksa sebelum approval.",2026-07-28T13:33:22.822Z,2026-07-28T13:33:26.644Z,7
batch-07-033,batch-07-nasi-merah-kacang-belimbing-terong-segar-dan-arbai,"Nasi Merah, Kacang Belimbing, Terong Segar, dan Arbai","Nasi Merah, Kacang Belimbing, Terong Segar, dan Arbai, komposisi unik Batch 7 dengan porsi berbasis TKPI.",lunch,500.0,"1 porsi (500 g)",approved,0,"Tabel Komposisi Pangan Indonesia 2017",tkpi-weighted-v1,"Kandidat Batch 7. Makro, natrium, nama, dan komposisi diperiksa sebelum approval.",2026-07-28T13:33:22.822Z,2026-07-28T13:33:26.644Z,7
batch-07-034,batch-07-nasi-merah-ayam-kalasan-daun-labu-siam-segar-dan-jeruk-banjar,"Nasi Merah, Ayam Kalasan, Daun Labu Siam Segar, dan Jeruk Banjar","Nasi Merah, Ayam Kalasan, Daun Labu Siam Segar, dan Jeruk Banjar, komposisi unik Batch 7 dengan porsi berbasis TKPI.",dinner,505.0,"1 porsi (505 g)",approved,0,"Tabel Komposisi Pangan Indonesia 2017",tkpi-weighted-v1,"Kandidat Batch 7. Makro, natrium, nama, dan komposisi diperiksa sebelum approval.",2026-07-28T13:33:22.822Z,2026-07-28T13:33:26.644Z,7
batch-07-035,batch-07-nasi-pepes-mujahir-daun-oyong-segar-dan-jeruk-banjar,"Nasi, Pepes Mujahir, Daun Oyong Segar, dan Jeruk Banjar","Nasi, Pepes Mujahir, Daun Oyong Segar, dan Jeruk Banjar, komposisi unik Batch 7 dengan porsi berbasis TKPI.",dinner,515.0,"1 porsi (515 g)",approved,0,"Tabel Komposisi Pangan Indonesia 2017",tkpi-weighted-v1,"Kandidat Batch 7. Makro, natrium, nama, dan komposisi diperiksa sebelum approval.",2026-07-28T13:33:22.822Z,2026-07-28T13:33:26.644Z,7
batch-07-036,batch-07-nasi-merah-ikan-baung-daun-pakis-segar-dan-jeruk-banjar,"Nasi Merah, Ikan Baung, Daun Pakis Segar, dan Jeruk Banjar","Nasi Merah, Ikan Baung, Daun Pakis Segar, dan Jeruk Banjar, komposisi unik Batch 7 dengan porsi berbasis TKPI.",dinner,515.0,"1 porsi (515 g)",approved,0,"Tabel Komposisi Pangan Indonesia 2017",tkpi-weighted-v1,"Kandidat Batch 7. Makro, natrium, nama, dan komposisi diperiksa sebelum approval.",2026-07-28T13:33:22.822Z,2026-07-28T13:33:26.644Z,7
batch-07-037,batch-07-nasi-pepes-ikan-mas-gambas-segar-dan-jeruk-banjar,"Nasi, Pepes Ikan Mas, Gambas Segar, dan Jeruk Banjar","Nasi, Pepes Ikan Mas, Gambas Segar, dan Jeruk Banjar, komposisi unik Batch 7 dengan porsi berbasis TKPI.",dinner,505.0,"1 porsi (505 g)",approved,0,"Tabel Komposisi Pangan Indonesia 2017",tkpi-weighted-v1,"Kandidat Batch 7. Makro, natrium, nama, dan komposisi diperiksa sebelum approval.",2026-07-28T13:33:22.822Z,2026-07-28T13:33:26.644Z,7
batch-07-038,batch-07-nasi-merah-ikan-papuyu-labu-siam-segar-dan-jeruk-banjar,"Nasi Merah, Ikan Papuyu, Labu Siam Segar, dan Jeruk Banjar","Nasi Merah, Ikan Papuyu, Labu Siam Segar, dan Jeruk Banjar, komposisi unik Batch 7 dengan porsi berbasis TKPI.",dinner,515.0,"1 porsi (515 g)",approved,0,"Tabel Komposisi Pangan Indonesia 2017",tkpi-weighted-v1,"Kandidat Batch 7. Makro, natrium, nama, dan komposisi diperiksa sebelum approval.",2026-07-28T13:33:22.822Z,2026-07-28T13:33:26.644Z,7
batch-07-039,batch-07-nasi-ikan-patin-rebung-segar-dan-jeruk-banjar,"Nasi, Ikan Patin, Rebung Segar, dan Jeruk Banjar","Nasi, Ikan Patin, Rebung Segar, dan Jeruk Banjar, komposisi unik Batch 7 dengan porsi berbasis TKPI.",dinner,515.0,"1 porsi (515 g)",approved,0,"Tabel Komposisi Pangan Indonesia 2017",tkpi-weighted-v1,"Kandidat Batch 7. Makro, natrium, nama, dan komposisi diperiksa sebelum approval.",2026-07-28T13:33:22.822Z,2026-07-28T13:33:26.644Z,7
batch-07-040,batch-07-nasi-merah-cumi-sawi-segar-dan-jeruk-banjar,"Nasi Merah, Cumi, Sawi Segar, dan Jeruk Banjar","Nasi Merah, Cumi, Sawi Segar, dan Jeruk Banjar, komposisi unik Batch 7 dengan porsi berbasis TKPI.",dinner,505.0,"1 porsi (505 g)",approved,0,"Tabel Komposisi Pangan Indonesia 2017",tkpi-weighted-v1,"Kandidat Batch 7. Makro, natrium, nama, dan komposisi diperiksa sebelum approval.",2026-07-28T13:33:22.823Z,2026-07-28T13:33:26.644Z,7
batch-07-041,batch-07-nasi-tahu-terong-segar-dan-jeruk-banjar,"Nasi, Tahu, Terong Segar, dan Jeruk Banjar","Nasi, Tahu, Terong Segar, dan Jeruk Banjar, komposisi unik Batch 7 dengan porsi berbasis TKPI.",dinner,525.0,"1 porsi (525 g)",approved,0,"Tabel Komposisi Pangan Indonesia 2017",tkpi-weighted-v1,"Kandidat Batch 7. Makro, natrium, nama, dan komposisi diperiksa sebelum approval.",2026-07-28T13:33:22.823Z,2026-07-28T13:33:26.644Z,7
batch-07-042,batch-07-nasi-merah-tempe-daun-kol-sawi-segar-dan-jeruk-banjar,"Nasi Merah, Tempe, Daun Kol Sawi Segar, dan Jeruk Banjar","Nasi Merah, Tempe, Daun Kol Sawi Segar, dan Jeruk Banjar, komposisi unik Batch 7 dengan porsi berbasis TKPI.",dinner,495.0,"1 porsi (495 g)",approved,0,"Tabel Komposisi Pangan Indonesia 2017",tkpi-weighted-v1,"Kandidat Batch 7. Makro, natrium, nama, dan komposisi diperiksa sebelum approval.",2026-07-28T13:33:22.823Z,2026-07-28T13:33:26.644Z,7
batch-07-043,batch-07-nasi-kacang-merah-daun-labu-siam-segar-dan-jeruk-banjar,"Nasi, Kacang Merah, Daun Labu Siam Segar, dan Jeruk Banjar","Nasi, Kacang Merah, Daun Labu Siam Segar, dan Jeruk Banjar, komposisi unik Batch 7 dengan porsi berbasis TKPI.",dinner,525.0,"1 porsi (525 g)",approved,0,"Tabel Komposisi Pangan Indonesia 2017",tkpi-weighted-v1,"Kandidat Batch 7. Makro, natrium, nama, dan komposisi diperiksa sebelum approval.",2026-07-28T13:33:22.823Z,2026-07-28T13:33:26.644Z,7
batch-07-044,batch-07-nasi-merah-kacang-merah-segar-daun-oyong-segar-dan-jeruk-banjar,"Nasi Merah, Kacang Merah Segar, Daun Oyong Segar, dan Jeruk Banjar","Nasi Merah, Kacang Merah Segar, Daun Oyong Segar, dan Jeruk Banjar, komposisi unik Batch 7 dengan porsi berbasis TKPI.",dinner,525.0,"1 porsi (525 g)",approved,0,"Tabel Komposisi Pangan Indonesia 2017",tkpi-weighted-v1,"Kandidat Batch 7. Makro, natrium, nama, dan komposisi diperiksa sebelum approval.",2026-07-28T13:33:22.823Z,2026-07-28T13:33:26.644Z,7
batch-07-045,batch-07-nasi-kacang-tolo-daun-pakis-segar-dan-jeruk-banjar,"Nasi, Kacang Tolo, Daun Pakis Segar, dan Jeruk Banjar","Nasi, Kacang Tolo, Daun Pakis Segar, dan Jeruk Banjar, komposisi unik Batch 7 dengan porsi berbasis TKPI.",dinner,525.0,"1 porsi (525 g)",approved,0,"Tabel Komposisi Pangan Indonesia 2017",tkpi-weighted-v1,"Kandidat Batch 7. Makro, natrium, nama, dan komposisi diperiksa sebelum approval.",2026-07-28T13:33:22.823Z,2026-07-28T13:33:26.644Z,7
batch-07-046,batch-07-nasi-merah-kacang-gude-gambas-segar-dan-jeruk-banjar,"Nasi Merah, Kacang Gude, Gambas Segar, dan Jeruk Banjar","Nasi Merah, Kacang Gude, Gambas Segar, dan Jeruk Banjar, komposisi unik Batch 7 dengan porsi berbasis TKPI.",dinner,525.0,"1 porsi (525 g)",approved,0,"Tabel Komposisi Pangan Indonesia 2017",tkpi-weighted-v1,"Kandidat Batch 7. Makro, natrium, nama, dan komposisi diperiksa sebelum approval.",2026-07-28T13:33:22.823Z,2026-07-28T13:33:26.644Z,7
batch-07-047,batch-07-nasi-mujahir-goreng-labu-siam-segar-dan-jeruk-banjar,"Nasi, Mujahir Goreng, Labu Siam Segar, dan Jeruk Banjar","Nasi, Mujahir Goreng, Labu Siam Segar, dan Jeruk Banjar, komposisi unik Batch 7 dengan porsi berbasis TKPI.",dinner,485.0,"1 porsi (485 g)",approved,0,"Tabel Komposisi Pangan Indonesia 2017",tkpi-weighted-v1,"Kandidat Batch 7. Makro, natrium, nama, dan komposisi diperiksa sebelum approval.",2026-07-28T13:33:22.823Z,2026-07-28T13:33:26.644Z,7
batch-07-048,batch-07-nasi-merah-bebek-goreng-rebung-segar-dan-jeruk-banjar,"Nasi Merah, Bebek Goreng, Rebung Segar, dan Jeruk Banjar","Nasi Merah, Bebek Goreng, Rebung Segar, dan Jeruk Banjar, komposisi unik Batch 7 dengan porsi berbasis TKPI.",dinner,495.0,"1 porsi (495 g)",approved,0,"Tabel Komposisi Pangan Indonesia 2017",tkpi-weighted-v1,"Kandidat Batch 7. Makro, natrium, nama, dan komposisi diperiksa sebelum approval.",2026-07-28T13:33:22.823Z,2026-07-28T13:33:26.644Z,7
batch-07-049,batch-07-nasi-ikan-lais-sawi-segar-dan-jeruk-banjar,"Nasi, Ikan Lais, Sawi Segar, dan Jeruk Banjar","Nasi, Ikan Lais, Sawi Segar, dan Jeruk Banjar, komposisi unik Batch 7 dengan porsi berbasis TKPI.",dinner,515.0,"1 porsi (515 g)",approved,0,"Tabel Komposisi Pangan Indonesia 2017",tkpi-weighted-v1,"Kandidat Batch 7. Makro, natrium, nama, dan komposisi diperiksa sebelum approval.",2026-07-28T13:33:22.823Z,2026-07-28T13:33:26.644Z,7
batch-07-050,batch-07-nasi-merah-kedelai-rebus-terong-segar-dan-jeruk-banjar,"Nasi Merah, Kedelai Rebus, Terong Segar, dan Jeruk Banjar","Nasi Merah, Kedelai Rebus, Terong Segar, dan Jeruk Banjar, komposisi unik Batch 7 dengan porsi berbasis TKPI.",dinner,505.0,"1 porsi (505 g)",approved,0,"Tabel Komposisi Pangan Indonesia 2017",tkpi-weighted-v1,"Kandidat Batch 7. Makro, natrium, nama, dan komposisi diperiksa sebelum approval.",2026-07-28T13:33:22.824Z,2026-07-28T13:33:26.644Z,7
batch-07-051,batch-07-nasi-kacang-belimbing-daun-kol-sawi-segar-dan-jeruk-banjar,"Nasi, Kacang Belimbing, Daun Kol Sawi Segar, dan Jeruk Banjar","Nasi, Kacang Belimbing, Daun Kol Sawi Segar, dan Jeruk Banjar, komposisi unik Batch 7 dengan porsi berbasis TKPI.",dinner,505.0,"1 porsi (505 g)",approved,0,"Tabel Komposisi Pangan Indonesia 2017",tkpi-weighted-v1,"Kandidat Batch 7. Makro, natrium, nama, dan komposisi diperiksa sebelum approval.",2026-07-28T13:33:22.824Z,2026-07-28T13:33:26.645Z,7
batch-07-052,batch-07-yoghurt-dan-arbai,"Yoghurt dan Arbai","Yoghurt dan Arbai, komposisi unik Batch 7 dengan porsi berbasis TKPI.",snack,250.0,"1 porsi (250 g)",approved,0,"Tabel Komposisi Pangan Indonesia 2017",tkpi-weighted-v1,"Kandidat Batch 7. Makro, natrium, nama, dan komposisi diperiksa sebelum approval.",2026-07-28T13:33:22.824Z,2026-07-28T13:33:26.645Z,7
batch-07-053,batch-07-yoghurt-dan-jeruk-banjar,"Yoghurt dan Jeruk Banjar","Yoghurt dan Jeruk Banjar, komposisi unik Batch 7 dengan porsi berbasis TKPI.",snack,250.0,"1 porsi (250 g)",approved,0,"Tabel Komposisi Pangan Indonesia 2017",tkpi-weighted-v1,"Kandidat Batch 7. Makro, natrium, nama, dan komposisi diperiksa sebelum approval.",2026-07-28T13:33:22.824Z,2026-07-28T13:33:26.645Z,7
batch-07-054,batch-07-ubi-ungu-dan-durian,"Ubi Ungu dan Durian","Ubi Ungu dan Durian, komposisi unik Batch 7 dengan porsi berbasis TKPI.",snack,200.0,"1 porsi (200 g)",approved,0,"Tabel Komposisi Pangan Indonesia 2017",tkpi-weighted-v1,"Kandidat Batch 7. Makro, natrium, nama, dan komposisi diperiksa sebelum approval.",2026-07-28T13:33:22.824Z,2026-07-28T13:33:26.645Z,7
batch-07-055,batch-07-talas-bogor-dan-duwet,"Talas Bogor dan Duwet","Talas Bogor dan Duwet, komposisi unik Batch 7 dengan porsi berbasis TKPI.",snack,180.0,"1 porsi (180 g)",approved,0,"Tabel Komposisi Pangan Indonesia 2017",tkpi-weighted-v1,"Kandidat Batch 7. Makro, natrium, nama, dan komposisi diperiksa sebelum approval.",2026-07-28T13:33:22.824Z,2026-07-28T13:33:26.645Z,7
batch-07-056,batch-07-kacang-merah-dan-buah-naga-putih,"Kacang Merah dan Buah Naga Putih","Kacang Merah dan Buah Naga Putih, komposisi unik Batch 7 dengan porsi berbasis TKPI.",snack,170.0,"1 porsi (170 g)",approved,0,"Tabel Komposisi Pangan Indonesia 2017",tkpi-weighted-v1,"Kandidat Batch 7. Makro, natrium, nama, dan komposisi diperiksa sebelum approval.",2026-07-28T13:33:22.824Z,2026-07-28T13:33:26.645Z,7
batch-07-057,batch-07-kacang-merah-segar-dan-biwah,"Kacang Merah Segar dan Biwah","Kacang Merah Segar dan Biwah, komposisi unik Batch 7 dengan porsi berbasis TKPI.",snack,160.0,"1 porsi (160 g)",approved,0,"Tabel Komposisi Pangan Indonesia 2017",tkpi-weighted-v1,"Kandidat Batch 7. Makro, natrium, nama, dan komposisi diperiksa sebelum approval.",2026-07-28T13:33:22.824Z,2026-07-28T13:33:26.645Z,7
batch-07-058,batch-07-jagung-rebus-dan-buah-mentega,"Jagung Rebus dan Buah Mentega","Jagung Rebus dan Buah Mentega, komposisi unik Batch 7 dengan porsi berbasis TKPI.",snack,200.0,"1 porsi (200 g)",approved,0,"Tabel Komposisi Pangan Indonesia 2017",tkpi-weighted-v1,"Kandidat Batch 7. Makro, natrium, nama, dan komposisi diperiksa sebelum approval.",2026-07-28T13:33:22.824Z,2026-07-28T13:33:26.645Z,7
batch-07-059,batch-07-ubi-kukus-dan-arbai,"Ubi Kukus dan Arbai","Ubi Kukus dan Arbai, komposisi unik Batch 7 dengan porsi berbasis TKPI.",snack,230.0,"1 porsi (230 g)",approved,0,"Tabel Komposisi Pangan Indonesia 2017",tkpi-weighted-v1,"Kandidat Batch 7. Makro, natrium, nama, dan komposisi diperiksa sebelum approval.",2026-07-28T13:33:22.824Z,2026-07-28T13:33:26.645Z,7
batch-07-060,batch-07-tahu-dan-jeruk-banjar,"Tahu dan Jeruk Banjar","Tahu dan Jeruk Banjar, komposisi unik Batch 7 dengan porsi berbasis TKPI.",snack,180.0,"1 porsi (180 g)",approved,0,"Tabel Komposisi Pangan Indonesia 2017",tkpi-weighted-v1,"Kandidat Batch 7. Makro, natrium, nama, dan komposisi diperiksa sebelum approval.",2026-07-28T13:33:22.824Z,2026-07-28T13:33:26.645Z,7
batch-08-001,batch-08-talas-belitung-kacang-merah-dan-kawista,"Talas Belitung, Kacang Merah, dan Kawista","Talas Belitung, Kacang Merah, dan Kawista, komposisi unik Batch 8 dengan porsi berbasis TKPI.",breakfast,330.0,"1 porsi (330 g)",approved,0,"Tabel Komposisi Pangan Indonesia 2017",tkpi-weighted-v1,"Kandidat Batch 8. Makro, natrium, nama, dan komposisi diperiksa sebelum approval.",2026-07-28T13:38:38.707Z,2026-07-28T13:38:43.333Z,8
batch-08-002,batch-08-ubi-gadung-kacang-merah-segar-dan-gandaria,"Ubi Gadung, Kacang Merah Segar, dan Gandaria","Ubi Gadung, Kacang Merah Segar, dan Gandaria, komposisi unik Batch 8 dengan porsi berbasis TKPI.",breakfast,330.0,"1 porsi (330 g)",approved,0,"Tabel Komposisi Pangan Indonesia 2017",tkpi-weighted-v1,"Kandidat Batch 8. Makro, natrium, nama, dan komposisi diperiksa sebelum approval.",2026-07-28T13:38:38.707Z,2026-07-28T13:38:43.334Z,8
batch-08-003,batch-08-suweg-kukus-kacang-tolo-dan-erbis,"Suweg Kukus, Kacang Tolo, dan Erbis","Suweg Kukus, Kacang Tolo, dan Erbis, komposisi unik Batch 8 dengan porsi berbasis TKPI.",breakfast,330.0,"1 porsi (330 g)",approved,0,"Tabel Komposisi Pangan Indonesia 2017",tkpi-weighted-v1,"Kandidat Batch 8. Makro, natrium, nama, dan komposisi diperiksa sebelum approval.",2026-07-28T13:38:38.707Z,2026-07-28T13:38:43.334Z,8
batch-08-004,batch-08-talas-bogor-tahu-dan-jambu-biji-putih-tanpa-biji,"Talas Bogor, Tahu, dan Jambu Biji Putih Tanpa Biji","Talas Bogor, Tahu, dan Jambu Biji Putih Tanpa Biji, komposisi unik Batch 8 dengan porsi berbasis TKPI.",breakfast,330.0,"1 porsi (330 g)",approved,0,"Tabel Komposisi Pangan Indonesia 2017",tkpi-weighted-v1,"Kandidat Batch 8. Makro, natrium, nama, dan komposisi diperiksa sebelum approval.",2026-07-28T13:38:38.707Z,2026-07-28T13:38:43.334Z,8
batch-08-005,batch-08-ubi-kuning-kacang-gude-dan-jambu-monyet,"Ubi Kuning, Kacang Gude, dan Jambu Monyet","Ubi Kuning, Kacang Gude, dan Jambu Monyet, komposisi unik Batch 8 dengan porsi berbasis TKPI.",breakfast,330.0,"1 porsi (330 g)",approved,0,"Tabel Komposisi Pangan Indonesia 2017",tkpi-weighted-v1,"Kandidat Batch 8. Makro, natrium, nama, dan komposisi diperiksa sebelum approval.",2026-07-28T13:38:38.708Z,2026-07-28T13:38:43.334Z,8
batch-08-006,batch-08-ubi-ungu-yoghurt-dan-embacang,"Ubi Ungu, Yoghurt, dan Embacang","Ubi Ungu, Yoghurt, dan Embacang, komposisi unik Batch 8 dengan porsi berbasis TKPI.",breakfast,370.0,"1 porsi (370 g)",approved,0,"Tabel Komposisi Pangan Indonesia 2017",tkpi-weighted-v1,"Kandidat Batch 8. Makro, natrium, nama, dan komposisi diperiksa sebelum approval.",2026-07-28T13:38:38.708Z,2026-07-28T13:38:43.334Z,8
batch-08-007,batch-08-singkong-kukus-kacang-tolo-dan-jeruk-keprok,"Singkong Kukus, Kacang Tolo, dan Jeruk Keprok","Singkong Kukus, Kacang Tolo, dan Jeruk Keprok, komposisi unik Batch 8 dengan porsi berbasis TKPI.",breakfast,330.0,"1 porsi (330 g)",approved,0,"Tabel Komposisi Pangan Indonesia 2017",tkpi-weighted-v1,"Kandidat Batch 8. Makro, natrium, nama, dan komposisi diperiksa sebelum approval.",2026-07-28T13:38:38.708Z,2026-07-28T13:38:43.334Z,8
batch-08-008,batch-08-jagung-rebus-kacang-merah-dan-kawista,"Jagung Rebus, Kacang Merah, dan Kawista","Jagung Rebus, Kacang Merah, dan Kawista, komposisi unik Batch 8 dengan porsi berbasis TKPI.",breakfast,300.0,"1 porsi (300 g)",approved,0,"Tabel Komposisi Pangan Indonesia 2017",tkpi-weighted-v1,"Kandidat Batch 8. Makro, natrium, nama, dan komposisi diperiksa sebelum approval.",2026-07-28T13:38:38.708Z,2026-07-28T13:38:43.334Z,8
batch-08-009,batch-08-jagung-pipil-kacang-merah-segar-dan-gandaria,"Jagung Pipil, Kacang Merah Segar, dan Gandaria","Jagung Pipil, Kacang Merah Segar, dan Gandaria, komposisi unik Batch 8 dengan porsi berbasis TKPI.",breakfast,300.0,"1 porsi (300 g)",approved,0,"Tabel Komposisi Pangan Indonesia 2017",tkpi-weighted-v1,"Kandidat Batch 8. Makro, natrium, nama, dan komposisi diperiksa sebelum approval.",2026-07-28T13:38:38.708Z,2026-07-28T13:38:43.334Z,8
batch-08-010,batch-08-roti-susu-skim-dan-erbis,"Roti, Susu Skim, dan Erbis","Roti, Susu Skim, dan Erbis, komposisi unik Batch 8 dengan porsi berbasis TKPI.",breakfast,360.0,"1 porsi (360 g)",approved,0,"Tabel Komposisi Pangan Indonesia 2017",tkpi-weighted-v1,"Kandidat Batch 8. Makro, natrium, nama, dan komposisi diperiksa sebelum approval.",2026-07-28T13:38:38.708Z,2026-07-28T13:38:43.334Z,8
batch-08-011,batch-08-ubi-kukus-kacang-gude-dan-jambu-biji-putih-tanpa-biji,"Ubi Kukus, Kacang Gude, dan Jambu Biji Putih Tanpa Biji","Ubi Kukus, Kacang Gude, dan Jambu Biji Putih Tanpa Biji, komposisi unik Batch 8 dengan porsi berbasis TKPI.",breakfast,330.0,"1 porsi (330 g)",approved,0,"Tabel Komposisi Pangan Indonesia 2017",tkpi-weighted-v1,"Kandidat Batch 8. Makro, natrium, nama, dan komposisi diperiksa sebelum approval.",2026-07-28T13:38:38.708Z,2026-07-28T13:38:43.334Z,8
batch-08-012,batch-08-ubi-rebus-tahu-dan-jambu-monyet,"Ubi Rebus, Tahu, dan Jambu Monyet","Ubi Rebus, Tahu, dan Jambu Monyet, komposisi unik Batch 8 dengan porsi berbasis TKPI.",breakfast,300.0,"1 porsi (300 g)",approved,0,"Tabel Komposisi Pangan Indonesia 2017",tkpi-weighted-v1,"Kandidat Batch 8. Makro, natrium, nama, dan komposisi diperiksa sebelum approval.",2026-07-28T13:38:38.708Z,2026-07-28T13:38:43.334Z,8
batch-08-013,batch-08-talas-belitung-yoghurt-dan-embacang,"Talas Belitung, Yoghurt, dan Embacang","Talas Belitung, Yoghurt, dan Embacang, komposisi unik Batch 8 dengan porsi berbasis TKPI.",breakfast,400.0,"1 porsi (400 g)",approved,0,"Tabel Komposisi Pangan Indonesia 2017",tkpi-weighted-v1,"Kandidat Batch 8. Makro, natrium, nama, dan komposisi diperiksa sebelum approval.",2026-07-28T13:38:38.708Z,2026-07-28T13:38:43.335Z,8
batch-08-014,batch-08-suweg-kukus-kacang-merah-dan-jeruk-keprok,"Suweg Kukus, Kacang Merah, dan Jeruk Keprok","Suweg Kukus, Kacang Merah, dan Jeruk Keprok, komposisi unik Batch 8 dengan porsi berbasis TKPI.",breakfast,330.0,"1 porsi (330 g)",approved,0,"Tabel Komposisi Pangan Indonesia 2017",tkpi-weighted-v1,"Kandidat Batch 8. Makro, natrium, nama, dan komposisi diperiksa sebelum approval.",2026-07-28T13:38:38.708Z,2026-07-28T13:38:43.335Z,8
batch-08-015,batch-08-ubi-gadung-kacang-tolo-dan-kawista,"Ubi Gadung, Kacang Tolo, dan Kawista","Ubi Gadung, Kacang Tolo, dan Kawista, komposisi unik Batch 8 dengan porsi berbasis TKPI.",breakfast,330.0,"1 porsi (330 g)",approved,0,"Tabel Komposisi Pangan Indonesia 2017",tkpi-weighted-v1,"Kandidat Batch 8. Makro, natrium, nama, dan komposisi diperiksa sebelum approval.",2026-07-28T13:38:38.708Z,2026-07-28T13:38:43.335Z,8
batch-08-016,batch-08-nasi-ayam-kalasan-bayam-merah-segar-dan-embacang,"Nasi, Ayam Kalasan, Bayam Merah Segar, dan Embacang","Nasi, Ayam Kalasan, Bayam Merah Segar, dan Embacang, komposisi unik Batch 8 dengan porsi berbasis TKPI.",lunch,500.0,"1 porsi (500 g)",approved,0,"Tabel Komposisi Pangan Indonesia 2017",tkpi-weighted-v1,"Kandidat Batch 8. Makro, natrium, nama, dan komposisi diperiksa sebelum approval.",2026-07-28T13:38:38.708Z,2026-07-28T13:38:43.335Z,8
batch-08-017,batch-08-nasi-merah-pepes-mujahir-bit-segar-dan-embacang,"Nasi Merah, Pepes Mujahir, Bit Segar, dan Embacang","Nasi Merah, Pepes Mujahir, Bit Segar, dan Embacang, komposisi unik Batch 8 dengan porsi berbasis TKPI.",lunch,510.0,"1 porsi (510 g)",approved,0,"Tabel Komposisi Pangan Indonesia 2017",tkpi-weighted-v1,"Kandidat Batch 8. Makro, natrium, nama, dan komposisi diperiksa sebelum approval.",2026-07-28T13:38:38.709Z,2026-07-28T13:38:43.335Z,8
batch-08-018,batch-08-nasi-ikan-baung-buncis-segar-dan-embacang,"Nasi, Ikan Baung, Buncis Segar, dan Embacang","Nasi, Ikan Baung, Buncis Segar, dan Embacang, komposisi unik Batch 8 dengan porsi berbasis TKPI.",lunch,510.0,"1 porsi (510 g)",approved,0,"Tabel Komposisi Pangan Indonesia 2017",tkpi-weighted-v1,"Kandidat Batch 8. Makro, natrium, nama, dan komposisi diperiksa sebelum approval.",2026-07-28T13:38:38.709Z,2026-07-28T13:38:43.335Z,8
batch-08-019,batch-08-nasi-merah-pepes-ikan-mas-bunga-pepaya-segar-dan-embacang,"Nasi Merah, Pepes Ikan Mas, Bunga Pepaya Segar, dan Embacang","Nasi Merah, Pepes Ikan Mas, Bunga Pepaya Segar, dan Embacang, komposisi unik Batch 8 dengan porsi berbasis TKPI.",lunch,500.0,"1 porsi (500 g)",approved,0,"Tabel Komposisi Pangan Indonesia 2017",tkpi-weighted-v1,"Kandidat Batch 8. Makro, natrium, nama, dan komposisi diperiksa sebelum approval.",2026-07-28T13:38:38.709Z,2026-07-28T13:38:43.335Z,8
batch-08-020,batch-08-nasi-ikan-papuyu-bunga-turi-segar-dan-embacang,"Nasi, Ikan Papuyu, Bunga Turi Segar, dan Embacang","Nasi, Ikan Papuyu, Bunga Turi Segar, dan Embacang, komposisi unik Batch 8 dengan porsi berbasis TKPI.",lunch,510.0,"1 porsi (510 g)",approved,0,"Tabel Komposisi Pangan Indonesia 2017",tkpi-weighted-v1,"Kandidat Batch 8. Makro, natrium, nama, dan komposisi diperiksa sebelum approval.",2026-07-28T13:38:38.709Z,2026-07-28T13:38:43.335Z,8
batch-08-021,batch-08-nasi-merah-ikan-patin-caisin-segar-dan-embacang,"Nasi Merah, Ikan Patin, Caisin Segar, dan Embacang","Nasi Merah, Ikan Patin, Caisin Segar, dan Embacang, komposisi unik Batch 8 dengan porsi berbasis TKPI.",lunch,510.0,"1 porsi (510 g)",approved,0,"Tabel Komposisi Pangan Indonesia 2017",tkpi-weighted-v1,"Kandidat Batch 8. Makro, natrium, nama, dan komposisi diperiksa sebelum approval.",2026-07-28T13:38:38.709Z,2026-07-28T13:38:43.335Z,8
batch-08-022,batch-08-nasi-cumi-daun-gelang-segar-dan-embacang,"Nasi, Cumi, Daun Gelang Segar, dan Embacang","Nasi, Cumi, Daun Gelang Segar, dan Embacang, komposisi unik Batch 8 dengan porsi berbasis TKPI.",lunch,500.0,"1 porsi (500 g)",approved,0,"Tabel Komposisi Pangan Indonesia 2017",tkpi-weighted-v1,"Kandidat Batch 8. Makro, natrium, nama, dan komposisi diperiksa sebelum approval.",2026-07-28T13:38:38.709Z,2026-07-28T13:38:43.335Z,8
batch-08-023,batch-08-nasi-merah-tahu-daun-katuk-segar-dan-embacang,"Nasi Merah, Tahu, Daun Katuk Segar, dan Embacang","Nasi Merah, Tahu, Daun Katuk Segar, dan Embacang, komposisi unik Batch 8 dengan porsi berbasis TKPI.",lunch,520.0,"1 porsi (520 g)",approved,0,"Tabel Komposisi Pangan Indonesia 2017",tkpi-weighted-v1,"Kandidat Batch 8. Makro, natrium, nama, dan komposisi diperiksa sebelum approval.",2026-07-28T13:38:38.709Z,2026-07-28T13:38:43.335Z,8
batch-08-024,batch-08-nasi-tempe-caisin-segar-dan-embacang,"Nasi, Tempe, Caisin Segar, dan Embacang","Nasi, Tempe, Caisin Segar, dan Embacang, komposisi unik Batch 8 dengan porsi berbasis TKPI.",lunch,480.0,"1 porsi (480 g)",approved,0,"Tabel Komposisi Pangan Indonesia 2017",tkpi-weighted-v1,"Kandidat Batch 8. Makro, natrium, nama, dan komposisi diperiksa sebelum approval.",2026-07-28T13:38:38.709Z,2026-07-28T13:38:43.335Z,8
batch-08-025,batch-08-nasi-merah-kacang-merah-daun-kelor-segar-dan-embacang,"Nasi Merah, Kacang Merah, Daun Kelor Segar, dan Embacang","Nasi Merah, Kacang Merah, Daun Kelor Segar, dan Embacang, komposisi unik Batch 8 dengan porsi berbasis TKPI.",lunch,520.0,"1 porsi (520 g)",approved,0,"Tabel Komposisi Pangan Indonesia 2017",tkpi-weighted-v1,"Kandidat Batch 8. Makro, natrium, nama, dan komposisi diperiksa sebelum approval.",2026-07-28T13:38:38.709Z,2026-07-28T13:38:43.335Z,8
batch-08-026,batch-08-nasi-kacang-merah-segar-bayam-merah-segar-dan-embacang,"Nasi, Kacang Merah Segar, Bayam Merah Segar, dan Embacang","Nasi, Kacang Merah Segar, Bayam Merah Segar, dan Embacang, komposisi unik Batch 8 dengan porsi berbasis TKPI.",lunch,520.0,"1 porsi (520 g)",approved,0,"Tabel Komposisi Pangan Indonesia 2017",tkpi-weighted-v1,"Kandidat Batch 8. Makro, natrium, nama, dan komposisi diperiksa sebelum approval.",2026-07-28T13:38:38.709Z,2026-07-28T13:38:43.335Z,8
batch-08-027,batch-08-nasi-merah-kacang-tolo-bit-segar-dan-embacang,"Nasi Merah, Kacang Tolo, Bit Segar, dan Embacang","Nasi Merah, Kacang Tolo, Bit Segar, dan Embacang, komposisi unik Batch 8 dengan porsi berbasis TKPI.",lunch,520.0,"1 porsi (520 g)",approved,0,"Tabel Komposisi Pangan Indonesia 2017",tkpi-weighted-v1,"Kandidat Batch 8. Makro, natrium, nama, dan komposisi diperiksa sebelum approval.",2026-07-28T13:38:38.709Z,2026-07-28T13:38:43.335Z,8
batch-08-028,batch-08-nasi-kacang-gude-buncis-segar-dan-embacang,"Nasi, Kacang Gude, Buncis Segar, dan Embacang","Nasi, Kacang Gude, Buncis Segar, dan Embacang, komposisi unik Batch 8 dengan porsi berbasis TKPI.",lunch,520.0,"1 porsi (520 g)",approved,0,"Tabel Komposisi Pangan Indonesia 2017",tkpi-weighted-v1,"Kandidat Batch 8. Makro, natrium, nama, dan komposisi diperiksa sebelum approval.",2026-07-28T13:38:38.709Z,2026-07-28T13:38:43.335Z,8
batch-08-029,batch-08-nasi-merah-mujahir-goreng-bunga-pepaya-segar-dan-embacang,"Nasi Merah, Mujahir Goreng, Bunga Pepaya Segar, dan Embacang","Nasi Merah, Mujahir Goreng, Bunga Pepaya Segar, dan Embacang, komposisi unik Batch 8 dengan porsi berbasis TKPI.",lunch,480.0,"1 porsi (480 g)",approved,0,"Tabel Komposisi Pangan Indonesia 2017",tkpi-weighted-v1,"Kandidat Batch 8. Makro, natrium, nama, dan komposisi diperiksa sebelum approval.",2026-07-28T13:38:38.709Z,2026-07-28T13:38:43.335Z,8
batch-08-030,batch-08-nasi-bebek-goreng-bunga-turi-segar-dan-embacang,"Nasi, Bebek Goreng, Bunga Turi Segar, dan Embacang","Nasi, Bebek Goreng, Bunga Turi Segar, dan Embacang, komposisi unik Batch 8 dengan porsi berbasis TKPI.",lunch,490.0,"1 porsi (490 g)",approved,0,"Tabel Komposisi Pangan Indonesia 2017",tkpi-weighted-v1,"Kandidat Batch 8. Makro, natrium, nama, dan komposisi diperiksa sebelum approval.",2026-07-28T13:38:38.710Z,2026-07-28T13:38:43.335Z,8
batch-08-031,batch-08-nasi-merah-ikan-lais-daun-gelang-segar-dan-embacang,"Nasi Merah, Ikan Lais, Daun Gelang Segar, dan Embacang","Nasi Merah, Ikan Lais, Daun Gelang Segar, dan Embacang, komposisi unik Batch 8 dengan porsi berbasis TKPI.",lunch,510.0,"1 porsi (510 g)",approved,0,"Tabel Komposisi Pangan Indonesia 2017",tkpi-weighted-v1,"Kandidat Batch 8. Makro, natrium, nama, dan komposisi diperiksa sebelum approval.",2026-07-28T13:38:38.710Z,2026-07-28T13:38:43.335Z,8
batch-08-032,batch-08-nasi-kedelai-rebus-daun-katuk-segar-dan-embacang,"Nasi, Kedelai Rebus, Daun Katuk Segar, dan Embacang","Nasi, Kedelai Rebus, Daun Katuk Segar, dan Embacang, komposisi unik Batch 8 dengan porsi berbasis TKPI.",lunch,500.0,"1 porsi (500 g)",approved,0,"Tabel Komposisi Pangan Indonesia 2017",tkpi-weighted-v1,"Kandidat Batch 8. Makro, natrium, nama, dan komposisi diperiksa sebelum approval.",2026-07-28T13:38:38.710Z,2026-07-28T13:38:43.335Z,8
batch-08-033,batch-08-nasi-merah-kacang-belimbing-daun-kelor-segar-dan-embacang,"Nasi Merah, Kacang Belimbing, Daun Kelor Segar, dan Embacang","Nasi Merah, Kacang Belimbing, Daun Kelor Segar, dan Embacang, komposisi unik Batch 8 dengan porsi berbasis TKPI.",lunch,500.0,"1 porsi (500 g)",approved,0,"Tabel Komposisi Pangan Indonesia 2017",tkpi-weighted-v1,"Kandidat Batch 8. Makro, natrium, nama, dan komposisi diperiksa sebelum approval.",2026-07-28T13:38:38.710Z,2026-07-28T13:38:43.336Z,8
batch-08-034,batch-08-nasi-merah-ayam-kalasan-bit-segar-dan-jeruk-keprok,"Nasi Merah, Ayam Kalasan, Bit Segar, dan Jeruk Keprok","Nasi Merah, Ayam Kalasan, Bit Segar, dan Jeruk Keprok, komposisi unik Batch 8 dengan porsi berbasis TKPI.",dinner,505.0,"1 porsi (505 g)",approved,0,"Tabel Komposisi Pangan Indonesia 2017",tkpi-weighted-v1,"Kandidat Batch 8. Makro, natrium, nama, dan komposisi diperiksa sebelum approval.",2026-07-28T13:38:38.710Z,2026-07-28T13:38:43.336Z,8
batch-08-035,batch-08-nasi-pepes-mujahir-buncis-segar-dan-jeruk-keprok,"Nasi, Pepes Mujahir, Buncis Segar, dan Jeruk Keprok","Nasi, Pepes Mujahir, Buncis Segar, dan Jeruk Keprok, komposisi unik Batch 8 dengan porsi berbasis TKPI.",dinner,515.0,"1 porsi (515 g)",approved,0,"Tabel Komposisi Pangan Indonesia 2017",tkpi-weighted-v1,"Kandidat Batch 8. Makro, natrium, nama, dan komposisi diperiksa sebelum approval.",2026-07-28T13:38:38.710Z,2026-07-28T13:38:43.336Z,8
batch-08-036,batch-08-nasi-merah-ikan-baung-bunga-pepaya-segar-dan-jeruk-keprok,"Nasi Merah, Ikan Baung, Bunga Pepaya Segar, dan Jeruk Keprok","Nasi Merah, Ikan Baung, Bunga Pepaya Segar, dan Jeruk Keprok, komposisi unik Batch 8 dengan porsi berbasis TKPI.",dinner,515.0,"1 porsi (515 g)",approved,0,"Tabel Komposisi Pangan Indonesia 2017",tkpi-weighted-v1,"Kandidat Batch 8. Makro, natrium, nama, dan komposisi diperiksa sebelum approval.",2026-07-28T13:38:38.710Z,2026-07-28T13:38:43.336Z,8
batch-08-037,batch-08-nasi-pepes-ikan-mas-bunga-turi-segar-dan-jeruk-keprok,"Nasi, Pepes Ikan Mas, Bunga Turi Segar, dan Jeruk Keprok","Nasi, Pepes Ikan Mas, Bunga Turi Segar, dan Jeruk Keprok, komposisi unik Batch 8 dengan porsi berbasis TKPI.",dinner,505.0,"1 porsi (505 g)",approved,0,"Tabel Komposisi Pangan Indonesia 2017",tkpi-weighted-v1,"Kandidat Batch 8. Makro, natrium, nama, dan komposisi diperiksa sebelum approval.",2026-07-28T13:38:38.710Z,2026-07-28T13:38:43.336Z,8
batch-08-038,batch-08-nasi-merah-ikan-papuyu-caisin-segar-dan-jeruk-keprok,"Nasi Merah, Ikan Papuyu, Caisin Segar, dan Jeruk Keprok","Nasi Merah, Ikan Papuyu, Caisin Segar, dan Jeruk Keprok, komposisi unik Batch 8 dengan porsi berbasis TKPI.",dinner,515.0,"1 porsi (515 g)",approved,0,"Tabel Komposisi Pangan Indonesia 2017",tkpi-weighted-v1,"Kandidat Batch 8. Makro, natrium, nama, dan komposisi diperiksa sebelum approval.",2026-07-28T13:38:38.710Z,2026-07-28T13:38:43.336Z,8
batch-08-039,batch-08-nasi-ikan-patin-daun-gelang-segar-dan-jeruk-keprok,"Nasi, Ikan Patin, Daun Gelang Segar, dan Jeruk Keprok","Nasi, Ikan Patin, Daun Gelang Segar, dan Jeruk Keprok, komposisi unik Batch 8 dengan porsi berbasis TKPI.",dinner,515.0,"1 porsi (515 g)",approved,0,"Tabel Komposisi Pangan Indonesia 2017",tkpi-weighted-v1,"Kandidat Batch 8. Makro, natrium, nama, dan komposisi diperiksa sebelum approval.",2026-07-28T13:38:38.710Z,2026-07-28T13:38:43.336Z,8
batch-08-040,batch-08-nasi-merah-cumi-daun-katuk-segar-dan-jeruk-keprok,"Nasi Merah, Cumi, Daun Katuk Segar, dan Jeruk Keprok","Nasi Merah, Cumi, Daun Katuk Segar, dan Jeruk Keprok, komposisi unik Batch 8 dengan porsi berbasis TKPI.",dinner,505.0,"1 porsi (505 g)",approved,0,"Tabel Komposisi Pangan Indonesia 2017",tkpi-weighted-v1,"Kandidat Batch 8. Makro, natrium, nama, dan komposisi diperiksa sebelum approval.",2026-07-28T13:38:38.710Z,2026-07-28T13:38:43.336Z,8
batch-08-041,batch-08-nasi-tahu-bayam-merah-segar-dan-jeruk-keprok,"Nasi, Tahu, Bayam Merah Segar, dan Jeruk Keprok","Nasi, Tahu, Bayam Merah Segar, dan Jeruk Keprok, komposisi unik Batch 8 dengan porsi berbasis TKPI.",dinner,525.0,"1 porsi (525 g)",approved,0,"Tabel Komposisi Pangan Indonesia 2017",tkpi-weighted-v1,"Kandidat Batch 8. Makro, natrium, nama, dan komposisi diperiksa sebelum approval.",2026-07-28T13:38:38.711Z,2026-07-28T13:38:43.336Z,8
batch-08-042,batch-08-nasi-merah-tempe-caisin-segar-dan-jeruk-keprok,"Nasi Merah, Tempe, Caisin Segar, dan Jeruk Keprok","Nasi Merah, Tempe, Caisin Segar, dan Jeruk Keprok, komposisi unik Batch 8 dengan porsi berbasis TKPI.",dinner,485.0,"1 porsi (485 g)",approved,0,"Tabel Komposisi Pangan Indonesia 2017",tkpi-weighted-v1,"Kandidat Batch 8. Makro, natrium, nama, dan komposisi diperiksa sebelum approval.",2026-07-28T13:38:38.711Z,2026-07-28T13:38:43.336Z,8
batch-08-043,batch-08-nasi-kacang-merah-daun-kelor-segar-dan-jeruk-keprok,"Nasi, Kacang Merah, Daun Kelor Segar, dan Jeruk Keprok","Nasi, Kacang Merah, Daun Kelor Segar, dan Jeruk Keprok, komposisi unik Batch 8 dengan porsi berbasis TKPI.",dinner,525.0,"1 porsi (525 g)",approved,0,"Tabel Komposisi Pangan Indonesia 2017",tkpi-weighted-v1,"Kandidat Batch 8. Makro, natrium, nama, dan komposisi diperiksa sebelum approval.",2026-07-28T13:38:38.711Z,2026-07-28T13:38:43.336Z,8
batch-08-044,batch-08-nasi-merah-kacang-merah-segar-bit-segar-dan-jeruk-keprok,"Nasi Merah, Kacang Merah Segar, Bit Segar, dan Jeruk Keprok","Nasi Merah, Kacang Merah Segar, Bit Segar, dan Jeruk Keprok, komposisi unik Batch 8 dengan porsi berbasis TKPI.",dinner,525.0,"1 porsi (525 g)",approved,0,"Tabel Komposisi Pangan Indonesia 2017",tkpi-weighted-v1,"Kandidat Batch 8. Makro, natrium, nama, dan komposisi diperiksa sebelum approval.",2026-07-28T13:38:38.711Z,2026-07-28T13:38:43.337Z,8
batch-08-045,batch-08-nasi-kacang-tolo-buncis-segar-dan-jeruk-keprok,"Nasi, Kacang Tolo, Buncis Segar, dan Jeruk Keprok","Nasi, Kacang Tolo, Buncis Segar, dan Jeruk Keprok, komposisi unik Batch 8 dengan porsi berbasis TKPI.",dinner,525.0,"1 porsi (525 g)",approved,0,"Tabel Komposisi Pangan Indonesia 2017",tkpi-weighted-v1,"Kandidat Batch 8. Makro, natrium, nama, dan komposisi diperiksa sebelum approval.",2026-07-28T13:38:38.711Z,2026-07-28T13:38:43.337Z,8
batch-08-046,batch-08-nasi-merah-kacang-gude-bunga-pepaya-segar-dan-jeruk-keprok,"Nasi Merah, Kacang Gude, Bunga Pepaya Segar, dan Jeruk Keprok","Nasi Merah, Kacang Gude, Bunga Pepaya Segar, dan Jeruk Keprok, komposisi unik Batch 8 dengan porsi berbasis TKPI.",dinner,525.0,"1 porsi (525 g)",approved,0,"Tabel Komposisi Pangan Indonesia 2017",tkpi-weighted-v1,"Kandidat Batch 8. Makro, natrium, nama, dan komposisi diperiksa sebelum approval.",2026-07-28T13:38:38.711Z,2026-07-28T13:38:43.337Z,8
batch-08-047,batch-08-nasi-mujahir-goreng-bunga-turi-segar-dan-jeruk-keprok,"Nasi, Mujahir Goreng, Bunga Turi Segar, dan Jeruk Keprok","Nasi, Mujahir Goreng, Bunga Turi Segar, dan Jeruk Keprok, komposisi unik Batch 8 dengan porsi berbasis TKPI.",dinner,485.0,"1 porsi (485 g)",approved,0,"Tabel Komposisi Pangan Indonesia 2017",tkpi-weighted-v1,"Kandidat Batch 8. Makro, natrium, nama, dan komposisi diperiksa sebelum approval.",2026-07-28T13:38:38.711Z,2026-07-28T13:38:43.337Z,8
batch-08-048,batch-08-nasi-merah-bebek-goreng-daun-gelang-segar-dan-jeruk-keprok,"Nasi Merah, Bebek Goreng, Daun Gelang Segar, dan Jeruk Keprok","Nasi Merah, Bebek Goreng, Daun Gelang Segar, dan Jeruk Keprok, komposisi unik Batch 8 dengan porsi berbasis TKPI.",dinner,495.0,"1 porsi (495 g)",approved,0,"Tabel Komposisi Pangan Indonesia 2017",tkpi-weighted-v1,"Kandidat Batch 8. Makro, natrium, nama, dan komposisi diperiksa sebelum approval.",2026-07-28T13:38:38.711Z,2026-07-28T13:38:43.337Z,8
batch-08-049,batch-08-nasi-ikan-lais-daun-katuk-segar-dan-jeruk-keprok,"Nasi, Ikan Lais, Daun Katuk Segar, dan Jeruk Keprok","Nasi, Ikan Lais, Daun Katuk Segar, dan Jeruk Keprok, komposisi unik Batch 8 dengan porsi berbasis TKPI.",dinner,515.0,"1 porsi (515 g)",approved,0,"Tabel Komposisi Pangan Indonesia 2017",tkpi-weighted-v1,"Kandidat Batch 8. Makro, natrium, nama, dan komposisi diperiksa sebelum approval.",2026-07-28T13:38:38.711Z,2026-07-28T13:38:43.337Z,8
batch-08-050,batch-08-nasi-merah-kedelai-rebus-daun-kelor-segar-dan-jeruk-keprok,"Nasi Merah, Kedelai Rebus, Daun Kelor Segar, dan Jeruk Keprok","Nasi Merah, Kedelai Rebus, Daun Kelor Segar, dan Jeruk Keprok, komposisi unik Batch 8 dengan porsi berbasis TKPI.",dinner,505.0,"1 porsi (505 g)",approved,0,"Tabel Komposisi Pangan Indonesia 2017",tkpi-weighted-v1,"Kandidat Batch 8. Makro, natrium, nama, dan komposisi diperiksa sebelum approval.",2026-07-28T13:38:38.711Z,2026-07-28T13:38:43.337Z,8
batch-08-051,batch-08-nasi-kacang-belimbing-bayam-merah-segar-dan-jeruk-keprok,"Nasi, Kacang Belimbing, Bayam Merah Segar, dan Jeruk Keprok","Nasi, Kacang Belimbing, Bayam Merah Segar, dan Jeruk Keprok, komposisi unik Batch 8 dengan porsi berbasis TKPI.",dinner,505.0,"1 porsi (505 g)",approved,0,"Tabel Komposisi Pangan Indonesia 2017",tkpi-weighted-v1,"Kandidat Batch 8. Makro, natrium, nama, dan komposisi diperiksa sebelum approval.",2026-07-28T13:38:38.712Z,2026-07-28T13:38:43.337Z,8
batch-08-052,batch-08-yoghurt-dan-embacang,"Yoghurt dan Embacang","Yoghurt dan Embacang, komposisi unik Batch 8 dengan porsi berbasis TKPI.",snack,250.0,"1 porsi (250 g)",approved,0,"Tabel Komposisi Pangan Indonesia 2017",tkpi-weighted-v1,"Kandidat Batch 8. Makro, natrium, nama, dan komposisi diperiksa sebelum approval.",2026-07-28T13:38:38.712Z,2026-07-28T13:38:43.338Z,8
batch-08-053,batch-08-yoghurt-dan-jeruk-keprok,"Yoghurt dan Jeruk Keprok","Yoghurt dan Jeruk Keprok, komposisi unik Batch 8 dengan porsi berbasis TKPI.",snack,250.0,"1 porsi (250 g)",approved,0,"Tabel Komposisi Pangan Indonesia 2017",tkpi-weighted-v1,"Kandidat Batch 8. Makro, natrium, nama, dan komposisi diperiksa sebelum approval.",2026-07-28T13:38:38.712Z,2026-07-28T13:38:43.338Z,8
batch-08-054,batch-08-ubi-ungu-dan-kawista,"Ubi Ungu dan Kawista","Ubi Ungu dan Kawista, komposisi unik Batch 8 dengan porsi berbasis TKPI.",snack,200.0,"1 porsi (200 g)",approved,0,"Tabel Komposisi Pangan Indonesia 2017",tkpi-weighted-v1,"Kandidat Batch 8. Makro, natrium, nama, dan komposisi diperiksa sebelum approval.",2026-07-28T13:38:38.712Z,2026-07-28T13:38:43.338Z,8
batch-08-055,batch-08-talas-bogor-dan-gandaria,"Talas Bogor dan Gandaria","Talas Bogor dan Gandaria, komposisi unik Batch 8 dengan porsi berbasis TKPI.",snack,180.0,"1 porsi (180 g)",approved,0,"Tabel Komposisi Pangan Indonesia 2017",tkpi-weighted-v1,"Kandidat Batch 8. Makro, natrium, nama, dan komposisi diperiksa sebelum approval.",2026-07-28T13:38:38.712Z,2026-07-28T13:38:43.338Z,8
batch-08-056,batch-08-kacang-merah-dan-jambu-biji-putih-tanpa-biji,"Kacang Merah dan Jambu Biji Putih Tanpa Biji","Kacang Merah dan Jambu Biji Putih Tanpa Biji, komposisi unik Batch 8 dengan porsi berbasis TKPI.",snack,170.0,"1 porsi (170 g)",approved,0,"Tabel Komposisi Pangan Indonesia 2017",tkpi-weighted-v1,"Kandidat Batch 8. Makro, natrium, nama, dan komposisi diperiksa sebelum approval.",2026-07-28T13:38:38.712Z,2026-07-28T13:38:43.338Z,8
batch-08-057,batch-08-kacang-merah-segar-dan-jambu-monyet,"Kacang Merah Segar dan Jambu Monyet","Kacang Merah Segar dan Jambu Monyet, komposisi unik Batch 8 dengan porsi berbasis TKPI.",snack,160.0,"1 porsi (160 g)",approved,0,"Tabel Komposisi Pangan Indonesia 2017",tkpi-weighted-v1,"Kandidat Batch 8. Makro, natrium, nama, dan komposisi diperiksa sebelum approval.",2026-07-28T13:38:38.712Z,2026-07-28T13:38:43.338Z,8
batch-08-058,batch-08-jagung-rebus-dan-daging-kelapa-muda,"Jagung Rebus dan Daging Kelapa Muda","Jagung Rebus dan Daging Kelapa Muda, komposisi unik Batch 8 dengan porsi berbasis TKPI.",snack,200.0,"1 porsi (200 g)",approved,0,"Tabel Komposisi Pangan Indonesia 2017",tkpi-weighted-v1,"Kandidat Batch 8. Makro, natrium, nama, dan komposisi diperiksa sebelum approval.",2026-07-28T13:38:38.713Z,2026-07-28T13:38:43.338Z,8
batch-08-059,batch-08-ubi-kukus-dan-embacang,"Ubi Kukus dan Embacang","Ubi Kukus dan Embacang, komposisi unik Batch 8 dengan porsi berbasis TKPI.",snack,230.0,"1 porsi (230 g)",approved,0,"Tabel Komposisi Pangan Indonesia 2017",tkpi-weighted-v1,"Kandidat Batch 8. Makro, natrium, nama, dan komposisi diperiksa sebelum approval.",2026-07-28T13:38:38.713Z,2026-07-28T13:38:43.338Z,8
batch-08-060,batch-08-tahu-dan-jeruk-keprok,"Tahu dan Jeruk Keprok","Tahu dan Jeruk Keprok, komposisi unik Batch 8 dengan porsi berbasis TKPI.",snack,180.0,"1 porsi (180 g)",approved,0,"Tabel Komposisi Pangan Indonesia 2017",tkpi-weighted-v1,"Kandidat Batch 8. Makro, natrium, nama, dan komposisi diperiksa sebelum approval.",2026-07-28T13:38:38.713Z,2026-07-28T13:38:43.338Z,8
batch-09-001,batch-09-talas-belitung-kacang-merah-dan-mangga-manalagi,"Talas Belitung, Kacang Merah, dan Mangga Manalagi","Talas Belitung, Kacang Merah, dan Mangga Manalagi, komposisi unik Batch 9 dengan porsi berbasis TKPI.",breakfast,330.0,"1 porsi (330 g)",approved,0,"Tabel Komposisi Pangan Indonesia 2017",tkpi-weighted-v1,"Kandidat Batch 9. Makro, natrium, nama, dan komposisi diperiksa sebelum approval.",2026-07-28T13:44:20.077Z,2026-07-28T13:44:23.209Z,9
batch-09-002,batch-09-ubi-gadung-kacang-merah-segar-dan-mangga-kwini,"Ubi Gadung, Kacang Merah Segar, dan Mangga Kwini","Ubi Gadung, Kacang Merah Segar, dan Mangga Kwini, komposisi unik Batch 9 dengan porsi berbasis TKPI.",breakfast,330.0,"1 porsi (330 g)",approved,0,"Tabel Komposisi Pangan Indonesia 2017",tkpi-weighted-v1,"Kandidat Batch 9. Makro, natrium, nama, dan komposisi diperiksa sebelum approval.",2026-07-28T13:44:20.078Z,2026-07-28T13:44:23.209Z,9
batch-09-003,batch-09-suweg-kukus-kacang-tolo-dan-kokosan,"Suweg Kukus, Kacang Tolo, dan Kokosan","Suweg Kukus, Kacang Tolo, dan Kokosan, komposisi unik Batch 9 dengan porsi berbasis TKPI.",breakfast,330.0,"1 porsi (330 g)",approved,0,"Tabel Komposisi Pangan Indonesia 2017",tkpi-weighted-v1,"Kandidat Batch 9. Makro, natrium, nama, dan komposisi diperiksa sebelum approval.",2026-07-28T13:44:20.078Z,2026-07-28T13:44:23.209Z,9
batch-09-004,batch-09-talas-bogor-tahu-dan-mangga-gedung,"Talas Bogor, Tahu, dan Mangga Gedung","Talas Bogor, Tahu, dan Mangga Gedung, komposisi unik Batch 9 dengan porsi berbasis TKPI.",breakfast,330.0,"1 porsi (330 g)",approved,0,"Tabel Komposisi Pangan Indonesia 2017",tkpi-weighted-v1,"Kandidat Batch 9. Makro, natrium, nama, dan komposisi diperiksa sebelum approval.",2026-07-28T13:44:20.078Z,2026-07-28T13:44:23.209Z,9
batch-09-005,batch-09-ubi-kuning-kacang-gude-dan-mangga-golek,"Ubi Kuning, Kacang Gude, dan Mangga Golek","Ubi Kuning, Kacang Gude, dan Mangga Golek, komposisi unik Batch 9 dengan porsi berbasis TKPI.",breakfast,330.0,"1 porsi (330 g)",approved,0,"Tabel Komposisi Pangan Indonesia 2017",tkpi-weighted-v1,"Kandidat Batch 9. Makro, natrium, nama, dan komposisi diperiksa sebelum approval.",2026-07-28T13:44:20.078Z,2026-07-28T13:44:23.209Z,9
batch-09-006,batch-09-ubi-ungu-yoghurt-dan-kemang,"Ubi Ungu, Yoghurt, dan Kemang","Ubi Ungu, Yoghurt, dan Kemang, komposisi unik Batch 9 dengan porsi berbasis TKPI.",breakfast,370.0,"1 porsi (370 g)",approved,0,"Tabel Komposisi Pangan Indonesia 2017",tkpi-weighted-v1,"Kandidat Batch 9. Makro, natrium, nama, dan komposisi diperiksa sebelum approval.",2026-07-28T13:44:20.078Z,2026-07-28T13:44:23.209Z,9
batch-09-007,batch-09-singkong-kukus-kacang-tolo-dan-mangga-benggala,"Singkong Kukus, Kacang Tolo, dan Mangga Benggala","Singkong Kukus, Kacang Tolo, dan Mangga Benggala, komposisi unik Batch 9 dengan porsi berbasis TKPI.",breakfast,330.0,"1 porsi (330 g)",approved,0,"Tabel Komposisi Pangan Indonesia 2017",tkpi-weighted-v1,"Kandidat Batch 9. Makro, natrium, nama, dan komposisi diperiksa sebelum approval.",2026-07-28T13:44:20.078Z,2026-07-28T13:44:23.209Z,9
batch-09-008,batch-09-jagung-rebus-kacang-merah-dan-mangga-manalagi,"Jagung Rebus, Kacang Merah, dan Mangga Manalagi","Jagung Rebus, Kacang Merah, dan Mangga Manalagi, komposisi unik Batch 9 dengan porsi berbasis TKPI.",breakfast,300.0,"1 porsi (300 g)",approved,0,"Tabel Komposisi Pangan Indonesia 2017",tkpi-weighted-v1,"Kandidat Batch 9. Makro, natrium, nama, dan komposisi diperiksa sebelum approval.",2026-07-28T13:44:20.079Z,2026-07-28T13:44:23.209Z,9
batch-09-009,batch-09-jagung-pipil-kacang-merah-segar-dan-mangga-kwini,"Jagung Pipil, Kacang Merah Segar, dan Mangga Kwini","Jagung Pipil, Kacang Merah Segar, dan Mangga Kwini, komposisi unik Batch 9 dengan porsi berbasis TKPI.",breakfast,300.0,"1 porsi (300 g)",approved,0,"Tabel Komposisi Pangan Indonesia 2017",tkpi-weighted-v1,"Kandidat Batch 9. Makro, natrium, nama, dan komposisi diperiksa sebelum approval.",2026-07-28T13:44:20.079Z,2026-07-28T13:44:23.209Z,9
batch-09-010,batch-09-roti-susu-skim-dan-kokosan,"Roti, Susu Skim, dan Kokosan","Roti, Susu Skim, dan Kokosan, komposisi unik Batch 9 dengan porsi berbasis TKPI.",breakfast,360.0,"1 porsi (360 g)",approved,0,"Tabel Komposisi Pangan Indonesia 2017",tkpi-weighted-v1,"Kandidat Batch 9. Makro, natrium, nama, dan komposisi diperiksa sebelum approval.",2026-07-28T13:44:20.079Z,2026-07-28T13:44:23.210Z,9
batch-09-011,batch-09-ubi-kukus-kacang-gude-dan-mangga-gedung,"Ubi Kukus, Kacang Gude, dan Mangga Gedung","Ubi Kukus, Kacang Gude, dan Mangga Gedung, komposisi unik Batch 9 dengan porsi berbasis TKPI.",breakfast,330.0,"1 porsi (330 g)",approved,0,"Tabel Komposisi Pangan Indonesia 2017",tkpi-weighted-v1,"Kandidat Batch 9. Makro, natrium, nama, dan komposisi diperiksa sebelum approval.",2026-07-28T13:44:20.079Z,2026-07-28T13:44:23.210Z,9
batch-09-012,batch-09-ubi-rebus-tahu-dan-mangga-golek,"Ubi Rebus, Tahu, dan Mangga Golek","Ubi Rebus, Tahu, dan Mangga Golek, komposisi unik Batch 9 dengan porsi berbasis TKPI.",breakfast,300.0,"1 porsi (300 g)",approved,0,"Tabel Komposisi Pangan Indonesia 2017",tkpi-weighted-v1,"Kandidat Batch 9. Makro, natrium, nama, dan komposisi diperiksa sebelum approval.",2026-07-28T13:44:20.079Z,2026-07-28T13:44:23.210Z,9
batch-09-013,batch-09-talas-belitung-yoghurt-dan-kemang,"Talas Belitung, Yoghurt, dan Kemang","Talas Belitung, Yoghurt, dan Kemang, komposisi unik Batch 9 dengan porsi berbasis TKPI.",breakfast,400.0,"1 porsi (400 g)",approved,0,"Tabel Komposisi Pangan Indonesia 2017",tkpi-weighted-v1,"Kandidat Batch 9. Makro, natrium, nama, dan komposisi diperiksa sebelum approval.",2026-07-28T13:44:20.079Z,2026-07-28T13:44:23.210Z,9
batch-09-014,batch-09-suweg-kukus-kacang-merah-dan-mangga-benggala,"Suweg Kukus, Kacang Merah, dan Mangga Benggala","Suweg Kukus, Kacang Merah, dan Mangga Benggala, komposisi unik Batch 9 dengan porsi berbasis TKPI.",breakfast,330.0,"1 porsi (330 g)",approved,0,"Tabel Komposisi Pangan Indonesia 2017",tkpi-weighted-v1,"Kandidat Batch 9. Makro, natrium, nama, dan komposisi diperiksa sebelum approval.",2026-07-28T13:44:20.079Z,2026-07-28T13:44:23.210Z,9
batch-09-015,batch-09-ubi-gadung-kacang-tolo-dan-mangga-manalagi,"Ubi Gadung, Kacang Tolo, dan Mangga Manalagi","Ubi Gadung, Kacang Tolo, dan Mangga Manalagi, komposisi unik Batch 9 dengan porsi berbasis TKPI.",breakfast,330.0,"1 porsi (330 g)",approved,0,"Tabel Komposisi Pangan Indonesia 2017",tkpi-weighted-v1,"Kandidat Batch 9. Makro, natrium, nama, dan komposisi diperiksa sebelum approval.",2026-07-28T13:44:20.079Z,2026-07-28T13:44:23.210Z,9
batch-09-016,batch-09-nasi-ayam-kalasan-daun-kecipir-segar-dan-kemang,"Nasi, Ayam Kalasan, Daun Kecipir Segar, dan Kemang","Nasi, Ayam Kalasan, Daun Kecipir Segar, dan Kemang, komposisi unik Batch 9 dengan porsi berbasis TKPI.",lunch,500.0,"1 porsi (500 g)",approved,0,"Tabel Komposisi Pangan Indonesia 2017",tkpi-weighted-v1,"Kandidat Batch 9. Makro, natrium, nama, dan komposisi diperiksa sebelum approval.",2026-07-28T13:44:20.079Z,2026-07-28T13:44:23.210Z,9
batch-09-017,batch-09-nasi-merah-pepes-mujahir-daun-kemang-segar-dan-kemang,"Nasi Merah, Pepes Mujahir, Daun Kemang Segar, dan Kemang","Nasi Merah, Pepes Mujahir, Daun Kemang Segar, dan Kemang, komposisi unik Batch 9 dengan porsi berbasis TKPI.",lunch,510.0,"1 porsi (510 g)",approved,0,"Tabel Komposisi Pangan Indonesia 2017",tkpi-weighted-v1,"Kandidat Batch 9. Makro, natrium, nama, dan komposisi diperiksa sebelum approval.",2026-07-28T13:44:20.079Z,2026-07-28T13:44:23.210Z,9
batch-09-018,batch-09-nasi-ikan-baung-daun-kenikir-segar-dan-kemang,"Nasi, Ikan Baung, Daun Kenikir Segar, dan Kemang","Nasi, Ikan Baung, Daun Kenikir Segar, dan Kemang, komposisi unik Batch 9 dengan porsi berbasis TKPI.",lunch,510.0,"1 porsi (510 g)",approved,0,"Tabel Komposisi Pangan Indonesia 2017",tkpi-weighted-v1,"Kandidat Batch 9. Makro, natrium, nama, dan komposisi diperiksa sebelum approval.",2026-07-28T13:44:20.079Z,2026-07-28T13:44:23.210Z,9
batch-09-019,batch-09-nasi-merah-pepes-ikan-mas-daun-kesum-segar-dan-kemang,"Nasi Merah, Pepes Ikan Mas, Daun Kesum Segar, dan Kemang","Nasi Merah, Pepes Ikan Mas, Daun Kesum Segar, dan Kemang, komposisi unik Batch 9 dengan porsi berbasis TKPI.",lunch,500.0,"1 porsi (500 g)",approved,0,"Tabel Komposisi Pangan Indonesia 2017",tkpi-weighted-v1,"Kandidat Batch 9. Makro, natrium, nama, dan komposisi diperiksa sebelum approval.",2026-07-28T13:44:20.080Z,2026-07-28T13:44:23.210Z,9
batch-09-020,batch-09-nasi-ikan-papuyu-daun-kubis-segar-dan-kemang,"Nasi, Ikan Papuyu, Daun Kubis Segar, dan Kemang","Nasi, Ikan Papuyu, Daun Kubis Segar, dan Kemang, komposisi unik Batch 9 dengan porsi berbasis TKPI.",lunch,510.0,"1 porsi (510 g)",approved,0,"Tabel Komposisi Pangan Indonesia 2017",tkpi-weighted-v1,"Kandidat Batch 9. Makro, natrium, nama, dan komposisi diperiksa sebelum approval.",2026-07-28T13:44:20.080Z,2026-07-28T13:44:23.210Z,9
batch-09-021,batch-09-nasi-merah-ikan-patin-daun-labu-waluh-segar-dan-kemang,"Nasi Merah, Ikan Patin, Daun Labu Waluh Segar, dan Kemang","Nasi Merah, Ikan Patin, Daun Labu Waluh Segar, dan Kemang, komposisi unik Batch 9 dengan porsi berbasis TKPI.",lunch,510.0,"1 porsi (510 g)",approved,0,"Tabel Komposisi Pangan Indonesia 2017",tkpi-weighted-v1,"Kandidat Batch 9. Makro, natrium, nama, dan komposisi diperiksa sebelum approval.",2026-07-28T13:44:20.080Z,2026-07-28T13:44:23.210Z,9
batch-09-022,batch-09-nasi-cumi-daun-leilem-segar-dan-kemang,"Nasi, Cumi, Daun Leilem Segar, dan Kemang","Nasi, Cumi, Daun Leilem Segar, dan Kemang, komposisi unik Batch 9 dengan porsi berbasis TKPI.",lunch,500.0,"1 porsi (500 g)",approved,0,"Tabel Komposisi Pangan Indonesia 2017",tkpi-weighted-v1,"Kandidat Batch 9. Makro, natrium, nama, dan komposisi diperiksa sebelum approval.",2026-07-28T13:44:20.080Z,2026-07-28T13:44:23.210Z,9
batch-09-023,batch-09-nasi-merah-tahu-daun-lobak-segar-dan-kemang,"Nasi Merah, Tahu, Daun Lobak Segar, dan Kemang","Nasi Merah, Tahu, Daun Lobak Segar, dan Kemang, komposisi unik Batch 9 dengan porsi berbasis TKPI.",lunch,520.0,"1 porsi (520 g)",approved,0,"Tabel Komposisi Pangan Indonesia 2017",tkpi-weighted-v1,"Kandidat Batch 9. Makro, natrium, nama, dan komposisi diperiksa sebelum approval.",2026-07-28T13:44:20.080Z,2026-07-28T13:44:23.210Z,9
batch-09-024,batch-09-nasi-tempe-daun-lompong-talas-segar-dan-kemang,"Nasi, Tempe, Daun Lompong Talas Segar, dan Kemang","Nasi, Tempe, Daun Lompong Talas Segar, dan Kemang, komposisi unik Batch 9 dengan porsi berbasis TKPI.",lunch,480.0,"1 porsi (480 g)",approved,0,"Tabel Komposisi Pangan Indonesia 2017",tkpi-weighted-v1,"Kandidat Batch 9. Makro, natrium, nama, dan komposisi diperiksa sebelum approval.",2026-07-28T13:44:20.080Z,2026-07-28T13:44:23.210Z,9
batch-09-025,batch-09-nasi-merah-kacang-merah-daun-kecipir-segar-dan-kemang,"Nasi Merah, Kacang Merah, Daun Kecipir Segar, dan Kemang","Nasi Merah, Kacang Merah, Daun Kecipir Segar, dan Kemang, komposisi unik Batch 9 dengan porsi berbasis TKPI.",lunch,520.0,"1 porsi (520 g)",approved,0,"Tabel Komposisi Pangan Indonesia 2017",tkpi-weighted-v1,"Kandidat Batch 9. Makro, natrium, nama, dan komposisi diperiksa sebelum approval.",2026-07-28T13:44:20.080Z,2026-07-28T13:44:23.210Z,9
batch-09-026,batch-09-nasi-kacang-merah-segar-daun-kemang-segar-dan-kemang,"Nasi, Kacang Merah Segar, Daun Kemang Segar, dan Kemang","Nasi, Kacang Merah Segar, Daun Kemang Segar, dan Kemang, komposisi unik Batch 9 dengan porsi berbasis TKPI.",lunch,520.0,"1 porsi (520 g)",approved,0,"Tabel Komposisi Pangan Indonesia 2017",tkpi-weighted-v1,"Kandidat Batch 9. Makro, natrium, nama, dan komposisi diperiksa sebelum approval.",2026-07-28T13:44:20.080Z,2026-07-28T13:44:23.210Z,9
batch-09-027,batch-09-nasi-merah-kacang-tolo-daun-kenikir-segar-dan-kemang,"Nasi Merah, Kacang Tolo, Daun Kenikir Segar, dan Kemang","Nasi Merah, Kacang Tolo, Daun Kenikir Segar, dan Kemang, komposisi unik Batch 9 dengan porsi berbasis TKPI.",lunch,520.0,"1 porsi (520 g)",approved,0,"Tabel Komposisi Pangan Indonesia 2017",tkpi-weighted-v1,"Kandidat Batch 9. Makro, natrium, nama, dan komposisi diperiksa sebelum approval.",2026-07-28T13:44:20.080Z,2026-07-28T13:44:23.210Z,9
batch-09-028,batch-09-nasi-kacang-gude-daun-kesum-segar-dan-kemang,"Nasi, Kacang Gude, Daun Kesum Segar, dan Kemang","Nasi, Kacang Gude, Daun Kesum Segar, dan Kemang, komposisi unik Batch 9 dengan porsi berbasis TKPI.",lunch,520.0,"1 porsi (520 g)",approved,0,"Tabel Komposisi Pangan Indonesia 2017",tkpi-weighted-v1,"Kandidat Batch 9. Makro, natrium, nama, dan komposisi diperiksa sebelum approval.",2026-07-28T13:44:20.080Z,2026-07-28T13:44:23.210Z,9
batch-09-029,batch-09-nasi-merah-mujahir-goreng-daun-kubis-segar-dan-kemang,"Nasi Merah, Mujahir Goreng, Daun Kubis Segar, dan Kemang","Nasi Merah, Mujahir Goreng, Daun Kubis Segar, dan Kemang, komposisi unik Batch 9 dengan porsi berbasis TKPI.",lunch,480.0,"1 porsi (480 g)",approved,0,"Tabel Komposisi Pangan Indonesia 2017",tkpi-weighted-v1,"Kandidat Batch 9. Makro, natrium, nama, dan komposisi diperiksa sebelum approval.",2026-07-28T13:44:20.080Z,2026-07-28T13:44:23.210Z,9
batch-09-030,batch-09-nasi-bebek-goreng-daun-labu-waluh-segar-dan-kemang,"Nasi, Bebek Goreng, Daun Labu Waluh Segar, dan Kemang","Nasi, Bebek Goreng, Daun Labu Waluh Segar, dan Kemang, komposisi unik Batch 9 dengan porsi berbasis TKPI.",lunch,490.0,"1 porsi (490 g)",approved,0,"Tabel Komposisi Pangan Indonesia 2017",tkpi-weighted-v1,"Kandidat Batch 9. Makro, natrium, nama, dan komposisi diperiksa sebelum approval.",2026-07-28T13:44:20.081Z,2026-07-28T13:44:23.210Z,9
batch-09-031,batch-09-nasi-merah-ikan-lais-daun-leilem-segar-dan-kemang,"Nasi Merah, Ikan Lais, Daun Leilem Segar, dan Kemang","Nasi Merah, Ikan Lais, Daun Leilem Segar, dan Kemang, komposisi unik Batch 9 dengan porsi berbasis TKPI.",lunch,510.0,"1 porsi (510 g)",approved,0,"Tabel Komposisi Pangan Indonesia 2017",tkpi-weighted-v1,"Kandidat Batch 9. Makro, natrium, nama, dan komposisi diperiksa sebelum approval.",2026-07-28T13:44:20.081Z,2026-07-28T13:44:23.210Z,9
batch-09-032,batch-09-nasi-kedelai-rebus-daun-lobak-segar-dan-kemang,"Nasi, Kedelai Rebus, Daun Lobak Segar, dan Kemang","Nasi, Kedelai Rebus, Daun Lobak Segar, dan Kemang, komposisi unik Batch 9 dengan porsi berbasis TKPI.",lunch,500.0,"1 porsi (500 g)",approved,0,"Tabel Komposisi Pangan Indonesia 2017",tkpi-weighted-v1,"Kandidat Batch 9. Makro, natrium, nama, dan komposisi diperiksa sebelum approval.",2026-07-28T13:44:20.081Z,2026-07-28T13:44:23.210Z,9
batch-09-033,batch-09-nasi-merah-kacang-belimbing-daun-lompong-talas-segar-dan-kemang,"Nasi Merah, Kacang Belimbing, Daun Lompong Talas Segar, dan Kemang","Nasi Merah, Kacang Belimbing, Daun Lompong Talas Segar, dan Kemang, komposisi unik Batch 9 dengan porsi berbasis TKPI.",lunch,500.0,"1 porsi (500 g)",approved,0,"Tabel Komposisi Pangan Indonesia 2017",tkpi-weighted-v1,"Kandidat Batch 9. Makro, natrium, nama, dan komposisi diperiksa sebelum approval.",2026-07-28T13:44:20.081Z,2026-07-28T13:44:23.210Z,9
batch-09-034,batch-09-nasi-merah-ayam-kalasan-daun-kemang-segar-dan-mangga-benggala,"Nasi Merah, Ayam Kalasan, Daun Kemang Segar, dan Mangga Benggala","Nasi Merah, Ayam Kalasan, Daun Kemang Segar, dan Mangga Benggala, komposisi unik Batch 9 dengan porsi berbasis TKPI.",dinner,505.0,"1 porsi (505 g)",approved,0,"Tabel Komposisi Pangan Indonesia 2017",tkpi-weighted-v1,"Kandidat Batch 9. Makro, natrium, nama, dan komposisi diperiksa sebelum approval.",2026-07-28T13:44:20.081Z,2026-07-28T13:44:23.210Z,9
batch-09-035,batch-09-nasi-pepes-mujahir-daun-kenikir-segar-dan-mangga-benggala,"Nasi, Pepes Mujahir, Daun Kenikir Segar, dan Mangga Benggala","Nasi, Pepes Mujahir, Daun Kenikir Segar, dan Mangga Benggala, komposisi unik Batch 9 dengan porsi berbasis TKPI.",dinner,515.0,"1 porsi (515 g)",approved,0,"Tabel Komposisi Pangan Indonesia 2017",tkpi-weighted-v1,"Kandidat Batch 9. Makro, natrium, nama, dan komposisi diperiksa sebelum approval.",2026-07-28T13:44:20.081Z,2026-07-28T13:44:23.210Z,9
batch-09-036,batch-09-nasi-merah-ikan-baung-daun-kesum-segar-dan-mangga-benggala,"Nasi Merah, Ikan Baung, Daun Kesum Segar, dan Mangga Benggala","Nasi Merah, Ikan Baung, Daun Kesum Segar, dan Mangga Benggala, komposisi unik Batch 9 dengan porsi berbasis TKPI.",dinner,515.0,"1 porsi (515 g)",approved,0,"Tabel Komposisi Pangan Indonesia 2017",tkpi-weighted-v1,"Kandidat Batch 9. Makro, natrium, nama, dan komposisi diperiksa sebelum approval.",2026-07-28T13:44:20.081Z,2026-07-28T13:44:23.210Z,9
batch-09-037,batch-09-nasi-pepes-ikan-mas-daun-kubis-segar-dan-mangga-benggala,"Nasi, Pepes Ikan Mas, Daun Kubis Segar, dan Mangga Benggala","Nasi, Pepes Ikan Mas, Daun Kubis Segar, dan Mangga Benggala, komposisi unik Batch 9 dengan porsi berbasis TKPI.",dinner,505.0,"1 porsi (505 g)",approved,0,"Tabel Komposisi Pangan Indonesia 2017",tkpi-weighted-v1,"Kandidat Batch 9. Makro, natrium, nama, dan komposisi diperiksa sebelum approval.",2026-07-28T13:44:20.081Z,2026-07-28T13:44:23.210Z,9
batch-09-038,batch-09-nasi-merah-ikan-papuyu-daun-labu-waluh-segar-dan-mangga-benggala,"Nasi Merah, Ikan Papuyu, Daun Labu Waluh Segar, dan Mangga Benggala","Nasi Merah, Ikan Papuyu, Daun Labu Waluh Segar, dan Mangga Benggala, komposisi unik Batch 9 dengan porsi berbasis TKPI.",dinner,515.0,"1 porsi (515 g)",approved,0,"Tabel Komposisi Pangan Indonesia 2017",tkpi-weighted-v1,"Kandidat Batch 9. Makro, natrium, nama, dan komposisi diperiksa sebelum approval.",2026-07-28T13:44:20.081Z,2026-07-28T13:44:23.210Z,9
batch-09-039,batch-09-nasi-ikan-patin-daun-leilem-segar-dan-mangga-benggala,"Nasi, Ikan Patin, Daun Leilem Segar, dan Mangga Benggala","Nasi, Ikan Patin, Daun Leilem Segar, dan Mangga Benggala, komposisi unik Batch 9 dengan porsi berbasis TKPI.",dinner,515.0,"1 porsi (515 g)",approved,0,"Tabel Komposisi Pangan Indonesia 2017",tkpi-weighted-v1,"Kandidat Batch 9. Makro, natrium, nama, dan komposisi diperiksa sebelum approval.",2026-07-28T13:44:20.081Z,2026-07-28T13:44:23.211Z,9
batch-09-040,batch-09-nasi-merah-cumi-daun-lobak-segar-dan-mangga-benggala,"Nasi Merah, Cumi, Daun Lobak Segar, dan Mangga Benggala","Nasi Merah, Cumi, Daun Lobak Segar, dan Mangga Benggala, komposisi unik Batch 9 dengan porsi berbasis TKPI.",dinner,505.0,"1 porsi (505 g)",approved,0,"Tabel Komposisi Pangan Indonesia 2017",tkpi-weighted-v1,"Kandidat Batch 9. Makro, natrium, nama, dan komposisi diperiksa sebelum approval.",2026-07-28T13:44:20.081Z,2026-07-28T13:44:23.211Z,9
batch-09-041,batch-09-nasi-tahu-daun-lompong-talas-segar-dan-mangga-benggala,"Nasi, Tahu, Daun Lompong Talas Segar, dan Mangga Benggala","Nasi, Tahu, Daun Lompong Talas Segar, dan Mangga Benggala, komposisi unik Batch 9 dengan porsi berbasis TKPI.",dinner,525.0,"1 porsi (525 g)",approved,0,"Tabel Komposisi Pangan Indonesia 2017",tkpi-weighted-v1,"Kandidat Batch 9. Makro, natrium, nama, dan komposisi diperiksa sebelum approval.",2026-07-28T13:44:20.082Z,2026-07-28T13:44:23.211Z,9
batch-09-042,batch-09-nasi-merah-tempe-daun-kecipir-segar-dan-mangga-benggala,"Nasi Merah, Tempe, Daun Kecipir Segar, dan Mangga Benggala","Nasi Merah, Tempe, Daun Kecipir Segar, dan Mangga Benggala, komposisi unik Batch 9 dengan porsi berbasis TKPI.",dinner,485.0,"1 porsi (485 g)",approved,0,"Tabel Komposisi Pangan Indonesia 2017",tkpi-weighted-v1,"Kandidat Batch 9. Makro, natrium, nama, dan komposisi diperiksa sebelum approval.",2026-07-28T13:44:20.082Z,2026-07-28T13:44:23.211Z,9
batch-09-043,batch-09-nasi-kacang-merah-daun-kemang-segar-dan-mangga-benggala,"Nasi, Kacang Merah, Daun Kemang Segar, dan Mangga Benggala","Nasi, Kacang Merah, Daun Kemang Segar, dan Mangga Benggala, komposisi unik Batch 9 dengan porsi berbasis TKPI.",dinner,525.0,"1 porsi (525 g)",approved,0,"Tabel Komposisi Pangan Indonesia 2017",tkpi-weighted-v1,"Kandidat Batch 9. Makro, natrium, nama, dan komposisi diperiksa sebelum approval.",2026-07-28T13:44:20.082Z,2026-07-28T13:44:23.211Z,9
batch-09-044,batch-09-nasi-merah-kacang-merah-segar-daun-kenikir-segar-dan-mangga-benggala,"Nasi Merah, Kacang Merah Segar, Daun Kenikir Segar, dan Mangga Benggala","Nasi Merah, Kacang Merah Segar, Daun Kenikir Segar, dan Mangga Benggala, komposisi unik Batch 9 dengan porsi berbasis TKPI.",dinner,525.0,"1 porsi (525 g)",approved,0,"Tabel Komposisi Pangan Indonesia 2017",tkpi-weighted-v1,"Kandidat Batch 9. Makro, natrium, nama, dan komposisi diperiksa sebelum approval.",2026-07-28T13:44:20.082Z,2026-07-28T13:44:23.211Z,9
batch-09-045,batch-09-nasi-kacang-tolo-daun-kesum-segar-dan-mangga-benggala,"Nasi, Kacang Tolo, Daun Kesum Segar, dan Mangga Benggala","Nasi, Kacang Tolo, Daun Kesum Segar, dan Mangga Benggala, komposisi unik Batch 9 dengan porsi berbasis TKPI.",dinner,525.0,"1 porsi (525 g)",approved,0,"Tabel Komposisi Pangan Indonesia 2017",tkpi-weighted-v1,"Kandidat Batch 9. Makro, natrium, nama, dan komposisi diperiksa sebelum approval.",2026-07-28T13:44:20.082Z,2026-07-28T13:44:23.211Z,9
batch-09-046,batch-09-nasi-merah-kacang-gude-daun-kubis-segar-dan-mangga-benggala,"Nasi Merah, Kacang Gude, Daun Kubis Segar, dan Mangga Benggala","Nasi Merah, Kacang Gude, Daun Kubis Segar, dan Mangga Benggala, komposisi unik Batch 9 dengan porsi berbasis TKPI.",dinner,525.0,"1 porsi (525 g)",approved,0,"Tabel Komposisi Pangan Indonesia 2017",tkpi-weighted-v1,"Kandidat Batch 9. Makro, natrium, nama, dan komposisi diperiksa sebelum approval.",2026-07-28T13:44:20.082Z,2026-07-28T13:44:23.211Z,9
batch-09-047,batch-09-nasi-mujahir-goreng-daun-labu-waluh-segar-dan-mangga-benggala,"Nasi, Mujahir Goreng, Daun Labu Waluh Segar, dan Mangga Benggala","Nasi, Mujahir Goreng, Daun Labu Waluh Segar, dan Mangga Benggala, komposisi unik Batch 9 dengan porsi berbasis TKPI.",dinner,485.0,"1 porsi (485 g)",approved,0,"Tabel Komposisi Pangan Indonesia 2017",tkpi-weighted-v1,"Kandidat Batch 9. Makro, natrium, nama, dan komposisi diperiksa sebelum approval.",2026-07-28T13:44:20.082Z,2026-07-28T13:44:23.211Z,9
batch-09-048,batch-09-nasi-merah-bebek-goreng-daun-leilem-segar-dan-mangga-benggala,"Nasi Merah, Bebek Goreng, Daun Leilem Segar, dan Mangga Benggala","Nasi Merah, Bebek Goreng, Daun Leilem Segar, dan Mangga Benggala, komposisi unik Batch 9 dengan porsi berbasis TKPI.",dinner,495.0,"1 porsi (495 g)",approved,0,"Tabel Komposisi Pangan Indonesia 2017",tkpi-weighted-v1,"Kandidat Batch 9. Makro, natrium, nama, dan komposisi diperiksa sebelum approval.",2026-07-28T13:44:20.082Z,2026-07-28T13:44:23.211Z,9
batch-09-049,batch-09-nasi-ikan-lais-daun-lobak-segar-dan-mangga-benggala,"Nasi, Ikan Lais, Daun Lobak Segar, dan Mangga Benggala","Nasi, Ikan Lais, Daun Lobak Segar, dan Mangga Benggala, komposisi unik Batch 9 dengan porsi berbasis TKPI.",dinner,515.0,"1 porsi (515 g)",approved,0,"Tabel Komposisi Pangan Indonesia 2017",tkpi-weighted-v1,"Kandidat Batch 9. Makro, natrium, nama, dan komposisi diperiksa sebelum approval.",2026-07-28T13:44:20.082Z,2026-07-28T13:44:23.211Z,9
batch-09-050,batch-09-nasi-merah-kedelai-rebus-daun-lompong-talas-segar-dan-mangga-benggala,"Nasi Merah, Kedelai Rebus, Daun Lompong Talas Segar, dan Mangga Benggala","Nasi Merah, Kedelai Rebus, Daun Lompong Talas Segar, dan Mangga Benggala, komposisi unik Batch 9 dengan porsi berbasis TKPI.",dinner,505.0,"1 porsi (505 g)",approved,0,"Tabel Komposisi Pangan Indonesia 2017",tkpi-weighted-v1,"Kandidat Batch 9. Makro, natrium, nama, dan komposisi diperiksa sebelum approval.",2026-07-28T13:44:20.082Z,2026-07-28T13:44:23.211Z,9
batch-09-051,batch-09-nasi-kacang-belimbing-daun-kecipir-segar-dan-mangga-benggala,"Nasi, Kacang Belimbing, Daun Kecipir Segar, dan Mangga Benggala","Nasi, Kacang Belimbing, Daun Kecipir Segar, dan Mangga Benggala, komposisi unik Batch 9 dengan porsi berbasis TKPI.",dinner,505.0,"1 porsi (505 g)",approved,0,"Tabel Komposisi Pangan Indonesia 2017",tkpi-weighted-v1,"Kandidat Batch 9. Makro, natrium, nama, dan komposisi diperiksa sebelum approval.",2026-07-28T13:44:20.083Z,2026-07-28T13:44:23.211Z,9
batch-09-052,batch-09-yoghurt-dan-kemang,"Yoghurt dan Kemang","Yoghurt dan Kemang, komposisi unik Batch 9 dengan porsi berbasis TKPI.",snack,250.0,"1 porsi (250 g)",approved,0,"Tabel Komposisi Pangan Indonesia 2017",tkpi-weighted-v1,"Kandidat Batch 9. Makro, natrium, nama, dan komposisi diperiksa sebelum approval.",2026-07-28T13:44:20.083Z,2026-07-28T13:44:23.211Z,9
batch-09-053,batch-09-yoghurt-dan-mangga-benggala,"Yoghurt dan Mangga Benggala","Yoghurt dan Mangga Benggala, komposisi unik Batch 9 dengan porsi berbasis TKPI.",snack,250.0,"1 porsi (250 g)",approved,0,"Tabel Komposisi Pangan Indonesia 2017",tkpi-weighted-v1,"Kandidat Batch 9. Makro, natrium, nama, dan komposisi diperiksa sebelum approval.",2026-07-28T13:44:20.083Z,2026-07-28T13:44:23.211Z,9
batch-09-054,batch-09-ubi-ungu-dan-mangga-manalagi,"Ubi Ungu dan Mangga Manalagi","Ubi Ungu dan Mangga Manalagi, komposisi unik Batch 9 dengan porsi berbasis TKPI.",snack,200.0,"1 porsi (200 g)",approved,0,"Tabel Komposisi Pangan Indonesia 2017",tkpi-weighted-v1,"Kandidat Batch 9. Makro, natrium, nama, dan komposisi diperiksa sebelum approval.",2026-07-28T13:44:20.083Z,2026-07-28T13:44:23.211Z,9
batch-09-055,batch-09-talas-bogor-dan-kokosan,"Talas Bogor dan Kokosan","Talas Bogor dan Kokosan, komposisi unik Batch 9 dengan porsi berbasis TKPI.",snack,180.0,"1 porsi (180 g)",approved,0,"Tabel Komposisi Pangan Indonesia 2017",tkpi-weighted-v1,"Kandidat Batch 9. Makro, natrium, nama, dan komposisi diperiksa sebelum approval.",2026-07-28T13:44:20.083Z,2026-07-28T13:44:23.211Z,9
batch-09-056,batch-09-kacang-merah-dan-mangga-gedung,"Kacang Merah dan Mangga Gedung","Kacang Merah dan Mangga Gedung, komposisi unik Batch 9 dengan porsi berbasis TKPI.",snack,170.0,"1 porsi (170 g)",approved,0,"Tabel Komposisi Pangan Indonesia 2017",tkpi-weighted-v1,"Kandidat Batch 9. Makro, natrium, nama, dan komposisi diperiksa sebelum approval.",2026-07-28T13:44:20.083Z,2026-07-28T13:44:23.211Z,9
batch-09-057,batch-09-kacang-merah-segar-dan-mangga-golek,"Kacang Merah Segar dan Mangga Golek","Kacang Merah Segar dan Mangga Golek, komposisi unik Batch 9 dengan porsi berbasis TKPI.",snack,160.0,"1 porsi (160 g)",approved,0,"Tabel Komposisi Pangan Indonesia 2017",tkpi-weighted-v1,"Kandidat Batch 9. Makro, natrium, nama, dan komposisi diperiksa sebelum approval.",2026-07-28T13:44:20.083Z,2026-07-28T13:44:23.211Z,9
batch-09-058,batch-09-jagung-rebus-dan-mangga-harumanis,"Jagung Rebus dan Mangga Harumanis","Jagung Rebus dan Mangga Harumanis, komposisi unik Batch 9 dengan porsi berbasis TKPI.",snack,200.0,"1 porsi (200 g)",approved,0,"Tabel Komposisi Pangan Indonesia 2017",tkpi-weighted-v1,"Kandidat Batch 9. Makro, natrium, nama, dan komposisi diperiksa sebelum approval.",2026-07-28T13:44:20.083Z,2026-07-28T13:44:23.211Z,9
batch-09-059,batch-09-ubi-kukus-dan-kemang,"Ubi Kukus dan Kemang","Ubi Kukus dan Kemang, komposisi unik Batch 9 dengan porsi berbasis TKPI.",snack,230.0,"1 porsi (230 g)",approved,0,"Tabel Komposisi Pangan Indonesia 2017",tkpi-weighted-v1,"Kandidat Batch 9. Makro, natrium, nama, dan komposisi diperiksa sebelum approval.",2026-07-28T13:44:20.083Z,2026-07-28T13:44:23.211Z,9
batch-09-060,batch-09-tahu-dan-mangga-benggala,"Tahu dan Mangga Benggala","Tahu dan Mangga Benggala, komposisi unik Batch 9 dengan porsi berbasis TKPI.",snack,180.0,"1 porsi (180 g)",approved,0,"Tabel Komposisi Pangan Indonesia 2017",tkpi-weighted-v1,"Kandidat Batch 9. Makro, natrium, nama, dan komposisi diperiksa sebelum approval.",2026-07-28T13:44:20.083Z,2026-07-28T13:44:23.211Z,9
batch-10-001,batch-10-talas-belitung-kacang-merah-dan-pisang-gapi,"Talas Belitung, Kacang Merah, dan Pisang Gapi","Talas Belitung, Kacang Merah, dan Pisang Gapi, komposisi unik Batch 10 dengan porsi berbasis TKPI.",breakfast,330.0,"1 porsi (330 g)",approved,0,"Tabel Komposisi Pangan Indonesia 2017",tkpi-weighted-v1,"Kandidat Batch 10. Makro, natrium, nama, dan komposisi diperiksa sebelum approval.",2026-07-28T13:50:20.861Z,2026-07-28T13:50:25.641Z,10
batch-10-002,batch-10-ubi-gadung-kacang-merah-segar-dan-pisang-ayam,"Ubi Gadung, Kacang Merah Segar, dan Pisang Ayam","Ubi Gadung, Kacang Merah Segar, dan Pisang Ayam, komposisi unik Batch 10 dengan porsi berbasis TKPI.",breakfast,330.0,"1 porsi (330 g)",approved,0,"Tabel Komposisi Pangan Indonesia 2017",tkpi-weighted-v1,"Kandidat Batch 10. Makro, natrium, nama, dan komposisi diperiksa sebelum approval.",2026-07-28T13:50:20.862Z,2026-07-28T13:50:25.641Z,10
batch-10-003,batch-10-suweg-kukus-kacang-tolo-dan-pisang-angleng,"Suweg Kukus, Kacang Tolo, dan Pisang Angleng","Suweg Kukus, Kacang Tolo, dan Pisang Angleng, komposisi unik Batch 10 dengan porsi berbasis TKPI.",breakfast,330.0,"1 porsi (330 g)",approved,0,"Tabel Komposisi Pangan Indonesia 2017",tkpi-weighted-v1,"Kandidat Batch 10. Makro, natrium, nama, dan komposisi diperiksa sebelum approval.",2026-07-28T13:50:20.862Z,2026-07-28T13:50:25.641Z,10
batch-10-004,batch-10-talas-bogor-tahu-dan-mangga-kopek,"Talas Bogor, Tahu, dan Mangga Kopek","Talas Bogor, Tahu, dan Mangga Kopek, komposisi unik Batch 10 dengan porsi berbasis TKPI.",breakfast,330.0,"1 porsi (330 g)",approved,0,"Tabel Komposisi Pangan Indonesia 2017",tkpi-weighted-v1,"Kandidat Batch 10. Makro, natrium, nama, dan komposisi diperiksa sebelum approval.",2026-07-28T13:50:20.862Z,2026-07-28T13:50:25.641Z,10
batch-10-005,batch-10-ubi-kuning-kacang-gude-dan-mangga-muda,"Ubi Kuning, Kacang Gude, dan Mangga Muda","Ubi Kuning, Kacang Gude, dan Mangga Muda, komposisi unik Batch 10 dengan porsi berbasis TKPI.",breakfast,330.0,"1 porsi (330 g)",approved,0,"Tabel Komposisi Pangan Indonesia 2017",tkpi-weighted-v1,"Kandidat Batch 10. Makro, natrium, nama, dan komposisi diperiksa sebelum approval.",2026-07-28T13:50:20.862Z,2026-07-28T13:50:25.641Z,10
batch-10-006,batch-10-ubi-ungu-yoghurt-dan-mangga-indramayu,"Ubi Ungu, Yoghurt, dan Mangga Indramayu","Ubi Ungu, Yoghurt, dan Mangga Indramayu, komposisi unik Batch 10 dengan porsi berbasis TKPI.",breakfast,370.0,"1 porsi (370 g)",approved,0,"Tabel Komposisi Pangan Indonesia 2017",tkpi-weighted-v1,"Kandidat Batch 10. Makro, natrium, nama, dan komposisi diperiksa sebelum approval.",2026-07-28T13:50:20.863Z,2026-07-28T13:50:25.641Z,10
batch-10-007,batch-10-singkong-kukus-kacang-tolo-dan-matoa,"Singkong Kukus, Kacang Tolo, dan Matoa","Singkong Kukus, Kacang Tolo, dan Matoa, komposisi unik Batch 10 dengan porsi berbasis TKPI.",breakfast,330.0,"1 porsi (330 g)",approved,0,"Tabel Komposisi Pangan Indonesia 2017",tkpi-weighted-v1,"Kandidat Batch 10. Makro, natrium, nama, dan komposisi diperiksa sebelum approval.",2026-07-28T13:50:20.863Z,2026-07-28T13:50:25.642Z,10
batch-10-008,batch-10-jagung-rebus-kacang-merah-dan-pisang-gapi,"Jagung Rebus, Kacang Merah, dan Pisang Gapi","Jagung Rebus, Kacang Merah, dan Pisang Gapi, komposisi unik Batch 10 dengan porsi berbasis TKPI.",breakfast,300.0,"1 porsi (300 g)",approved,0,"Tabel Komposisi Pangan Indonesia 2017",tkpi-weighted-v1,"Kandidat Batch 10. Makro, natrium, nama, dan komposisi diperiksa sebelum approval.",2026-07-28T13:50:20.863Z,2026-07-28T13:50:25.642Z,10
batch-10-009,batch-10-jagung-pipil-kacang-merah-segar-dan-pisang-ayam,"Jagung Pipil, Kacang Merah Segar, dan Pisang Ayam","Jagung Pipil, Kacang Merah Segar, dan Pisang Ayam, komposisi unik Batch 10 dengan porsi berbasis TKPI.",breakfast,300.0,"1 porsi (300 g)",approved,0,"Tabel Komposisi Pangan Indonesia 2017",tkpi-weighted-v1,"Kandidat Batch 10. Makro, natrium, nama, dan komposisi diperiksa sebelum approval.",2026-07-28T13:50:20.863Z,2026-07-28T13:50:25.642Z,10
batch-10-010,batch-10-roti-susu-skim-dan-pisang-angleng,"Roti, Susu Skim, dan Pisang Angleng","Roti, Susu Skim, dan Pisang Angleng, komposisi unik Batch 10 dengan porsi berbasis TKPI.",breakfast,360.0,"1 porsi (360 g)",approved,0,"Tabel Komposisi Pangan Indonesia 2017",tkpi-weighted-v1,"Kandidat Batch 10. Makro, natrium, nama, dan komposisi diperiksa sebelum approval.",2026-07-28T13:50:20.863Z,2026-07-28T13:50:25.642Z,10
batch-10-011,batch-10-ubi-kukus-kacang-gude-dan-mangga-kopek,"Ubi Kukus, Kacang Gude, dan Mangga Kopek","Ubi Kukus, Kacang Gude, dan Mangga Kopek, komposisi unik Batch 10 dengan porsi berbasis TKPI.",breakfast,330.0,"1 porsi (330 g)",approved,0,"Tabel Komposisi Pangan Indonesia 2017",tkpi-weighted-v1,"Kandidat Batch 10. Makro, natrium, nama, dan komposisi diperiksa sebelum approval.",2026-07-28T13:50:20.863Z,2026-07-28T13:50:25.642Z,10
batch-10-012,batch-10-ubi-rebus-tahu-dan-mangga-muda,"Ubi Rebus, Tahu, dan Mangga Muda","Ubi Rebus, Tahu, dan Mangga Muda, komposisi unik Batch 10 dengan porsi berbasis TKPI.",breakfast,300.0,"1 porsi (300 g)",approved,0,"Tabel Komposisi Pangan Indonesia 2017",tkpi-weighted-v1,"Kandidat Batch 10. Makro, natrium, nama, dan komposisi diperiksa sebelum approval.",2026-07-28T13:50:20.863Z,2026-07-28T13:50:25.642Z,10
batch-10-013,batch-10-talas-belitung-yoghurt-dan-mangga-indramayu,"Talas Belitung, Yoghurt, dan Mangga Indramayu","Talas Belitung, Yoghurt, dan Mangga Indramayu, komposisi unik Batch 10 dengan porsi berbasis TKPI.",breakfast,400.0,"1 porsi (400 g)",approved,0,"Tabel Komposisi Pangan Indonesia 2017",tkpi-weighted-v1,"Kandidat Batch 10. Makro, natrium, nama, dan komposisi diperiksa sebelum approval.",2026-07-28T13:50:20.864Z,2026-07-28T13:50:25.642Z,10
batch-10-014,batch-10-suweg-kukus-kacang-merah-dan-matoa,"Suweg Kukus, Kacang Merah, dan Matoa","Suweg Kukus, Kacang Merah, dan Matoa, komposisi unik Batch 10 dengan porsi berbasis TKPI.",breakfast,330.0,"1 porsi (330 g)",approved,0,"Tabel Komposisi Pangan Indonesia 2017",tkpi-weighted-v1,"Kandidat Batch 10. Makro, natrium, nama, dan komposisi diperiksa sebelum approval.",2026-07-28T13:50:20.864Z,2026-07-28T13:50:25.642Z,10
batch-10-015,batch-10-ubi-gadung-kacang-tolo-dan-pisang-gapi,"Ubi Gadung, Kacang Tolo, dan Pisang Gapi","Ubi Gadung, Kacang Tolo, dan Pisang Gapi, komposisi unik Batch 10 dengan porsi berbasis TKPI.",breakfast,330.0,"1 porsi (330 g)",approved,0,"Tabel Komposisi Pangan Indonesia 2017",tkpi-weighted-v1,"Kandidat Batch 10. Makro, natrium, nama, dan komposisi diperiksa sebelum approval.",2026-07-28T13:50:20.864Z,2026-07-28T13:50:25.642Z,10
batch-10-016,batch-10-nasi-ayam-kalasan-daun-pakis-longgiho-segar-dan-mangga-indramayu,"Nasi, Ayam Kalasan, Daun Pakis Longgiho Segar, dan Mangga Indramayu","Nasi, Ayam Kalasan, Daun Pakis Longgiho Segar, dan Mangga Indramayu, komposisi unik Batch 10 dengan porsi berbasis TKPI.",lunch,500.0,"1 porsi (500 g)",approved,0,"Tabel Komposisi Pangan Indonesia 2017",tkpi-weighted-v1,"Kandidat Batch 10. Makro, natrium, nama, dan komposisi diperiksa sebelum approval.",2026-07-28T13:50:20.864Z,2026-07-28T13:50:25.642Z,10
batch-10-017,batch-10-nasi-merah-pepes-mujahir-daun-pakis-wambateu-segar-dan-mangga-indramayu,"Nasi Merah, Pepes Mujahir, Daun Pakis Wambateu Segar, dan Mangga Indramayu","Nasi Merah, Pepes Mujahir, Daun Pakis Wambateu Segar, dan Mangga Indramayu, komposisi unik Batch 10 dengan porsi berbasis TKPI.",lunch,510.0,"1 porsi (510 g)",approved,0,"Tabel Komposisi Pangan Indonesia 2017",tkpi-weighted-v1,"Kandidat Batch 10. Makro, natrium, nama, dan komposisi diperiksa sebelum approval.",2026-07-28T13:50:20.864Z,2026-07-28T13:50:25.642Z,10
batch-10-018,batch-10-nasi-ikan-baung-daun-paku-segar-dan-mangga-indramayu,"Nasi, Ikan Baung, Daun Paku Segar, dan Mangga Indramayu","Nasi, Ikan Baung, Daun Paku Segar, dan Mangga Indramayu, komposisi unik Batch 10 dengan porsi berbasis TKPI.",lunch,510.0,"1 porsi (510 g)",approved,0,"Tabel Komposisi Pangan Indonesia 2017",tkpi-weighted-v1,"Kandidat Batch 10. Makro, natrium, nama, dan komposisi diperiksa sebelum approval.",2026-07-28T13:50:20.864Z,2026-07-28T13:50:25.642Z,10
batch-10-019,batch-10-nasi-merah-pepes-ikan-mas-daun-pare-segar-dan-mangga-indramayu,"Nasi Merah, Pepes Ikan Mas, Daun Pare Segar, dan Mangga Indramayu","Nasi Merah, Pepes Ikan Mas, Daun Pare Segar, dan Mangga Indramayu, komposisi unik Batch 10 dengan porsi berbasis TKPI.",lunch,500.0,"1 porsi (500 g)",approved,0,"Tabel Komposisi Pangan Indonesia 2017",tkpi-weighted-v1,"Kandidat Batch 10. Makro, natrium, nama, dan komposisi diperiksa sebelum approval.",2026-07-28T13:50:20.865Z,2026-07-28T13:50:25.642Z,10
batch-10-020,batch-10-nasi-ikan-papuyu-daun-pepaya-segar-dan-mangga-indramayu,"Nasi, Ikan Papuyu, Daun Pepaya Segar, dan Mangga Indramayu","Nasi, Ikan Papuyu, Daun Pepaya Segar, dan Mangga Indramayu, komposisi unik Batch 10 dengan porsi berbasis TKPI.",lunch,510.0,"1 porsi (510 g)",approved,0,"Tabel Komposisi Pangan Indonesia 2017",tkpi-weighted-v1,"Kandidat Batch 10. Makro, natrium, nama, dan komposisi diperiksa sebelum approval.",2026-07-28T13:50:20.865Z,2026-07-28T13:50:25.643Z,10
batch-10-021,batch-10-nasi-merah-ikan-patin-daun-selasih-segar-dan-mangga-indramayu,"Nasi Merah, Ikan Patin, Daun Selasih Segar, dan Mangga Indramayu","Nasi Merah, Ikan Patin, Daun Selasih Segar, dan Mangga Indramayu, komposisi unik Batch 10 dengan porsi berbasis TKPI.",lunch,510.0,"1 porsi (510 g)",approved,0,"Tabel Komposisi Pangan Indonesia 2017",tkpi-weighted-v1,"Kandidat Batch 10. Makro, natrium, nama, dan komposisi diperiksa sebelum approval.",2026-07-28T13:50:20.865Z,2026-07-28T13:50:25.643Z,10
batch-10-022,batch-10-nasi-cumi-daun-semanggi-segar-dan-mangga-indramayu,"Nasi, Cumi, Daun Semanggi Segar, dan Mangga Indramayu","Nasi, Cumi, Daun Semanggi Segar, dan Mangga Indramayu, komposisi unik Batch 10 dengan porsi berbasis TKPI.",lunch,500.0,"1 porsi (500 g)",approved,0,"Tabel Komposisi Pangan Indonesia 2017",tkpi-weighted-v1,"Kandidat Batch 10. Makro, natrium, nama, dan komposisi diperiksa sebelum approval.",2026-07-28T13:50:20.865Z,2026-07-28T13:50:25.643Z,10
batch-10-023,batch-10-nasi-merah-tahu-daun-singkong-segar-dan-mangga-indramayu,"Nasi Merah, Tahu, Daun Singkong Segar, dan Mangga Indramayu","Nasi Merah, Tahu, Daun Singkong Segar, dan Mangga Indramayu, komposisi unik Batch 10 dengan porsi berbasis TKPI.",lunch,520.0,"1 porsi (520 g)",approved,0,"Tabel Komposisi Pangan Indonesia 2017",tkpi-weighted-v1,"Kandidat Batch 10. Makro, natrium, nama, dan komposisi diperiksa sebelum approval.",2026-07-28T13:50:20.865Z,2026-07-28T13:50:25.643Z,10
batch-10-024,batch-10-nasi-tempe-daun-sintrong-segar-dan-mangga-indramayu,"Nasi, Tempe, Daun Sintrong Segar, dan Mangga Indramayu","Nasi, Tempe, Daun Sintrong Segar, dan Mangga Indramayu, komposisi unik Batch 10 dengan porsi berbasis TKPI.",lunch,480.0,"1 porsi (480 g)",approved,0,"Tabel Komposisi Pangan Indonesia 2017",tkpi-weighted-v1,"Kandidat Batch 10. Makro, natrium, nama, dan komposisi diperiksa sebelum approval.",2026-07-28T13:50:20.865Z,2026-07-28T13:50:25.643Z,10
batch-10-025,batch-10-nasi-merah-kacang-merah-daun-pakis-longgiho-segar-dan-mangga-indramayu,"Nasi Merah, Kacang Merah, Daun Pakis Longgiho Segar, dan Mangga Indramayu","Nasi Merah, Kacang Merah, Daun Pakis Longgiho Segar, dan Mangga Indramayu, komposisi unik Batch 10 dengan porsi berbasis TKPI.",lunch,520.0,"1 porsi (520 g)",approved,0,"Tabel Komposisi Pangan Indonesia 2017",tkpi-weighted-v1,"Kandidat Batch 10. Makro, natrium, nama, dan komposisi diperiksa sebelum approval.",2026-07-28T13:50:20.865Z,2026-07-28T13:50:25.643Z,10
batch-10-026,batch-10-nasi-kacang-merah-segar-daun-pakis-wambateu-segar-dan-mangga-indramayu,"Nasi, Kacang Merah Segar, Daun Pakis Wambateu Segar, dan Mangga Indramayu","Nasi, Kacang Merah Segar, Daun Pakis Wambateu Segar, dan Mangga Indramayu, komposisi unik Batch 10 dengan porsi berbasis TKPI.",lunch,520.0,"1 porsi (520 g)",approved,0,"Tabel Komposisi Pangan Indonesia 2017",tkpi-weighted-v1,"Kandidat Batch 10. Makro, natrium, nama, dan komposisi diperiksa sebelum approval.",2026-07-28T13:50:20.866Z,2026-07-28T13:50:25.643Z,10
batch-10-027,batch-10-nasi-merah-kacang-tolo-daun-paku-segar-dan-mangga-indramayu,"Nasi Merah, Kacang Tolo, Daun Paku Segar, dan Mangga Indramayu","Nasi Merah, Kacang Tolo, Daun Paku Segar, dan Mangga Indramayu, komposisi unik Batch 10 dengan porsi berbasis TKPI.",lunch,520.0,"1 porsi (520 g)",approved,0,"Tabel Komposisi Pangan Indonesia 2017",tkpi-weighted-v1,"Kandidat Batch 10. Makro, natrium, nama, dan komposisi diperiksa sebelum approval.",2026-07-28T13:50:20.866Z,2026-07-28T13:50:25.643Z,10
batch-10-028,batch-10-nasi-kacang-gude-daun-pare-segar-dan-mangga-indramayu,"Nasi, Kacang Gude, Daun Pare Segar, dan Mangga Indramayu","Nasi, Kacang Gude, Daun Pare Segar, dan Mangga Indramayu, komposisi unik Batch 10 dengan porsi berbasis TKPI.",lunch,520.0,"1 porsi (520 g)",approved,0,"Tabel Komposisi Pangan Indonesia 2017",tkpi-weighted-v1,"Kandidat Batch 10. Makro, natrium, nama, dan komposisi diperiksa sebelum approval.",2026-07-28T13:50:20.866Z,2026-07-28T13:50:25.643Z,10
batch-10-029,batch-10-nasi-merah-mujahir-goreng-daun-pepaya-segar-dan-mangga-indramayu,"Nasi Merah, Mujahir Goreng, Daun Pepaya Segar, dan Mangga Indramayu","Nasi Merah, Mujahir Goreng, Daun Pepaya Segar, dan Mangga Indramayu, komposisi unik Batch 10 dengan porsi berbasis TKPI.",lunch,470.0,"1 porsi (470 g)",approved,0,"Tabel Komposisi Pangan Indonesia 2017",tkpi-weighted-v1,"Kandidat Batch 10. Makro, natrium, nama, dan komposisi diperiksa sebelum approval.",2026-07-28T13:50:20.866Z,2026-07-28T13:50:25.643Z,10
batch-10-030,batch-10-nasi-bebek-goreng-daun-selasih-segar-dan-mangga-indramayu,"Nasi, Bebek Goreng, Daun Selasih Segar, dan Mangga Indramayu","Nasi, Bebek Goreng, Daun Selasih Segar, dan Mangga Indramayu, komposisi unik Batch 10 dengan porsi berbasis TKPI.",lunch,490.0,"1 porsi (490 g)",approved,0,"Tabel Komposisi Pangan Indonesia 2017",tkpi-weighted-v1,"Kandidat Batch 10. Makro, natrium, nama, dan komposisi diperiksa sebelum approval.",2026-07-28T13:50:20.866Z,2026-07-28T13:50:25.643Z,10
batch-10-031,batch-10-nasi-merah-ikan-lais-daun-semanggi-segar-dan-mangga-indramayu,"Nasi Merah, Ikan Lais, Daun Semanggi Segar, dan Mangga Indramayu","Nasi Merah, Ikan Lais, Daun Semanggi Segar, dan Mangga Indramayu, komposisi unik Batch 10 dengan porsi berbasis TKPI.",lunch,510.0,"1 porsi (510 g)",approved,0,"Tabel Komposisi Pangan Indonesia 2017",tkpi-weighted-v1,"Kandidat Batch 10. Makro, natrium, nama, dan komposisi diperiksa sebelum approval.",2026-07-28T13:50:20.866Z,2026-07-28T13:50:25.643Z,10
batch-10-032,batch-10-nasi-kedelai-rebus-daun-singkong-segar-dan-mangga-indramayu,"Nasi, Kedelai Rebus, Daun Singkong Segar, dan Mangga Indramayu","Nasi, Kedelai Rebus, Daun Singkong Segar, dan Mangga Indramayu, komposisi unik Batch 10 dengan porsi berbasis TKPI.",lunch,500.0,"1 porsi (500 g)",approved,0,"Tabel Komposisi Pangan Indonesia 2017",tkpi-weighted-v1,"Kandidat Batch 10. Makro, natrium, nama, dan komposisi diperiksa sebelum approval.",2026-07-28T13:50:20.866Z,2026-07-28T13:50:25.643Z,10
batch-10-033,batch-10-nasi-merah-kacang-belimbing-daun-sintrong-segar-dan-mangga-indramayu,"Nasi Merah, Kacang Belimbing, Daun Sintrong Segar, dan Mangga Indramayu","Nasi Merah, Kacang Belimbing, Daun Sintrong Segar, dan Mangga Indramayu, komposisi unik Batch 10 dengan porsi berbasis TKPI.",lunch,500.0,"1 porsi (500 g)",approved,0,"Tabel Komposisi Pangan Indonesia 2017",tkpi-weighted-v1,"Kandidat Batch 10. Makro, natrium, nama, dan komposisi diperiksa sebelum approval.",2026-07-28T13:50:20.867Z,2026-07-28T13:50:25.643Z,10
batch-10-034,batch-10-nasi-merah-ayam-kalasan-daun-pakis-wambateu-segar-dan-matoa,"Nasi Merah, Ayam Kalasan, Daun Pakis Wambateu Segar, dan Matoa","Nasi Merah, Ayam Kalasan, Daun Pakis Wambateu Segar, dan Matoa, komposisi unik Batch 10 dengan porsi berbasis TKPI.",dinner,505.0,"1 porsi (505 g)",approved,0,"Tabel Komposisi Pangan Indonesia 2017",tkpi-weighted-v1,"Kandidat Batch 10. Makro, natrium, nama, dan komposisi diperiksa sebelum approval.",2026-07-28T13:50:20.867Z,2026-07-28T13:50:25.643Z,10
batch-10-035,batch-10-nasi-pepes-mujahir-daun-paku-segar-dan-matoa,"Nasi, Pepes Mujahir, Daun Paku Segar, dan Matoa","Nasi, Pepes Mujahir, Daun Paku Segar, dan Matoa, komposisi unik Batch 10 dengan porsi berbasis TKPI.",dinner,515.0,"1 porsi (515 g)",approved,0,"Tabel Komposisi Pangan Indonesia 2017",tkpi-weighted-v1,"Kandidat Batch 10. Makro, natrium, nama, dan komposisi diperiksa sebelum approval.",2026-07-28T13:50:20.867Z,2026-07-28T13:50:25.643Z,10
batch-10-036,batch-10-nasi-merah-ikan-baung-daun-pare-segar-dan-matoa,"Nasi Merah, Ikan Baung, Daun Pare Segar, dan Matoa","Nasi Merah, Ikan Baung, Daun Pare Segar, dan Matoa, komposisi unik Batch 10 dengan porsi berbasis TKPI.",dinner,515.0,"1 porsi (515 g)",approved,0,"Tabel Komposisi Pangan Indonesia 2017",tkpi-weighted-v1,"Kandidat Batch 10. Makro, natrium, nama, dan komposisi diperiksa sebelum approval.",2026-07-28T13:50:20.867Z,2026-07-28T13:50:25.644Z,10
batch-10-037,batch-10-nasi-pepes-ikan-mas-daun-pepaya-segar-dan-matoa,"Nasi, Pepes Ikan Mas, Daun Pepaya Segar, dan Matoa","Nasi, Pepes Ikan Mas, Daun Pepaya Segar, dan Matoa, komposisi unik Batch 10 dengan porsi berbasis TKPI.",dinner,505.0,"1 porsi (505 g)",approved,0,"Tabel Komposisi Pangan Indonesia 2017",tkpi-weighted-v1,"Kandidat Batch 10. Makro, natrium, nama, dan komposisi diperiksa sebelum approval.",2026-07-28T13:50:20.867Z,2026-07-28T13:50:25.644Z,10
batch-10-038,batch-10-nasi-merah-ikan-papuyu-daun-selasih-segar-dan-matoa,"Nasi Merah, Ikan Papuyu, Daun Selasih Segar, dan Matoa","Nasi Merah, Ikan Papuyu, Daun Selasih Segar, dan Matoa, komposisi unik Batch 10 dengan porsi berbasis TKPI.",dinner,515.0,"1 porsi (515 g)",approved,0,"Tabel Komposisi Pangan Indonesia 2017",tkpi-weighted-v1,"Kandidat Batch 10. Makro, natrium, nama, dan komposisi diperiksa sebelum approval.",2026-07-28T13:50:20.867Z,2026-07-28T13:50:25.644Z,10
batch-10-039,batch-10-nasi-ikan-patin-daun-semanggi-segar-dan-matoa,"Nasi, Ikan Patin, Daun Semanggi Segar, dan Matoa","Nasi, Ikan Patin, Daun Semanggi Segar, dan Matoa, komposisi unik Batch 10 dengan porsi berbasis TKPI.",dinner,515.0,"1 porsi (515 g)",approved,0,"Tabel Komposisi Pangan Indonesia 2017",tkpi-weighted-v1,"Kandidat Batch 10. Makro, natrium, nama, dan komposisi diperiksa sebelum approval.",2026-07-28T13:50:20.867Z,2026-07-28T13:50:25.644Z,10
batch-10-040,batch-10-nasi-merah-cumi-daun-singkong-segar-dan-matoa,"Nasi Merah, Cumi, Daun Singkong Segar, dan Matoa","Nasi Merah, Cumi, Daun Singkong Segar, dan Matoa, komposisi unik Batch 10 dengan porsi berbasis TKPI.",dinner,505.0,"1 porsi (505 g)",approved,0,"Tabel Komposisi Pangan Indonesia 2017",tkpi-weighted-v1,"Kandidat Batch 10. Makro, natrium, nama, dan komposisi diperiksa sebelum approval.",2026-07-28T13:50:20.867Z,2026-07-28T13:50:25.644Z,10
batch-10-041,batch-10-nasi-tahu-daun-sintrong-segar-dan-matoa,"Nasi, Tahu, Daun Sintrong Segar, dan Matoa","Nasi, Tahu, Daun Sintrong Segar, dan Matoa, komposisi unik Batch 10 dengan porsi berbasis TKPI.",dinner,525.0,"1 porsi (525 g)",approved,0,"Tabel Komposisi Pangan Indonesia 2017",tkpi-weighted-v1,"Kandidat Batch 10. Makro, natrium, nama, dan komposisi diperiksa sebelum approval.",2026-07-28T13:50:20.868Z,2026-07-28T13:50:25.644Z,10
batch-10-042,batch-10-nasi-merah-tempe-daun-pakis-longgiho-segar-dan-matoa,"Nasi Merah, Tempe, Daun Pakis Longgiho Segar, dan Matoa","Nasi Merah, Tempe, Daun Pakis Longgiho Segar, dan Matoa, komposisi unik Batch 10 dengan porsi berbasis TKPI.",dinner,485.0,"1 porsi (485 g)",approved,0,"Tabel Komposisi Pangan Indonesia 2017",tkpi-weighted-v1,"Kandidat Batch 10. Makro, natrium, nama, dan komposisi diperiksa sebelum approval.",2026-07-28T13:50:20.868Z,2026-07-28T13:50:25.644Z,10
batch-10-043,batch-10-nasi-kacang-merah-daun-pakis-wambateu-segar-dan-matoa,"Nasi, Kacang Merah, Daun Pakis Wambateu Segar, dan Matoa","Nasi, Kacang Merah, Daun Pakis Wambateu Segar, dan Matoa, komposisi unik Batch 10 dengan porsi berbasis TKPI.",dinner,525.0,"1 porsi (525 g)",approved,0,"Tabel Komposisi Pangan Indonesia 2017",tkpi-weighted-v1,"Kandidat Batch 10. Makro, natrium, nama, dan komposisi diperiksa sebelum approval.",2026-07-28T13:50:20.868Z,2026-07-28T13:50:25.644Z,10
batch-10-044,batch-10-nasi-merah-kacang-merah-segar-daun-paku-segar-dan-matoa,"Nasi Merah, Kacang Merah Segar, Daun Paku Segar, dan Matoa","Nasi Merah, Kacang Merah Segar, Daun Paku Segar, dan Matoa, komposisi unik Batch 10 dengan porsi berbasis TKPI.",dinner,525.0,"1 porsi (525 g)",approved,0,"Tabel Komposisi Pangan Indonesia 2017",tkpi-weighted-v1,"Kandidat Batch 10. Makro, natrium, nama, dan komposisi diperiksa sebelum approval.",2026-07-28T13:50:20.868Z,2026-07-28T13:50:25.644Z,10
batch-10-045,batch-10-nasi-kacang-tolo-daun-pare-segar-dan-matoa,"Nasi, Kacang Tolo, Daun Pare Segar, dan Matoa","Nasi, Kacang Tolo, Daun Pare Segar, dan Matoa, komposisi unik Batch 10 dengan porsi berbasis TKPI.",dinner,525.0,"1 porsi (525 g)",approved,0,"Tabel Komposisi Pangan Indonesia 2017",tkpi-weighted-v1,"Kandidat Batch 10. Makro, natrium, nama, dan komposisi diperiksa sebelum approval.",2026-07-28T13:50:20.869Z,2026-07-28T13:50:25.644Z,10
batch-10-046,batch-10-nasi-merah-kacang-gude-daun-pepaya-segar-dan-matoa,"Nasi Merah, Kacang Gude, Daun Pepaya Segar, dan Matoa","Nasi Merah, Kacang Gude, Daun Pepaya Segar, dan Matoa, komposisi unik Batch 10 dengan porsi berbasis TKPI.",dinner,525.0,"1 porsi (525 g)",approved,0,"Tabel Komposisi Pangan Indonesia 2017",tkpi-weighted-v1,"Kandidat Batch 10. Makro, natrium, nama, dan komposisi diperiksa sebelum approval.",2026-07-28T13:50:20.869Z,2026-07-28T13:50:25.644Z,10
batch-10-047,batch-10-nasi-mujahir-goreng-daun-selasih-segar-dan-matoa,"Nasi, Mujahir Goreng, Daun Selasih Segar, dan Matoa","Nasi, Mujahir Goreng, Daun Selasih Segar, dan Matoa, komposisi unik Batch 10 dengan porsi berbasis TKPI.",dinner,480.0,"1 porsi (480 g)",approved,0,"Tabel Komposisi Pangan Indonesia 2017",tkpi-weighted-v1,"Kandidat Batch 10. Makro, natrium, nama, dan komposisi diperiksa sebelum approval.",2026-07-28T13:50:20.869Z,2026-07-28T13:50:25.644Z,10
batch-10-048,batch-10-nasi-merah-bebek-goreng-daun-semanggi-segar-dan-matoa,"Nasi Merah, Bebek Goreng, Daun Semanggi Segar, dan Matoa","Nasi Merah, Bebek Goreng, Daun Semanggi Segar, dan Matoa, komposisi unik Batch 10 dengan porsi berbasis TKPI.",dinner,495.0,"1 porsi (495 g)",approved,0,"Tabel Komposisi Pangan Indonesia 2017",tkpi-weighted-v1,"Kandidat Batch 10. Makro, natrium, nama, dan komposisi diperiksa sebelum approval.",2026-07-28T13:50:20.869Z,2026-07-28T13:50:25.644Z,10
batch-10-049,batch-10-nasi-ikan-lais-daun-singkong-segar-dan-matoa,"Nasi, Ikan Lais, Daun Singkong Segar, dan Matoa","Nasi, Ikan Lais, Daun Singkong Segar, dan Matoa, komposisi unik Batch 10 dengan porsi berbasis TKPI.",dinner,515.0,"1 porsi (515 g)",approved,0,"Tabel Komposisi Pangan Indonesia 2017",tkpi-weighted-v1,"Kandidat Batch 10. Makro, natrium, nama, dan komposisi diperiksa sebelum approval.",2026-07-28T13:50:20.869Z,2026-07-28T13:50:25.644Z,10
batch-10-050,batch-10-nasi-merah-kedelai-rebus-daun-sintrong-segar-dan-matoa,"Nasi Merah, Kedelai Rebus, Daun Sintrong Segar, dan Matoa","Nasi Merah, Kedelai Rebus, Daun Sintrong Segar, dan Matoa, komposisi unik Batch 10 dengan porsi berbasis TKPI.",dinner,505.0,"1 porsi (505 g)",approved,0,"Tabel Komposisi Pangan Indonesia 2017",tkpi-weighted-v1,"Kandidat Batch 10. Makro, natrium, nama, dan komposisi diperiksa sebelum approval.",2026-07-28T13:50:20.870Z,2026-07-28T13:50:25.644Z,10
batch-10-051,batch-10-nasi-kacang-belimbing-daun-pakis-longgiho-segar-dan-matoa,"Nasi, Kacang Belimbing, Daun Pakis Longgiho Segar, dan Matoa","Nasi, Kacang Belimbing, Daun Pakis Longgiho Segar, dan Matoa, komposisi unik Batch 10 dengan porsi berbasis TKPI.",dinner,505.0,"1 porsi (505 g)",approved,0,"Tabel Komposisi Pangan Indonesia 2017",tkpi-weighted-v1,"Kandidat Batch 10. Makro, natrium, nama, dan komposisi diperiksa sebelum approval.",2026-07-28T13:50:20.870Z,2026-07-28T13:50:25.644Z,10
batch-10-052,batch-10-yoghurt-dan-mangga-indramayu,"Yoghurt dan Mangga Indramayu","Yoghurt dan Mangga Indramayu, komposisi unik Batch 10 dengan porsi berbasis TKPI.",snack,250.0,"1 porsi (250 g)",approved,0,"Tabel Komposisi Pangan Indonesia 2017",tkpi-weighted-v1,"Kandidat Batch 10. Makro, natrium, nama, dan komposisi diperiksa sebelum approval.",2026-07-28T13:50:20.870Z,2026-07-28T13:50:25.645Z,10
batch-10-053,batch-10-yoghurt-dan-matoa,"Yoghurt dan Matoa","Yoghurt dan Matoa, komposisi unik Batch 10 dengan porsi berbasis TKPI.",snack,250.0,"1 porsi (250 g)",approved,0,"Tabel Komposisi Pangan Indonesia 2017",tkpi-weighted-v1,"Kandidat Batch 10. Makro, natrium, nama, dan komposisi diperiksa sebelum approval.",2026-07-28T13:50:20.870Z,2026-07-28T13:50:25.645Z,10
batch-10-054,batch-10-ubi-ungu-dan-pisang-gapi,"Ubi Ungu dan Pisang Gapi","Ubi Ungu dan Pisang Gapi, komposisi unik Batch 10 dengan porsi berbasis TKPI.",snack,200.0,"1 porsi (200 g)",approved,0,"Tabel Komposisi Pangan Indonesia 2017",tkpi-weighted-v1,"Kandidat Batch 10. Makro, natrium, nama, dan komposisi diperiksa sebelum approval.",2026-07-28T13:50:20.870Z,2026-07-28T13:50:25.645Z,10
batch-10-055,batch-10-talas-bogor-dan-pisang-ayam,"Talas Bogor dan Pisang Ayam","Talas Bogor dan Pisang Ayam, komposisi unik Batch 10 dengan porsi berbasis TKPI.",snack,200.0,"1 porsi (200 g)",approved,0,"Tabel Komposisi Pangan Indonesia 2017",tkpi-weighted-v1,"Kandidat Batch 10. Makro, natrium, nama, dan komposisi diperiksa sebelum approval.",2026-07-28T13:50:20.870Z,2026-07-28T13:50:25.645Z,10
batch-10-056,batch-10-kacang-merah-dan-pisang-angleng,"Kacang Merah dan Pisang Angleng","Kacang Merah dan Pisang Angleng, komposisi unik Batch 10 dengan porsi berbasis TKPI.",snack,170.0,"1 porsi (170 g)",approved,0,"Tabel Komposisi Pangan Indonesia 2017",tkpi-weighted-v1,"Kandidat Batch 10. Makro, natrium, nama, dan komposisi diperiksa sebelum approval.",2026-07-28T13:50:20.870Z,2026-07-28T13:50:25.645Z,10
batch-10-057,batch-10-kacang-merah-segar-dan-mangga-muda,"Kacang Merah Segar dan Mangga Muda","Kacang Merah Segar dan Mangga Muda, komposisi unik Batch 10 dengan porsi berbasis TKPI.",snack,160.0,"1 porsi (160 g)",approved,0,"Tabel Komposisi Pangan Indonesia 2017",tkpi-weighted-v1,"Kandidat Batch 10. Makro, natrium, nama, dan komposisi diperiksa sebelum approval.",2026-07-28T13:50:20.870Z,2026-07-28T13:50:25.645Z,10
batch-10-058,batch-10-jagung-rebus-dan-nanas-segar,"Jagung Rebus dan Nanas Segar","Jagung Rebus dan Nanas Segar, komposisi unik Batch 10 dengan porsi berbasis TKPI.",snack,200.0,"1 porsi (200 g)",approved,0,"Tabel Komposisi Pangan Indonesia 2017",tkpi-weighted-v1,"Kandidat Batch 10. Makro, natrium, nama, dan komposisi diperiksa sebelum approval.",2026-07-28T13:50:20.871Z,2026-07-28T13:50:25.645Z,10
batch-10-059,batch-10-ubi-kukus-dan-mangga-indramayu,"Ubi Kukus dan Mangga Indramayu","Ubi Kukus dan Mangga Indramayu, komposisi unik Batch 10 dengan porsi berbasis TKPI.",snack,230.0,"1 porsi (230 g)",approved,0,"Tabel Komposisi Pangan Indonesia 2017",tkpi-weighted-v1,"Kandidat Batch 10. Makro, natrium, nama, dan komposisi diperiksa sebelum approval.",2026-07-28T13:50:20.871Z,2026-07-28T13:50:25.645Z,10
batch-10-060,batch-10-tahu-dan-matoa,"Tahu dan Matoa","Tahu dan Matoa, komposisi unik Batch 10 dengan porsi berbasis TKPI.",snack,180.0,"1 porsi (180 g)",approved,0,"Tabel Komposisi Pangan Indonesia 2017",tkpi-weighted-v1,"Kandidat Batch 10. Makro, natrium, nama, dan komposisi diperiksa sebelum approval.",2026-07-28T13:50:20.871Z,2026-07-28T13:50:25.645Z,10
batch-11-001,batch-11-talas-belitung-kacang-merah-dan-pisang-mas-bali-kopang,"Talas Belitung, Kacang Merah, dan Pisang Mas Bali Kopang","Talas Belitung, Kacang Merah, dan Pisang Mas Bali Kopang, komposisi unik Batch 11 dengan porsi berbasis TKPI.",breakfast,330.0,"1 porsi (330 g)",approved,0,"Tabel Komposisi Pangan Indonesia 2017",tkpi-weighted-v1,"Kandidat Batch 11. Makro, natrium, nama, dan komposisi diperiksa sebelum approval.",2026-07-28T13:58:33.838Z,2026-07-28T13:58:37.639Z,11
batch-11-002,batch-11-ubi-gadung-kacang-merah-segar-dan-pisang-raja-sereh,"Ubi Gadung, Kacang Merah Segar, dan Pisang Raja Sereh","Ubi Gadung, Kacang Merah Segar, dan Pisang Raja Sereh, komposisi unik Batch 11 dengan porsi berbasis TKPI.",breakfast,330.0,"1 porsi (330 g)",approved,0,"Tabel Komposisi Pangan Indonesia 2017",tkpi-weighted-v1,"Kandidat Batch 11. Makro, natrium, nama, dan komposisi diperiksa sebelum approval.",2026-07-28T13:58:33.839Z,2026-07-28T13:58:37.639Z,11
batch-11-003,batch-11-suweg-kukus-kacang-tolo-dan-rambutan-binjai,"Suweg Kukus, Kacang Tolo, dan Rambutan Binjai","Suweg Kukus, Kacang Tolo, dan Rambutan Binjai, komposisi unik Batch 11 dengan porsi berbasis TKPI.",breakfast,330.0,"1 porsi (330 g)",approved,0,"Tabel Komposisi Pangan Indonesia 2017",tkpi-weighted-v1,"Kandidat Batch 11. Makro, natrium, nama, dan komposisi diperiksa sebelum approval.",2026-07-28T13:58:33.839Z,2026-07-28T13:58:37.639Z,11
batch-11-004,batch-11-talas-bogor-tahu-dan-salak-medan,"Talas Bogor, Tahu, dan Salak Medan","Talas Bogor, Tahu, dan Salak Medan, komposisi unik Batch 11 dengan porsi berbasis TKPI.",breakfast,330.0,"1 porsi (330 g)",approved,0,"Tabel Komposisi Pangan Indonesia 2017",tkpi-weighted-v1,"Kandidat Batch 11. Makro, natrium, nama, dan komposisi diperiksa sebelum approval.",2026-07-28T13:58:33.840Z,2026-07-28T13:58:37.639Z,11
batch-11-005,batch-11-ubi-kuning-kacang-gude-dan-sawo-duren,"Ubi Kuning, Kacang Gude, dan Sawo Duren","Ubi Kuning, Kacang Gude, dan Sawo Duren, komposisi unik Batch 11 dengan porsi berbasis TKPI.",breakfast,330.0,"1 porsi (330 g)",approved,0,"Tabel Komposisi Pangan Indonesia 2017",tkpi-weighted-v1,"Kandidat Batch 11. Makro, natrium, nama, dan komposisi diperiksa sebelum approval.",2026-07-28T13:58:33.840Z,2026-07-28T13:58:37.639Z,11
batch-11-006,batch-11-ubi-ungu-yoghurt-dan-rambutan,"Ubi Ungu, Yoghurt, dan Rambutan","Ubi Ungu, Yoghurt, dan Rambutan, komposisi unik Batch 11 dengan porsi berbasis TKPI.",breakfast,370.0,"1 porsi (370 g)",approved,0,"Tabel Komposisi Pangan Indonesia 2017",tkpi-weighted-v1,"Kandidat Batch 11. Makro, natrium, nama, dan komposisi diperiksa sebelum approval.",2026-07-28T13:58:33.840Z,2026-07-28T13:58:37.639Z,11
batch-11-007,batch-11-singkong-kukus-kacang-tolo-dan-sirsak,"Singkong Kukus, Kacang Tolo, dan Sirsak","Singkong Kukus, Kacang Tolo, dan Sirsak, komposisi unik Batch 11 dengan porsi berbasis TKPI.",breakfast,330.0,"1 porsi (330 g)",approved,0,"Tabel Komposisi Pangan Indonesia 2017",tkpi-weighted-v1,"Kandidat Batch 11. Makro, natrium, nama, dan komposisi diperiksa sebelum approval.",2026-07-28T13:58:33.841Z,2026-07-28T13:58:37.639Z,11
batch-11-008,batch-11-jagung-rebus-kacang-merah-dan-pisang-mas-bali-kopang,"Jagung Rebus, Kacang Merah, dan Pisang Mas Bali Kopang","Jagung Rebus, Kacang Merah, dan Pisang Mas Bali Kopang, komposisi unik Batch 11 dengan porsi berbasis TKPI.",breakfast,300.0,"1 porsi (300 g)",approved,0,"Tabel Komposisi Pangan Indonesia 2017",tkpi-weighted-v1,"Kandidat Batch 11. Makro, natrium, nama, dan komposisi diperiksa sebelum approval.",2026-07-28T13:58:33.841Z,2026-07-28T13:58:37.639Z,11
batch-11-009,batch-11-jagung-pipil-kacang-merah-segar-dan-pisang-raja-sereh,"Jagung Pipil, Kacang Merah Segar, dan Pisang Raja Sereh","Jagung Pipil, Kacang Merah Segar, dan Pisang Raja Sereh, komposisi unik Batch 11 dengan porsi berbasis TKPI.",breakfast,300.0,"1 porsi (300 g)",approved,0,"Tabel Komposisi Pangan Indonesia 2017",tkpi-weighted-v1,"Kandidat Batch 11. Makro, natrium, nama, dan komposisi diperiksa sebelum approval.",2026-07-28T13:58:33.842Z,2026-07-28T13:58:37.639Z,11
batch-11-010,batch-11-roti-susu-skim-dan-rambutan-binjai,"Roti, Susu Skim, dan Rambutan Binjai","Roti, Susu Skim, dan Rambutan Binjai, komposisi unik Batch 11 dengan porsi berbasis TKPI.",breakfast,360.0,"1 porsi (360 g)",approved,0,"Tabel Komposisi Pangan Indonesia 2017",tkpi-weighted-v1,"Kandidat Batch 11. Makro, natrium, nama, dan komposisi diperiksa sebelum approval.",2026-07-28T13:58:33.842Z,2026-07-28T13:58:37.639Z,11
batch-11-011,batch-11-ubi-kukus-kacang-gude-dan-salak-medan,"Ubi Kukus, Kacang Gude, dan Salak Medan","Ubi Kukus, Kacang Gude, dan Salak Medan, komposisi unik Batch 11 dengan porsi berbasis TKPI.",breakfast,330.0,"1 porsi (330 g)",approved,0,"Tabel Komposisi Pangan Indonesia 2017",tkpi-weighted-v1,"Kandidat Batch 11. Makro, natrium, nama, dan komposisi diperiksa sebelum approval.",2026-07-28T13:58:33.842Z,2026-07-28T13:58:37.639Z,11
batch-11-012,batch-11-ubi-rebus-tahu-dan-sawo-duren,"Ubi Rebus, Tahu, dan Sawo Duren","Ubi Rebus, Tahu, dan Sawo Duren, komposisi unik Batch 11 dengan porsi berbasis TKPI.",breakfast,300.0,"1 porsi (300 g)",approved,0,"Tabel Komposisi Pangan Indonesia 2017",tkpi-weighted-v1,"Kandidat Batch 11. Makro, natrium, nama, dan komposisi diperiksa sebelum approval.",2026-07-28T13:58:33.843Z,2026-07-28T13:58:37.639Z,11
batch-11-013,batch-11-talas-belitung-yoghurt-dan-rambutan,"Talas Belitung, Yoghurt, dan Rambutan","Talas Belitung, Yoghurt, dan Rambutan, komposisi unik Batch 11 dengan porsi berbasis TKPI.",breakfast,400.0,"1 porsi (400 g)",approved,0,"Tabel Komposisi Pangan Indonesia 2017",tkpi-weighted-v1,"Kandidat Batch 11. Makro, natrium, nama, dan komposisi diperiksa sebelum approval.",2026-07-28T13:58:33.843Z,2026-07-28T13:58:37.639Z,11
batch-11-014,batch-11-suweg-kukus-kacang-merah-dan-sirsak,"Suweg Kukus, Kacang Merah, dan Sirsak","Suweg Kukus, Kacang Merah, dan Sirsak, komposisi unik Batch 11 dengan porsi berbasis TKPI.",breakfast,330.0,"1 porsi (330 g)",approved,0,"Tabel Komposisi Pangan Indonesia 2017",tkpi-weighted-v1,"Kandidat Batch 11. Makro, natrium, nama, dan komposisi diperiksa sebelum approval.",2026-07-28T13:58:33.843Z,2026-07-28T13:58:37.639Z,11
batch-11-015,batch-11-ubi-gadung-kacang-tolo-dan-pisang-mas-bali-kopang,"Ubi Gadung, Kacang Tolo, dan Pisang Mas Bali Kopang","Ubi Gadung, Kacang Tolo, dan Pisang Mas Bali Kopang, komposisi unik Batch 11 dengan porsi berbasis TKPI.",breakfast,330.0,"1 porsi (330 g)",approved,0,"Tabel Komposisi Pangan Indonesia 2017",tkpi-weighted-v1,"Kandidat Batch 11. Makro, natrium, nama, dan komposisi diperiksa sebelum approval.",2026-07-28T13:58:33.843Z,2026-07-28T13:58:37.639Z,11
batch-11-016,batch-11-nasi-ayam-kalasan-daun-talas-segar-dan-rambutan,"Nasi, Ayam Kalasan, Daun Talas Segar, dan Rambutan","Nasi, Ayam Kalasan, Daun Talas Segar, dan Rambutan, komposisi unik Batch 11 dengan porsi berbasis TKPI.",lunch,500.0,"1 porsi (500 g)",approved,0,"Tabel Komposisi Pangan Indonesia 2017",tkpi-weighted-v1,"Kandidat Batch 11. Makro, natrium, nama, dan komposisi diperiksa sebelum approval.",2026-07-28T13:58:33.843Z,2026-07-28T13:58:37.639Z,11
batch-11-017,batch-11-nasi-merah-pepes-mujahir-daun-tespong-segar-dan-rambutan,"Nasi Merah, Pepes Mujahir, Daun Tespong Segar, dan Rambutan","Nasi Merah, Pepes Mujahir, Daun Tespong Segar, dan Rambutan, komposisi unik Batch 11 dengan porsi berbasis TKPI.",lunch,510.0,"1 porsi (510 g)",approved,0,"Tabel Komposisi Pangan Indonesia 2017",tkpi-weighted-v1,"Kandidat Batch 11. Makro, natrium, nama, dan komposisi diperiksa sebelum approval.",2026-07-28T13:58:33.843Z,2026-07-28T13:58:37.640Z,11
batch-11-018,batch-11-nasi-ikan-baung-daun-ubi-kuning-segar-dan-rambutan,"Nasi, Ikan Baung, Daun Ubi Kuning Segar, dan Rambutan","Nasi, Ikan Baung, Daun Ubi Kuning Segar, dan Rambutan, komposisi unik Batch 11 dengan porsi berbasis TKPI.",lunch,510.0,"1 porsi (510 g)",approved,0,"Tabel Komposisi Pangan Indonesia 2017",tkpi-weighted-v1,"Kandidat Batch 11. Makro, natrium, nama, dan komposisi diperiksa sebelum approval.",2026-07-28T13:58:33.843Z,2026-07-28T13:58:37.640Z,11
batch-11-019,batch-11-nasi-merah-pepes-ikan-mas-daun-ubi-merah-segar-dan-rambutan,"Nasi Merah, Pepes Ikan Mas, Daun Ubi Merah Segar, dan Rambutan","Nasi Merah, Pepes Ikan Mas, Daun Ubi Merah Segar, dan Rambutan, komposisi unik Batch 11 dengan porsi berbasis TKPI.",lunch,500.0,"1 porsi (500 g)",approved,0,"Tabel Komposisi Pangan Indonesia 2017",tkpi-weighted-v1,"Kandidat Batch 11. Makro, natrium, nama, dan komposisi diperiksa sebelum approval.",2026-07-28T13:58:33.843Z,2026-07-28T13:58:37.640Z,11
batch-11-020,batch-11-nasi-ikan-papuyu-daun-ubi-putih-segar-dan-rambutan,"Nasi, Ikan Papuyu, Daun Ubi Putih Segar, dan Rambutan","Nasi, Ikan Papuyu, Daun Ubi Putih Segar, dan Rambutan, komposisi unik Batch 11 dengan porsi berbasis TKPI.",lunch,510.0,"1 porsi (510 g)",approved,0,"Tabel Komposisi Pangan Indonesia 2017",tkpi-weighted-v1,"Kandidat Batch 11. Makro, natrium, nama, dan komposisi diperiksa sebelum approval.",2026-07-28T13:58:33.843Z,2026-07-28T13:58:37.640Z,11
batch-11-021,batch-11-nasi-merah-ikan-patin-daun-ubi-tinta-segar-dan-rambutan,"Nasi Merah, Ikan Patin, Daun Ubi Tinta Segar, dan Rambutan","Nasi Merah, Ikan Patin, Daun Ubi Tinta Segar, dan Rambutan, komposisi unik Batch 11 dengan porsi berbasis TKPI.",lunch,510.0,"1 porsi (510 g)",approved,0,"Tabel Komposisi Pangan Indonesia 2017",tkpi-weighted-v1,"Kandidat Batch 11. Makro, natrium, nama, dan komposisi diperiksa sebelum approval.",2026-07-28T13:58:33.843Z,2026-07-28T13:58:37.640Z,11
batch-11-022,batch-11-nasi-cumi-eceng-segar-dan-rambutan,"Nasi, Cumi, Eceng Segar, dan Rambutan","Nasi, Cumi, Eceng Segar, dan Rambutan, komposisi unik Batch 11 dengan porsi berbasis TKPI.",lunch,500.0,"1 porsi (500 g)",approved,0,"Tabel Komposisi Pangan Indonesia 2017",tkpi-weighted-v1,"Kandidat Batch 11. Makro, natrium, nama, dan komposisi diperiksa sebelum approval.",2026-07-28T13:58:33.844Z,2026-07-28T13:58:37.640Z,11
batch-11-023,batch-11-nasi-merah-tahu-genjer-segar-dan-rambutan,"Nasi Merah, Tahu, Genjer Segar, dan Rambutan","Nasi Merah, Tahu, Genjer Segar, dan Rambutan, komposisi unik Batch 11 dengan porsi berbasis TKPI.",lunch,520.0,"1 porsi (520 g)",approved,0,"Tabel Komposisi Pangan Indonesia 2017",tkpi-weighted-v1,"Kandidat Batch 11. Makro, natrium, nama, dan komposisi diperiksa sebelum approval.",2026-07-28T13:58:33.844Z,2026-07-28T13:58:37.640Z,11
batch-11-024,batch-11-nasi-tempe-jamur-kuping-segar-dan-rambutan,"Nasi, Tempe, Jamur Kuping Segar, dan Rambutan","Nasi, Tempe, Jamur Kuping Segar, dan Rambutan, komposisi unik Batch 11 dengan porsi berbasis TKPI.",lunch,480.0,"1 porsi (480 g)",approved,0,"Tabel Komposisi Pangan Indonesia 2017",tkpi-weighted-v1,"Kandidat Batch 11. Makro, natrium, nama, dan komposisi diperiksa sebelum approval.",2026-07-28T13:58:33.844Z,2026-07-28T13:58:37.640Z,11
batch-11-025,batch-11-nasi-merah-kacang-merah-daun-talas-segar-dan-rambutan,"Nasi Merah, Kacang Merah, Daun Talas Segar, dan Rambutan","Nasi Merah, Kacang Merah, Daun Talas Segar, dan Rambutan, komposisi unik Batch 11 dengan porsi berbasis TKPI.",lunch,520.0,"1 porsi (520 g)",approved,0,"Tabel Komposisi Pangan Indonesia 2017",tkpi-weighted-v1,"Kandidat Batch 11. Makro, natrium, nama, dan komposisi diperiksa sebelum approval.",2026-07-28T13:58:33.844Z,2026-07-28T13:58:37.640Z,11
batch-11-026,batch-11-nasi-kacang-merah-segar-daun-tespong-segar-dan-rambutan,"Nasi, Kacang Merah Segar, Daun Tespong Segar, dan Rambutan","Nasi, Kacang Merah Segar, Daun Tespong Segar, dan Rambutan, komposisi unik Batch 11 dengan porsi berbasis TKPI.",lunch,520.0,"1 porsi (520 g)",approved,0,"Tabel Komposisi Pangan Indonesia 2017",tkpi-weighted-v1,"Kandidat Batch 11. Makro, natrium, nama, dan komposisi diperiksa sebelum approval.",2026-07-28T13:58:33.844Z,2026-07-28T13:58:37.640Z,11
batch-11-027,batch-11-nasi-merah-kacang-tolo-daun-ubi-kuning-segar-dan-rambutan,"Nasi Merah, Kacang Tolo, Daun Ubi Kuning Segar, dan Rambutan","Nasi Merah, Kacang Tolo, Daun Ubi Kuning Segar, dan Rambutan, komposisi unik Batch 11 dengan porsi berbasis TKPI.",lunch,520.0,"1 porsi (520 g)",approved,0,"Tabel Komposisi Pangan Indonesia 2017",tkpi-weighted-v1,"Kandidat Batch 11. Makro, natrium, nama, dan komposisi diperiksa sebelum approval.",2026-07-28T13:58:33.844Z,2026-07-28T13:58:37.640Z,11
batch-11-028,batch-11-nasi-kacang-gude-daun-ubi-merah-segar-dan-rambutan,"Nasi, Kacang Gude, Daun Ubi Merah Segar, dan Rambutan","Nasi, Kacang Gude, Daun Ubi Merah Segar, dan Rambutan, komposisi unik Batch 11 dengan porsi berbasis TKPI.",lunch,520.0,"1 porsi (520 g)",approved,0,"Tabel Komposisi Pangan Indonesia 2017",tkpi-weighted-v1,"Kandidat Batch 11. Makro, natrium, nama, dan komposisi diperiksa sebelum approval.",2026-07-28T13:58:33.844Z,2026-07-28T13:58:37.640Z,11
batch-11-029,batch-11-nasi-merah-mujahir-goreng-daun-ubi-putih-segar-dan-rambutan,"Nasi Merah, Mujahir Goreng, Daun Ubi Putih Segar, dan Rambutan","Nasi Merah, Mujahir Goreng, Daun Ubi Putih Segar, dan Rambutan, komposisi unik Batch 11 dengan porsi berbasis TKPI.",lunch,470.0,"1 porsi (470 g)",approved,0,"Tabel Komposisi Pangan Indonesia 2017",tkpi-weighted-v1,"Kandidat Batch 11. Makro, natrium, nama, dan komposisi diperiksa sebelum approval.",2026-07-28T13:58:33.845Z,2026-07-28T13:58:37.640Z,11
batch-11-030,batch-11-nasi-bebek-goreng-daun-ubi-tinta-segar-dan-rambutan,"Nasi, Bebek Goreng, Daun Ubi Tinta Segar, dan Rambutan","Nasi, Bebek Goreng, Daun Ubi Tinta Segar, dan Rambutan, komposisi unik Batch 11 dengan porsi berbasis TKPI.",lunch,490.0,"1 porsi (490 g)",approved,0,"Tabel Komposisi Pangan Indonesia 2017",tkpi-weighted-v1,"Kandidat Batch 11. Makro, natrium, nama, dan komposisi diperiksa sebelum approval.",2026-07-28T13:58:33.845Z,2026-07-28T13:58:37.640Z,11
batch-11-031,batch-11-nasi-merah-ikan-lais-eceng-segar-dan-rambutan,"Nasi Merah, Ikan Lais, Eceng Segar, dan Rambutan","Nasi Merah, Ikan Lais, Eceng Segar, dan Rambutan, komposisi unik Batch 11 dengan porsi berbasis TKPI.",lunch,510.0,"1 porsi (510 g)",approved,0,"Tabel Komposisi Pangan Indonesia 2017",tkpi-weighted-v1,"Kandidat Batch 11. Makro, natrium, nama, dan komposisi diperiksa sebelum approval.",2026-07-28T13:58:33.845Z,2026-07-28T13:58:37.640Z,11
batch-11-032,batch-11-nasi-kedelai-rebus-genjer-segar-dan-rambutan,"Nasi, Kedelai Rebus, Genjer Segar, dan Rambutan","Nasi, Kedelai Rebus, Genjer Segar, dan Rambutan, komposisi unik Batch 11 dengan porsi berbasis TKPI.",lunch,500.0,"1 porsi (500 g)",approved,0,"Tabel Komposisi Pangan Indonesia 2017",tkpi-weighted-v1,"Kandidat Batch 11. Makro, natrium, nama, dan komposisi diperiksa sebelum approval.",2026-07-28T13:58:33.845Z,2026-07-28T13:58:37.640Z,11
batch-11-033,batch-11-nasi-merah-kacang-belimbing-jamur-kuping-segar-dan-rambutan,"Nasi Merah, Kacang Belimbing, Jamur Kuping Segar, dan Rambutan","Nasi Merah, Kacang Belimbing, Jamur Kuping Segar, dan Rambutan, komposisi unik Batch 11 dengan porsi berbasis TKPI.",lunch,500.0,"1 porsi (500 g)",approved,0,"Tabel Komposisi Pangan Indonesia 2017",tkpi-weighted-v1,"Kandidat Batch 11. Makro, natrium, nama, dan komposisi diperiksa sebelum approval.",2026-07-28T13:58:33.845Z,2026-07-28T13:58:37.640Z,11
batch-11-034,batch-11-nasi-merah-ayam-kalasan-daun-tespong-segar-dan-sirsak,"Nasi Merah, Ayam Kalasan, Daun Tespong Segar, dan Sirsak","Nasi Merah, Ayam Kalasan, Daun Tespong Segar, dan Sirsak, komposisi unik Batch 11 dengan porsi berbasis TKPI.",dinner,505.0,"1 porsi (505 g)",approved,0,"Tabel Komposisi Pangan Indonesia 2017",tkpi-weighted-v1,"Kandidat Batch 11. Makro, natrium, nama, dan komposisi diperiksa sebelum approval.",2026-07-28T13:58:33.845Z,2026-07-28T13:58:37.640Z,11
batch-11-035,batch-11-nasi-pepes-mujahir-daun-ubi-kuning-segar-dan-sirsak,"Nasi, Pepes Mujahir, Daun Ubi Kuning Segar, dan Sirsak","Nasi, Pepes Mujahir, Daun Ubi Kuning Segar, dan Sirsak, komposisi unik Batch 11 dengan porsi berbasis TKPI.",dinner,515.0,"1 porsi (515 g)",approved,0,"Tabel Komposisi Pangan Indonesia 2017",tkpi-weighted-v1,"Kandidat Batch 11. Makro, natrium, nama, dan komposisi diperiksa sebelum approval.",2026-07-28T13:58:33.845Z,2026-07-28T13:58:37.640Z,11
batch-11-036,batch-11-nasi-merah-ikan-baung-daun-ubi-merah-segar-dan-sirsak,"Nasi Merah, Ikan Baung, Daun Ubi Merah Segar, dan Sirsak","Nasi Merah, Ikan Baung, Daun Ubi Merah Segar, dan Sirsak, komposisi unik Batch 11 dengan porsi berbasis TKPI.",dinner,515.0,"1 porsi (515 g)",approved,0,"Tabel Komposisi Pangan Indonesia 2017",tkpi-weighted-v1,"Kandidat Batch 11. Makro, natrium, nama, dan komposisi diperiksa sebelum approval.",2026-07-28T13:58:33.845Z,2026-07-28T13:58:37.640Z,11
batch-11-037,batch-11-nasi-pepes-ikan-mas-daun-ubi-putih-segar-dan-sirsak,"Nasi, Pepes Ikan Mas, Daun Ubi Putih Segar, dan Sirsak","Nasi, Pepes Ikan Mas, Daun Ubi Putih Segar, dan Sirsak, komposisi unik Batch 11 dengan porsi berbasis TKPI.",dinner,505.0,"1 porsi (505 g)",approved,0,"Tabel Komposisi Pangan Indonesia 2017",tkpi-weighted-v1,"Kandidat Batch 11. Makro, natrium, nama, dan komposisi diperiksa sebelum approval.",2026-07-28T13:58:33.845Z,2026-07-28T13:58:37.640Z,11
batch-11-038,batch-11-nasi-merah-ikan-papuyu-daun-ubi-tinta-segar-dan-sirsak,"Nasi Merah, Ikan Papuyu, Daun Ubi Tinta Segar, dan Sirsak","Nasi Merah, Ikan Papuyu, Daun Ubi Tinta Segar, dan Sirsak, komposisi unik Batch 11 dengan porsi berbasis TKPI.",dinner,515.0,"1 porsi (515 g)",approved,0,"Tabel Komposisi Pangan Indonesia 2017",tkpi-weighted-v1,"Kandidat Batch 11. Makro, natrium, nama, dan komposisi diperiksa sebelum approval.",2026-07-28T13:58:33.845Z,2026-07-28T13:58:37.640Z,11
batch-11-039,batch-11-nasi-ikan-patin-eceng-segar-dan-sirsak,"Nasi, Ikan Patin, Eceng Segar, dan Sirsak","Nasi, Ikan Patin, Eceng Segar, dan Sirsak, komposisi unik Batch 11 dengan porsi berbasis TKPI.",dinner,515.0,"1 porsi (515 g)",approved,0,"Tabel Komposisi Pangan Indonesia 2017",tkpi-weighted-v1,"Kandidat Batch 11. Makro, natrium, nama, dan komposisi diperiksa sebelum approval.",2026-07-28T13:58:33.845Z,2026-07-28T13:58:37.640Z,11
batch-11-040,batch-11-nasi-merah-cumi-genjer-segar-dan-sirsak,"Nasi Merah, Cumi, Genjer Segar, dan Sirsak","Nasi Merah, Cumi, Genjer Segar, dan Sirsak, komposisi unik Batch 11 dengan porsi berbasis TKPI.",dinner,505.0,"1 porsi (505 g)",approved,0,"Tabel Komposisi Pangan Indonesia 2017",tkpi-weighted-v1,"Kandidat Batch 11. Makro, natrium, nama, dan komposisi diperiksa sebelum approval.",2026-07-28T13:58:33.845Z,2026-07-28T13:58:37.640Z,11
batch-11-041,batch-11-nasi-tahu-jamur-kuping-segar-dan-sirsak,"Nasi, Tahu, Jamur Kuping Segar, dan Sirsak","Nasi, Tahu, Jamur Kuping Segar, dan Sirsak, komposisi unik Batch 11 dengan porsi berbasis TKPI.",dinner,525.0,"1 porsi (525 g)",approved,0,"Tabel Komposisi Pangan Indonesia 2017",tkpi-weighted-v1,"Kandidat Batch 11. Makro, natrium, nama, dan komposisi diperiksa sebelum approval.",2026-07-28T13:58:33.846Z,2026-07-28T13:58:37.640Z,11
batch-11-042,batch-11-nasi-merah-tempe-daun-talas-segar-dan-sirsak,"Nasi Merah, Tempe, Daun Talas Segar, dan Sirsak","Nasi Merah, Tempe, Daun Talas Segar, dan Sirsak, komposisi unik Batch 11 dengan porsi berbasis TKPI.",dinner,485.0,"1 porsi (485 g)",approved,0,"Tabel Komposisi Pangan Indonesia 2017",tkpi-weighted-v1,"Kandidat Batch 11. Makro, natrium, nama, dan komposisi diperiksa sebelum approval.",2026-07-28T13:58:33.846Z,2026-07-28T13:58:37.640Z,11
batch-11-043,batch-11-nasi-kacang-merah-daun-tespong-segar-dan-sirsak,"Nasi, Kacang Merah, Daun Tespong Segar, dan Sirsak","Nasi, Kacang Merah, Daun Tespong Segar, dan Sirsak, komposisi unik Batch 11 dengan porsi berbasis TKPI.",dinner,525.0,"1 porsi (525 g)",approved,0,"Tabel Komposisi Pangan Indonesia 2017",tkpi-weighted-v1,"Kandidat Batch 11. Makro, natrium, nama, dan komposisi diperiksa sebelum approval.",2026-07-28T13:58:33.846Z,2026-07-28T13:58:37.641Z,11
batch-11-044,batch-11-nasi-merah-kacang-merah-segar-daun-ubi-kuning-segar-dan-sirsak,"Nasi Merah, Kacang Merah Segar, Daun Ubi Kuning Segar, dan Sirsak","Nasi Merah, Kacang Merah Segar, Daun Ubi Kuning Segar, dan Sirsak, komposisi unik Batch 11 dengan porsi berbasis TKPI.",dinner,525.0,"1 porsi (525 g)",approved,0,"Tabel Komposisi Pangan Indonesia 2017",tkpi-weighted-v1,"Kandidat Batch 11. Makro, natrium, nama, dan komposisi diperiksa sebelum approval.",2026-07-28T13:58:33.846Z,2026-07-28T13:58:37.641Z,11
batch-11-045,batch-11-nasi-kacang-tolo-daun-ubi-merah-segar-dan-sirsak,"Nasi, Kacang Tolo, Daun Ubi Merah Segar, dan Sirsak","Nasi, Kacang Tolo, Daun Ubi Merah Segar, dan Sirsak, komposisi unik Batch 11 dengan porsi berbasis TKPI.",dinner,525.0,"1 porsi (525 g)",approved,0,"Tabel Komposisi Pangan Indonesia 2017",tkpi-weighted-v1,"Kandidat Batch 11. Makro, natrium, nama, dan komposisi diperiksa sebelum approval.",2026-07-28T13:58:33.846Z,2026-07-28T13:58:37.641Z,11
batch-11-046,batch-11-nasi-merah-kacang-gude-daun-ubi-putih-segar-dan-sirsak,"Nasi Merah, Kacang Gude, Daun Ubi Putih Segar, dan Sirsak","Nasi Merah, Kacang Gude, Daun Ubi Putih Segar, dan Sirsak, komposisi unik Batch 11 dengan porsi berbasis TKPI.",dinner,525.0,"1 porsi (525 g)",approved,0,"Tabel Komposisi Pangan Indonesia 2017",tkpi-weighted-v1,"Kandidat Batch 11. Makro, natrium, nama, dan komposisi diperiksa sebelum approval.",2026-07-28T13:58:33.846Z,2026-07-28T13:58:37.641Z,11
batch-11-047,batch-11-nasi-mujahir-goreng-daun-ubi-tinta-segar-dan-sirsak,"Nasi, Mujahir Goreng, Daun Ubi Tinta Segar, dan Sirsak","Nasi, Mujahir Goreng, Daun Ubi Tinta Segar, dan Sirsak, komposisi unik Batch 11 dengan porsi berbasis TKPI.",dinner,480.0,"1 porsi (480 g)",approved,0,"Tabel Komposisi Pangan Indonesia 2017",tkpi-weighted-v1,"Kandidat Batch 11. Makro, natrium, nama, dan komposisi diperiksa sebelum approval.",2026-07-28T13:58:33.846Z,2026-07-28T13:58:37.641Z,11
batch-11-048,batch-11-nasi-merah-bebek-goreng-eceng-segar-dan-sirsak,"Nasi Merah, Bebek Goreng, Eceng Segar, dan Sirsak","Nasi Merah, Bebek Goreng, Eceng Segar, dan Sirsak, komposisi unik Batch 11 dengan porsi berbasis TKPI.",dinner,495.0,"1 porsi (495 g)",approved,0,"Tabel Komposisi Pangan Indonesia 2017",tkpi-weighted-v1,"Kandidat Batch 11. Makro, natrium, nama, dan komposisi diperiksa sebelum approval.",2026-07-28T13:58:33.846Z,2026-07-28T13:58:37.641Z,11
batch-11-049,batch-11-nasi-ikan-lais-genjer-segar-dan-sirsak,"Nasi, Ikan Lais, Genjer Segar, dan Sirsak","Nasi, Ikan Lais, Genjer Segar, dan Sirsak, komposisi unik Batch 11 dengan porsi berbasis TKPI.",dinner,515.0,"1 porsi (515 g)",approved,0,"Tabel Komposisi Pangan Indonesia 2017",tkpi-weighted-v1,"Kandidat Batch 11. Makro, natrium, nama, dan komposisi diperiksa sebelum approval.",2026-07-28T13:58:33.847Z,2026-07-28T13:58:37.641Z,11
batch-11-050,batch-11-nasi-merah-kedelai-rebus-jamur-kuping-segar-dan-sirsak,"Nasi Merah, Kedelai Rebus, Jamur Kuping Segar, dan Sirsak","Nasi Merah, Kedelai Rebus, Jamur Kuping Segar, dan Sirsak, komposisi unik Batch 11 dengan porsi berbasis TKPI.",dinner,505.0,"1 porsi (505 g)",approved,0,"Tabel Komposisi Pangan Indonesia 2017",tkpi-weighted-v1,"Kandidat Batch 11. Makro, natrium, nama, dan komposisi diperiksa sebelum approval.",2026-07-28T13:58:33.847Z,2026-07-28T13:58:37.641Z,11
batch-11-051,batch-11-nasi-kacang-belimbing-daun-talas-segar-dan-sirsak,"Nasi, Kacang Belimbing, Daun Talas Segar, dan Sirsak","Nasi, Kacang Belimbing, Daun Talas Segar, dan Sirsak, komposisi unik Batch 11 dengan porsi berbasis TKPI.",dinner,505.0,"1 porsi (505 g)",approved,0,"Tabel Komposisi Pangan Indonesia 2017",tkpi-weighted-v1,"Kandidat Batch 11. Makro, natrium, nama, dan komposisi diperiksa sebelum approval.",2026-07-28T13:58:33.847Z,2026-07-28T13:58:37.641Z,11
batch-11-052,batch-11-yoghurt-dan-rambutan,"Yoghurt dan Rambutan","Yoghurt dan Rambutan, komposisi unik Batch 11 dengan porsi berbasis TKPI.",snack,250.0,"1 porsi (250 g)",approved,0,"Tabel Komposisi Pangan Indonesia 2017",tkpi-weighted-v1,"Kandidat Batch 11. Makro, natrium, nama, dan komposisi diperiksa sebelum approval.",2026-07-28T13:58:33.847Z,2026-07-28T13:58:37.641Z,11
batch-11-053,batch-11-yoghurt-dan-sirsak,"Yoghurt dan Sirsak","Yoghurt dan Sirsak, komposisi unik Batch 11 dengan porsi berbasis TKPI.",snack,250.0,"1 porsi (250 g)",approved,0,"Tabel Komposisi Pangan Indonesia 2017",tkpi-weighted-v1,"Kandidat Batch 11. Makro, natrium, nama, dan komposisi diperiksa sebelum approval.",2026-07-28T13:58:33.847Z,2026-07-28T13:58:37.641Z,11
batch-11-054,batch-11-ubi-ungu-dan-pisang-mas-bali-kopang,"Ubi Ungu dan Pisang Mas Bali Kopang","Ubi Ungu dan Pisang Mas Bali Kopang, komposisi unik Batch 11 dengan porsi berbasis TKPI.",snack,200.0,"1 porsi (200 g)",approved,0,"Tabel Komposisi Pangan Indonesia 2017",tkpi-weighted-v1,"Kandidat Batch 11. Makro, natrium, nama, dan komposisi diperiksa sebelum approval.",2026-07-28T13:58:33.847Z,2026-07-28T13:58:37.641Z,11
batch-11-055,batch-11-talas-bogor-dan-pisang-raja-sereh,"Talas Bogor dan Pisang Raja Sereh","Talas Bogor dan Pisang Raja Sereh, komposisi unik Batch 11 dengan porsi berbasis TKPI.",snack,200.0,"1 porsi (200 g)",approved,0,"Tabel Komposisi Pangan Indonesia 2017",tkpi-weighted-v1,"Kandidat Batch 11. Makro, natrium, nama, dan komposisi diperiksa sebelum approval.",2026-07-28T13:58:33.847Z,2026-07-28T13:58:37.641Z,11
batch-11-056,batch-11-kacang-merah-dan-rambutan-binjai,"Kacang Merah dan Rambutan Binjai","Kacang Merah dan Rambutan Binjai, komposisi unik Batch 11 dengan porsi berbasis TKPI.",snack,170.0,"1 porsi (170 g)",approved,0,"Tabel Komposisi Pangan Indonesia 2017",tkpi-weighted-v1,"Kandidat Batch 11. Makro, natrium, nama, dan komposisi diperiksa sebelum approval.",2026-07-28T13:58:33.847Z,2026-07-28T13:58:37.641Z,11
batch-11-057,batch-11-kacang-merah-segar-dan-salak-medan,"Kacang Merah Segar dan Salak Medan","Kacang Merah Segar dan Salak Medan, komposisi unik Batch 11 dengan porsi berbasis TKPI.",snack,160.0,"1 porsi (160 g)",approved,0,"Tabel Komposisi Pangan Indonesia 2017",tkpi-weighted-v1,"Kandidat Batch 11. Makro, natrium, nama, dan komposisi diperiksa sebelum approval.",2026-07-28T13:58:33.847Z,2026-07-28T13:58:37.641Z,11
batch-11-058,batch-11-jagung-rebus-dan-sawo-manila,"Jagung Rebus dan Sawo Manila","Jagung Rebus dan Sawo Manila, komposisi unik Batch 11 dengan porsi berbasis TKPI.",snack,200.0,"1 porsi (200 g)",approved,0,"Tabel Komposisi Pangan Indonesia 2017",tkpi-weighted-v1,"Kandidat Batch 11. Makro, natrium, nama, dan komposisi diperiksa sebelum approval.",2026-07-28T13:58:33.847Z,2026-07-28T13:58:37.641Z,11
batch-11-059,batch-11-ubi-kukus-dan-rambutan,"Ubi Kukus dan Rambutan","Ubi Kukus dan Rambutan, komposisi unik Batch 11 dengan porsi berbasis TKPI.",snack,230.0,"1 porsi (230 g)",approved,0,"Tabel Komposisi Pangan Indonesia 2017",tkpi-weighted-v1,"Kandidat Batch 11. Makro, natrium, nama, dan komposisi diperiksa sebelum approval.",2026-07-28T13:58:33.847Z,2026-07-28T13:58:37.641Z,11
batch-11-060,batch-11-tahu-dan-sirsak,"Tahu dan Sirsak","Tahu dan Sirsak, komposisi unik Batch 11 dengan porsi berbasis TKPI.",snack,180.0,"1 porsi (180 g)",approved,0,"Tabel Komposisi Pangan Indonesia 2017",tkpi-weighted-v1,"Kandidat Batch 11. Makro, natrium, nama, dan komposisi diperiksa sebelum approval.",2026-07-28T13:58:33.847Z,2026-07-28T13:58:37.641Z,11
pilot-003,ubi-kuning-yoghurt-dan-apel,"Ubi Kuning, Yoghurt, dan Apel","Ubi jalar kuning kukus dengan yoghurt dan apel segar.",breakfast,400.0,"1 porsi (400 g)",approved,1,"Tabel Komposisi Pangan Indonesia 2017",tkpi-weighted-v1,"Pilot teknis. Komponen olahan TKPI, ukuran porsi, dan asumsi alergen wajib diperiksa manual.",2026-07-28T08:53:57.583Z,2026-07-28T09:42:55.864Z,1
pilot-004,ubi-cilembu-kacang-merah-dan-melon,"Ubi Cilembu, Kacang Merah, dan Melon","Ubi Cilembu dengan kacang merah rebus dan melon segar.",breakfast,300.0,"1 porsi (300 g)",approved,1,"Tabel Komposisi Pangan Indonesia 2017",tkpi-weighted-v1,"Pilot teknis. Komponen olahan TKPI, ukuran porsi, dan asumsi alergen wajib diperiksa manual.",2026-07-28T08:53:57.584Z,2026-07-28T09:42:55.864Z,1
pilot-005,jagung-tahu-dan-jeruk,"Jagung, Tahu, dan Jeruk","Jagung rebus dengan tahu goreng dan jeruk manis.",breakfast,300.0,"1 porsi (300 g)",approved,1,"Tabel Komposisi Pangan Indonesia 2017",tkpi-weighted-v1,"Pilot teknis. Komponen olahan TKPI, ukuran porsi, dan asumsi alergen wajib diperiksa manual.",2026-07-28T08:53:57.584Z,2026-07-28T09:42:55.864Z,1
pilot-009,nasi-ayam-kalasan-bayam-dan-melon,"Nasi, Ayam Kalasan, Bayam, dan Melon","Nasi dengan ayam Kalasan, bayam kukus, dan melon.",lunch,500.0,"1 porsi (500 g)",approved,1,"Tabel Komposisi Pangan Indonesia 2017",tkpi-weighted-v1,"Pilot teknis. Komponen olahan TKPI, ukuran porsi, dan asumsi alergen wajib diperiksa manual.",2026-07-28T08:53:57.584Z,2026-07-28T09:42:55.865Z,1
pilot-010,nasi-merah-ikan-baung-buncis-dan-apel,"Nasi Merah, Ikan Baung, Buncis, dan Apel","Nasi merah dengan ikan baung, buncis rebus, dan apel.",lunch,510.0,"1 porsi (510 g)",approved,1,"Tabel Komposisi Pangan Indonesia 2017",tkpi-weighted-v1,"Pilot teknis. Komponen olahan TKPI, ukuran porsi, dan asumsi alergen wajib diperiksa manual.",2026-07-28T08:53:57.584Z,2026-07-28T09:42:55.865Z,1
pilot-012,nasi-merah-pepes-mujahir-wortel-dan-jeruk,"Nasi Merah, Pepes Mujahir, Wortel, dan Jeruk","Nasi merah dengan pepes mujair, wortel rebus, dan jeruk.",lunch,510.0,"1 porsi (510 g)",approved,1,"Tabel Komposisi Pangan Indonesia 2017",tkpi-weighted-v1,"Pilot teknis. Komponen olahan TKPI, ukuran porsi, dan asumsi alergen wajib diperiksa manual.",2026-07-28T08:53:57.584Z,2026-07-28T09:42:55.865Z,1
pilot-015,nasi-ayam-taliwang-daun-singkong-dan-nanas,"Nasi, Ayam Taliwang, Daun Singkong, dan Nanas","Nasi dengan ayam Taliwang, daun singkong rebus, dan nanas.",lunch,500.0,"1 porsi (500 g)",approved,1,"Tabel Komposisi Pangan Indonesia 2017",tkpi-weighted-v1,"Pilot teknis. Komponen olahan TKPI, ukuran porsi, dan asumsi alergen wajib diperiksa manual.",2026-07-28T08:53:57.584Z,2026-07-28T09:42:55.865Z,1
pilot-017,nasi-ikan-patin-kangkung-dan-nanas,"Nasi, Ikan Patin, Kangkung, dan Nanas","Nasi dengan ikan patin, kangkung rebus, dan nanas.",lunch,510.0,"1 porsi (510 g)",approved,1,"Tabel Komposisi Pangan Indonesia 2017",tkpi-weighted-v1,"Pilot teknis. Komponen olahan TKPI, ukuran porsi, dan asumsi alergen wajib diperiksa manual.",2026-07-28T08:53:57.584Z,2026-07-28T09:42:55.865Z,1
pilot-018,nasi-merah-ikan-papuyu-wortel-dan-melon,"Nasi Merah, Ikan Papuyu, Wortel, dan Melon","Nasi merah dengan ikan papuyu, wortel rebus, dan melon.",dinner,510.0,"1 porsi (510 g)",approved,1,"Tabel Komposisi Pangan Indonesia 2017",tkpi-weighted-v1,"Pilot teknis. Komponen olahan TKPI, ukuran porsi, dan asumsi alergen wajib diperiksa manual.",2026-07-28T08:53:57.584Z,2026-07-28T09:42:55.865Z,1
pilot-019,nasi-cumi-bayam-dan-jeruk,"Nasi, Cumi, Bayam, dan Jeruk","Nasi dengan cumi goreng, bayam kukus, dan jeruk.",dinner,500.0,"1 porsi (500 g)",approved,1,"Tabel Komposisi Pangan Indonesia 2017",tkpi-weighted-v1,"Pilot teknis. Komponen olahan TKPI, ukuran porsi, dan asumsi alergen wajib diperiksa manual.",2026-07-28T08:53:57.585Z,2026-07-28T09:42:55.865Z,1
pilot-021,nasi-merah-tahu-buncis-dan-jambu,"Nasi Merah, Tahu, Buncis, dan Jambu Biji","Nasi merah dengan tahu goreng, buncis rebus, dan jambu biji.",dinner,500.0,"1 porsi (500 g)",approved,1,"Tabel Komposisi Pangan Indonesia 2017",tkpi-weighted-v1,"Pilot teknis. Komponen olahan TKPI, ukuran porsi, dan asumsi alergen wajib diperiksa manual.",2026-07-28T08:53:57.585Z,2026-07-28T09:42:55.865Z,1
pilot-022,nasi-tempe-bayam-dan-melon,"Nasi, Tempe, Bayam, dan Melon","Nasi dengan tempe goreng, bayam kukus, dan melon.",dinner,490.0,"1 porsi (490 g)",approved,1,"Tabel Komposisi Pangan Indonesia 2017",tkpi-weighted-v1,"Pilot teknis. Komponen olahan TKPI, ukuran porsi, dan asumsi alergen wajib diperiksa manual.",2026-07-28T08:53:57.585Z,2026-07-28T09:42:55.865Z,1
pilot-024,pempek-telur-dan-melon,"Pempek Telur dan Melon","Porsi kecil pempek telur dengan melon segar.",snack,165.0,"1 porsi (165 g)",approved,1,"Tabel Komposisi Pangan Indonesia 2017",tkpi-weighted-v1,"Pilot teknis. Komponen olahan TKPI, ukuran porsi, dan asumsi alergen wajib diperiksa manual.",2026-07-28T08:53:57.585Z,2026-07-28T09:42:55.865Z,1
pilot-025,jagung-yoghurt-dan-apel,"Jagung, Yoghurt, dan Apel","Jagung rebus dengan yoghurt dan apel segar.",snack,300.0,"1 porsi (300 g)",approved,1,"Tabel Komposisi Pangan Indonesia 2017",tkpi-weighted-v1,"Pilot teknis. Komponen olahan TKPI, ukuran porsi, dan asumsi alergen wajib diperiksa manual.",2026-07-28T08:53:57.585Z,2026-07-28T09:42:55.865Z,1
